,0f259232e21f0c2fee6ad8d1d8f1027a,9274b3c3b5944720ff3a39acd9cf88fd,255b57e780bd487c9f2c9d8a6d98122e,81a7fd8b494dcdbef06baf399f2f6ab3,3679c0945f1a70a259b655406fc39172,456a12b90d15a721ad799e16006c6684,05b2f1f50c1ce311f0dbd14eee459bff,85e40ab41dbb322d6265279032519a63,fb99ada28bdcb8a828a19ba2293b5607,ec5c0d5f42ed96fb66f585f2072f51c8,5a238bc5400490331b6b4c08ea0fe0ab,f3b0f9ecd412b62d07cc9a0c8e80470c,f7e1531894d4de8cc0d90bc6c9ba8991,942619b5db45e2e562e61d92119ff838,94e09ab4773fbc3b2b67c2f34281220a,f0e3dfc632173c07417737b09c0ef573,05c65dfa276e4011e911260f8118f6c9,795c21f080ec8025792ef4d0dbbd8b71,af3df9ccd4174c841a11369f668d7eed,a107bcb0918d989fb9378c897e0ffddc,26946cac9ecc79ec658301e357330c5e,18583b9b1ebca580d6dd801f9dc66bd4,bca747f5e6237a7773881a0467d2e683,ccb2a8fe516433ddfb606137a178f9ed,61768dc417b2b3ede0ed37eb320093a9,0bcb8976125dbc200aaac6e2843288d3,9f787e7ea88cf6d08f0a84ff9671c365,c4c7efcae8d0827a8d07ca016a3bfb6a,b08119580a4f62b96c89326c2e32b695,0da4b490e41e0fe2c7df72f01af5ec50,a05ee4cf2d1de48475756e7a2d0a7cf1,a693b13a81f3e3d78eca32b7cc36b60e,c6424732171a02f1c1062f50c3a73a77,cbaac4719cd0e31524598d62fe31fe48,27da4027d84eff5adb55c509efaafbe0,ff9858a350a257210e2851650a7cd6d2,565b7097a474e2e3750586bd4d6b0bb5,23edc5ff51cfadd333466861a4e1ea38,c5d9c0b2012bb566a6a73b4d9e07fe86,1f56c874da3dc7e3bed7f8f6529b64a2,ae6f5f4d844a09b756dc601df2c1e8d9,36493d4cdc4c7a595e50be5d6c71f09d,dd131a05ead3e4f70b991714a54de5ab,cfe26d6aea9efd71c5513cd733043333,7ba28aba612a440ff8dd711262154f44,2a73e11492c29b7696d32cab40401a30,3ac8acc7e11bbe6772fddad237e51d2e,0d96aee679fac13091dac1b352b9485f,630ee7e776797db7d8df48faa23d5a65,9c0a5f9ef978de85871f0df5f328cc04,762c8c28af0cb9ae3028f33c1520a885,0928147d7fed5d2704e5864f15310df3,2e300d5b9ced3d6eb1bd338e15f42705,9b0f782fc5e61f4bcd60aec45a951907,8c1269604d51124eea733d76d969419f,71e83ca83dd815fb28599128e3923a04,2e207747b7f6ba4806dacd5c8eefb008,47251289aa301e5e085ea87168b93c5b,d774007926d300cfdc0af21fd17631da,a755c8d149dbfd8145d7e0970920af69,0e9ec21c9c1d75db573e64780f4bdc04,c4c87cc56c600398a547bf1d240bac4a,876d491f272ea12d93db7be1c54c1e5e,f4010791f0c5aa854730550435ca5837,d73f5beea409541bfeaa2095570c500d,3dd952e6eff4eeed1f99f883d7760558,ea594b4481ccdee2d7ed446a2a0ae272,e853197616422fca1c71e49cdd101657,32e418063c86b6aba3701f86f27b15bb,e47da797deb91bee9d49736f2c03f5d4,200d22d4f0b96478bc89e527590483df,ce1dd76e18ef0012011b3032be8a83fe,72cf8a1a01fb55ce2780a3fe0f8038d1,5402c87773c8c6cb257b4394b0717185,281856e1516923676b43bd418e6f25a7,9c863871d4cf0e4b25504375945feaa9,7fc85a57ec35f1b6145953e32a673446,67c5e92a315327f8188d2c91faf5c3a1,1ba20e49a934c9f63888c0aca2e3bdb0,106479e4024061d5093f0dcd23bc6cf9,179d05e99c44e629c8e68aef8ee71784,e2a80f87817bef0d96786c7ce389aed6,8597f5e4b5aabc29c6fc71c001a9303a,6a3dd1d0444d504a669c0825857a9074,fe5f4acc019e16ac5a920b1014cc7229,1ccc72120e9ca6b9c58c97c139468900,7342f68949be41c06eb30d3be1f3499d,9d5cf228e9ec57d97be4213c970d5621,a5b2dafc7f7a3eabaaff5f337f5a7d42,796b462f075af0b2fa608735085c20e9,668beb724f47e5a18cece4da0cfd0a51,a2a8db06139e5d8b33b9696c575f0414,9a6473062b1e797bcc9732f0c9a07849,cae432c95e5232373cb67ff90e7793d8,19f6997d3ba451b2bc8107503d70ab73,83e59a57e4575c3cbd02a8451997959b,5876cef9666eaf04c8dda83ec6c83a60,66b960536d4f8c72e04621cc3b3cf8e8,cf83b57ee57ce2ce8c9cc50781da2080,13e68590206aad4467ab4aa1b71406f6
2023-01-02,0.00035268883630535985,0.02557301833716127,0.00035952292602723236,0.0004625456110912941,0.0002882586569407275,0.0025959951601286016,0.0002705433330300334,0.0006951474063121594,0.014524303273583665,0.00047798731266483806,0.0020412380634729672,0.0002901750783251934,0.0006171225116547059,0.00026064742192628447,0.0019470879451572182,0.007437681504099717,6.58895027371153e-05,0.00023384442563494198,0.00041277515337812736,0.000617163997197906,0.0005492898768897205,8.86715695524632e-06,0.00022583352870978607,0.003455824914630772,0.00035646988974259936,0.00017900475647377682,0.0002391821648975641,0.00013021427022370252,0.01087313855403529,0.0007075533321955127,0.0002232954941970605,0.0004512079915414153,0.022797987909675705,0.0001191770558964793,0.0007830386460383857,0.0009922065546169986,0.003713268945437682,0.008350698046271877,0.0011012930379814948,0.0011413846660907555,0.008618802092308748,0.00016481913153696298,0.00015639925553979244,0.0028042309414147886,0.00019321721206339265,0.0005439474484716832,0.006744414992291987,0.0006366935796001457,1.4554843464478014e-05,0.002674565956229581,0.0004112310789112815,0.00303960860848357,0.00990575091349219,0.0014812284766394979,0.00032170179062437974,0.021264303944297246,0.05636250879647656,0.00025821920034812515,0.001125157333928977,0.02992570997337149,0.00032418169029945626,8.915880193267325e-05,0.0056814855264921155,0.0004633730458037768,0.0006156146498191177,0.0003107601641303769,0.00031754834829381183,0.0007505331195764441,0.04428695015186369,0.019848690312594536,0.007230443614141735,0.00010376471557686315,0.0005544211273596485,0.00041562958167416737,0.0012963986840886876,0.00035588605914864895,0.000936542125605234,0.00029658580959725006,0.0008336430270885959,0.00027999908008294533,4.1861193076830265e-05,0.004460821363578112,0.0017100781572265918,0.004821589367089634,0.003171071847794558,0.0005800065209430091,0.0010537578232721657,0.000934348339277075,0.010517961506776436,0.0010578300761873612,0.0001501972547899941,0.0005707001164785108,0.04785656425669473,0.002704308501223743,0.018489578659903593,0.0010568348166215737,0.0008215372106792213,0.06927509934174977,0.00025326375415839154,0.0001806525889177003
2023-01-09,0.0004439032787563204,0.027111845956378396,0.00027718752560933213,0.0005435287640657134,0.0001826049115001275,0.002888183180953495,0.0002897348896029333,0.0008801508089086077,0.015546003200366063,0.00028545350842214647,0.0023697354680065957,0.00036876565688325966,0.0005420660025025741,0.00023045109615378446,0.0020857503174715325,0.007913520690618635,5.89254229778913e-05,0.0003213831205368277,0.0003036824175626271,0.000827936237212418,0.0005862973938855204,0.00015964513846755874,0.00012086758134418612,0.004087527532739108,0.0003306012411069527,0.00020804146455692988,0.0002082980410500641,0.0001719134874819119,0.011832760157343282,0.0007710125745453748,0.00019309916842456056,0.0007107856940633376,0.024411911453862165,0.00024058336753502333,0.0007486604756944081,0.0006971880671678985,0.0035274573371306974,0.008031723712271987,0.0012760804413624953,0.0011587620819774411,0.009652536405466377,0.000333549931296063,0.00011315040375334604,0.0031837329323920766,0.00020428499112632066,0.0005880258932745884,0.007478043379262639,0.0007472350651885086,8.588547468267795e-05,0.0031617100673707677,0.00032683228426858143,0.0029088964396524006,0.010590548652752392,0.0013035259952784894,0.0005830181723995799,0.02252193828381948,0.05826951021618196,0.0002746595646211252,0.0016859256514272262,0.03188080703717079,0.0003828572173472609,0.00011340618651257178,0.005673525301581255,0.00027607169802037665,0.0006519343687399178,0.00037219823052568347,0.00026926116043767174,0.0006129529703610013,0.04726426434145834,0.022454349287442877,0.007563634596748824,0.00020387849887703213,0.0006606958813487483,0.0003517360221631644,0.0012842072519250298,0.0004716145248984707,0.0010620084361672338,0.00028442317587816404,0.0009965711545567289,0.0003718968640240453,9.880787691157432e-05,0.004569646941287714,0.0018710092220735465,0.005418036796052236,0.0034590315311857846,0.0006681151290376556,0.0013431885681151237,0.0008951438490033747,0.012040964051361236,0.0013890347035043615,0.00014615932769009314,0.0006004284002098019,0.050398968234525346,0.0024654572828277837,0.019892885063767157,0.001057455825170174,0.0010101669220033682,0.07261775631221004,0.000251888158008438,0.00018280872935902488
2023-01-16,0.0006142735180469172,0.028927865629791095,0.00034032218508343225,0.000814715629227864,0.0002938777463079275,0.002971909086754732,0.00022315130815503336,0.0012161685916727283,0.016603702263621567,0.0005632068379947028,0.0021940895535261947,0.00042999905405383414,0.0006367824803610094,0.00010948080431369005,0.0021003199315542155,0.008420276015372864,0.0002204523086684587,0.00028530460938826566,0.00044714743561332705,0.0012306521273768231,0.0006112915341194205,9.224862911060607e-05,0.00015305976458708612,0.0042218467668479935,0.00036563326923999193,0.00017821466360206474,0.00032207028988126427,0.00012656016938038115,0.012351768186116684,0.0009168841168321878,0.0002537344138752606,0.0007667969874026318,0.026265354181113507,0.00014680643089102328,0.0006679959177915898,0.0009853678102808986,0.004145934438279462,0.010595636384678978,0.0015032758291966945,0.0010421272820313246,0.010043960873201755,0.00014224693697286296,0.0001997112053047336,0.003058819809819368,0.0003288940182291759,0.0006683908274473489,0.007473611302494085,0.0005236571888363197,0.0001724643683177779,0.0032116071813490057,0.00031588512022448154,0.0038261647325565622,0.011000236592301642,0.0015001236689871353,0.0004598486655971799,0.023443985969930876,0.05984064537009193,0.000290905755773125,0.0014916268458139645,0.03542237101691652,0.0003939340484584938,9.814142499065231e-05,0.006083038300421626,0.0004751731334748767,0.00047062903051031777,0.0005176905688535666,0.0002778331811941004,0.000851093634239427,0.05053381470978383,0.02358320824573747,0.007928144110359501,0.00011933670907032773,0.0005684688507775482,0.00040682779104425,0.001499276988390772,0.0005399048721010125,0.0013182961950985337,0.00032341416432283296,0.0010747925854590894,0.0005450546512941452,0.00019863389538579115,0.004766800450074215,0.0017857669226558188,0.006138712986745435,0.003570493974926573,0.0007680604244589945,0.0012298174876300525,0.0011998699823295754,0.012442044804672666,0.0018422246829279615,0.00021202025611127536,0.000687497209463878,0.05370221728015659,0.0031679775316585156,0.020305863618832472,0.0013618817594351735,0.0014670630035469433,0.07702646237073388,0.00022844392384742363,0.00021128571255968394
2023-01-23,0.0005896666039673875,0.028825637661484646,0.0003342163565605323,0.0007107170652354341,0.00028832699310522744,0.002799013818476505,0.0003467637205541334,0.0010958594965817504,0.016483057042951964,0.0004985123589260976,0.002713702298592324,0.00031176993019673316,0.0007732326676919665,0.00041303352804278456,0.0022968405201818716,0.008146049835994068,0.00026508189593580397,0.00033043688261137475,0.0004890433762173272,0.00044275837494348264,0.0007779100377631206,6.413249400640401e-05,0.0002512836041219861,0.004298494765185184,0.0002944608141526065,0.00027307783469113087,0.0004931293960870641,8.572815920882695e-05,0.012421668137950934,0.000795905968280377,0.00012179587167216057,0.0007783068865914108,0.026941209629226418,0.00016997470247402327,0.0008381852154326494,0.0009162731789838987,0.004286578909422804,0.009684299253446268,0.001685701733391895,0.0010059643156682164,0.011216183630603671,0.00016486013323566305,0.00011571870439077705,0.004147105870807738,0.0002558092039881553,0.0008306097153405462,0.0076210523382982745,0.0007233110175090873,3.997075079437807e-05,0.003147053563665595,0.0003097792917015815,0.003941371718629582,0.010993217530439338,0.001406267703834867,0.0006010785963766799,0.02340760154581103,0.060069094499149336,0.0001313583394248251,0.0015587784143085814,0.03451356593293043,0.00042683664086034254,0.0001133910041968762,0.005644380532146851,0.0003873508331568768,0.0006157444885317177,0.0003838451635005995,0.0002492887720158747,0.0007920185263094548,0.05353688082415336,0.024000245160871462,0.007518240597827125,0.00014245576474448875,0.0008084776964123484,0.00036066127621109444,0.0014558056898086693,0.0004091745568524991,0.0016476476751439337,0.00030117389988935684,0.0010365396520807843,0.0003308445619757452,0.00018595409216899997,0.004893308638790714,0.0016427124350491917,0.006473035652521234,0.003638301748400731,0.0005886453402488227,0.0010040482333559526,0.0011378464383279751,0.013542985118842393,0.0020737625068906603,0.00011329480314035598,0.0007264320373528705,0.057012683801346796,0.0033452740439005807,0.02023729217122612,0.0015394568776160738,0.0011602299327861973,0.07993464544747855,0.00020250027566302088,0.0002547128215539061
2023-01-30,0.0004705384413163418,0.02836440163463036,0.0004346915770387323,0.0006282258853170916,0.0003129242472519275,0.0032820484712819276,0.0004978722106301335,0.0008043586669965221,0.015981461130959464,0.0005728038716102703,0.002527167942228634,0.00040918958045105486,0.0006707068881944684,0.00026012658633618464,0.001984127248800604,0.008593040376022881,0.0002388255259681801,0.00032234970337229984,0.0004117985866466271,0.0005174727066869444,0.0005987512664096204,0.00011448324559817664,0.0002758808582686861,0.004449563221994006,0.0003262944998365709,0.00026516299819809617,0.00021327959005976426,0.00013119733804823285,0.012290060325551421,0.0008984063387440788,0.00024809129340586057,0.000649853365839363,0.02642663691372795,9.366510775125303e-05,0.0007177983109633527,0.0007115100205706985,0.003923466766396893,0.009302546058147988,0.001552500257396795,0.0009853048175159618,0.010488486260230781,0.00024037840924106307,0.00014783873313129777,0.0033993016234665305,0.00016882995512926702,0.0006002185262287761,0.0073011947928832595,0.0007112169418681954,6.492769526717797e-05,0.0031736136786697142,0.0002836713381851815,0.0038860349771324514,0.011138626166868344,0.0014852254337979376,0.0003966751282895799,0.02424530853620554,0.06240636791522769,8.022150337042504e-05,0.00183251251574608,0.03551847851288431,0.0006151448987921845,8.356075342543648e-05,0.006091288984421016,0.00043668921758067655,0.0005637443956946176,0.00041778865818028164,0.000248957477308723,0.0007240886719959059,0.05290014361403313,0.0229774804752324,0.007579882949318184,0.00019624420477459289,0.0006793766901349484,0.0003109472059368398,0.0015862971384136822,0.000530521670162721,0.0012381932963827337,0.0003734953826967922,0.001074283794248327,0.0004312478443887453,0.00021475779588013414,0.004680272602876913,0.0019303775616845537,0.0055191269673732345,0.003496495620896479,0.0006692553207698966,0.0013306845718011751,0.001158487098887375,0.013100707417039604,0.0020667845145640605,0.00020522379450266948,0.0006082786562675356,0.05637780426905435,0.0032553226483772266,0.021210726288356373,0.0014596223176972737,0.0009427198285055591,0.08068800741147103,0.00035440008445642086,0.00025902861167033966
2023-02-06,0.0005459662868169288,0.03129076616717931,0.00048706156539443223,0.0010603755189716824,0.0004157231853516275,0.0026517058373647815,0.0002962585715812335,0.0014459410486408896,0.018510423374066266,0.00047378449077361857,0.0027741768721172657,0.0004662942571142702,0.000723840967990957,0.0002609438657515845,0.0025105437798896473,0.01171470962552458,0.00024005095109320523,0.00034204833912129416,0.0004641685750023272,0.0007228651861683766,0.0006007944649483205,0.0003692847254139901,0.0002515858227390861,0.004578066429403388,0.0003289079200921355,0.0002534013220164744,0.0001886780747493641,0.00020756677041102784,0.015551488418781829,0.0007971092153739199,0.0001981731432965606,0.0006519987232753515,0.029759947606661615,0.00019554460650842331,0.0007290538347725593,0.0008155348777935985,0.004519143914281723,0.010560153313939575,0.0019680888866536943,0.001335235944582243,0.011833528324684416,0.00019046025913176302,0.00016674365969748955,0.004025583745408518,0.0003066599563598661,0.0010348742637508205,0.008645692530845121,0.0006890140335246565,0.00021805342318387776,0.003433165147608844,0.0003609493216320815,0.004852174407734137,0.013985044701698642,0.0015501079804029158,0.0008306335173138797,0.02483648429670947,0.0656880400023463,0.000334920250263625,0.0020437292665287936,0.04082114090280199,0.0005345809021966955,0.00012318956786139644,0.006917294056324495,0.0006166639792003766,0.0007434126775334178,0.00038876108804968283,0.0006053360207405197,0.0008948436045636281,0.05858254593932223,0.02575198643550392,0.007653310960162953,0.00011741601329908944,0.0007841166668463483,0.00047149687949495637,0.0013113366883809703,0.0004466193416386343,0.001547816029805034,0.00021846838018833284,0.0010537828339877047,0.00048371999267134526,0.00024293933657036163,0.005609447282924412,0.0018734811404312124,0.0070140533667132346,0.0038465692911845745,0.0006846085750342008,0.0018686969605303356,0.001241486038242675,0.014643156642682302,0.0022292067958317617,0.00021076487124778285,0.0008278739344409837,0.06359844700841583,0.004138734653522438,0.021329986644132742,0.0013631572950675735,0.0016812925582389872,0.08870269586392694,0.00030417545456632084,0.0002499048388088796
2023-02-13,0.0006099472996297746,0.032349077216352884,0.00048321390480653213,0.0009886342825908162,0.0004389202336737274,0.0036230285563013387,0.0004481755077166336,0.0013844948792194889,0.016345341921316564,0.0003428428225898143,0.002562851020190527,0.00047581502097799656,0.0008957350871991592,0.00020035079119538448,0.002436795238431876,0.011089563264067142,0.0003395043298446777,0.0003213029956193695,0.0003651493922474272,0.0006773394971653635,0.0006872405839752205,0.00020051287794403162,0.0002591195614399861,0.004413517767085536,0.00032482512851788237,0.0003762374714556708,0.0002724681976277641,0.00013369134535774833,0.01572029714600385,0.0009130563902962834,0.00016299886346616058,0.0008795762113933401,0.029211036089061313,0.00023337488248742326,0.0008099660820162511,0.0007954280753647984,0.00454407934541763,0.009504714588706931,0.0023002702170687953,0.0014797453758312964,0.011884601026598137,0.00020287174038486304,0.000146640045726425,0.004893891024066159,0.0003243896961060129,0.0006810679974533463,0.009019643781135699,0.0008597688864638346,0.0001271638113494779,0.0031283036760289653,0.00022084803453008154,0.005304410911045722,0.014091286672496492,0.0017737215501437177,0.0005120048349112798,0.025107786341638395,0.06766304090629412,0.0003105315375022251,0.0015962191074623644,0.0413760912040233,0.0005432921642171535,0.00013400294307908448,0.007079622639635625,0.0003348354908122768,0.0007757693787404174,0.0004183538438457089,0.0002413440745681403,0.0008288405943823601,0.06185573006277873,0.02593581101102143,0.007861531623274753,0.00013359762445854512,0.0008953857483794484,0.0004434153127051018,0.0014435695860091045,0.0004937023725088934,0.0013361745186028337,0.0003975365123868198,0.001042153330546826,0.0003830748957324453,0.0003017683220952656,0.005540674139767714,0.002078911334069835,0.004711678116049935,0.00409488609074431,0.0007046387217692497,0.0014569433780780546,0.0021523918228355753,0.01463958879937601,0.0022282877986623617,0.00019565528103731482,0.0007498402850740928,0.0654325253082215,0.00527672899080553,0.021932550563335193,0.001429496611665574,0.0015159897461461856,0.0888011151772013,0.0003452575589135209,0.000150391603507976
2023-02-20,0.000635813902447781,0.033224510226775125,0.00028149243899893236,0.0010426297396308674,0.00026099164840782756,0.0035282277276616142,0.0004954179220537334,0.0014673896941086854,0.016999531437715563,0.0003676717375215887,0.002941018380661196,0.00044179216197346143,0.0008684901680116996,0.00033448842165408445,0.0024796105606125726,0.011433163638861607,0.00018674800361343722,0.0002930037874672701,0.00030894397837212713,0.0006404454562285839,0.0006210361329671205,0.00016396219845437324,0.00022394825942458605,0.004473964890292743,0.00033667134968272774,0.00025160139434259027,0.00023729689561236412,0.00017656083908734093,0.016206716821281435,0.0008074317795352929,0.00019644743439416063,0.0005713048019444479,0.031032207091992604,0.00044578807627582335,0.000952078303343098,0.0013374961345630986,0.0050406398812042775,0.009526471624806371,0.0026475197295190954,0.001603738490448076,0.012427179655080254,0.00033976813952536305,0.0002702626611040815,0.0038042611580627,0.00023946605345782142,0.0008231379729040573,0.009060338286290277,0.0008274873455823001,0.00013957827041767803,0.0033238069492600554,8.08495199613927e-05,0.005400168026437729,0.014360980632207187,0.001759051056156266,0.0007968327079193797,0.027624363045416284,0.07132794292161372,0.00020536097820242512,0.0017962238400550095,0.043835410951847835,0.0003815204475584305,0.0001618713611389385,0.007071136724699468,0.0005093186139034766,0.0007123236964141176,0.00040553704145629784,0.0007013418862718327,0.0009635084033401266,0.06195755017645061,0.02845182009701177,0.008575345690563355,0.00017670302892222963,0.0006498733277645485,0.00043395705537626705,0.0013529861764569977,0.0004942630319170406,0.0015337638287429337,0.0004123437893666802,0.001206962101226973,0.0003030766013153454,0.000279283020468626,0.005616895619974013,0.001875356224373891,0.006245132190768534,0.004075840137736955,0.0006103718800363591,0.0015007378187768122,0.0019041266308939746,0.01567568339887944,0.0021786419571001607,0.0002589999697681609,0.0006998252244550141,0.06735390847773098,0.004713306932245794,0.02395276916303206,0.0011250200084935737,0.001807752815558097,0.09514831870132379,0.0002276725405456765,0.000288617132235543
2023-02-27,0.0006468717160391986,0.036477413026658086,0.0004208657872211322,0.0011400727722482389,0.00027839041924132747,0.0033807436067664533,0.0002382538273928334,0.0015214192040838908,0.017264008728143068,0.00040246927888636314,0.003234980464655649,0.000484537750688556,0.0009411960020866935,0.0003747274091554845,0.002596754040775504,0.011236377793777407,0.00025215925536126697,0.0003701664466018067,0.00044676262778452723,0.0009381456216484047,0.00119018976692992,0.00015774340396676698,0.0003145317766912862,0.005292673636391086,0.00043733794117561714,0.00028594958642485233,0.0002546956664458641,0.00013962134039460441,0.016029690755740927,0.00112901465832927,0.0003617703969040605,0.0010452108222109625,0.03181166991990584,0.0002625860774531233,0.0009039937426061069,0.0013733681095606984,0.00501928510386802,0.012086838695403626,0.003179954759897295,0.0014686626948082436,0.01245777038564603,0.00020768801987276303,0.00015491592037833262,0.004570059510118506,0.0003062667310685953,0.00045517916223399046,0.009504154912971614,0.0009806886845476423,0.00020576687220667794,0.004044743402042635,0.00029884906045118145,0.006396791118659068,0.014245721731328938,0.0017894903569413562,0.0011119316448408795,0.029028405754791754,0.07287024734287113,0.000417141723453025,0.002151858848361563,0.04662493220664934,0.00042230625105543377,7.190407280190092e-05,0.007635586916040749,0.00039385991567957674,0.0007676294065344177,0.00040546556842937115,0.0005370933769499274,0.0009404561677621235,0.06600619305290921,0.028165674117471676,0.008527147824910992,0.00018186930801671638,0.0009200691807550484,0.0005322620978447257,0.0016995268615359273,0.0006026552798413118,0.0012455057578856336,0.00037568005933488974,0.0014018834795726054,0.00039210541977224514,0.0004827422616290541,0.005626451617576312,0.0023809637671682172,0.005894022720485134,0.004483182226062117,0.0007339472394305288,0.001560226894071299,0.002317399397577476,0.015223248823079067,0.0021237472332770613,0.0002740742986877655,0.0008020954831546987,0.06882974267229341,0.006106971068168995,0.02488245864743755,0.0010954807311069745,0.0016749913609837219,0.094276374041493,0.0003000799375740025,0.00020374154690784297
2023-03-06,0.0007423261981267073,0.036428651103571345,0.00039449573500733215,0.001418677749700823,0.0003012334415693274,0.004218134818962075,0.00031002776187173344,0.0017845021614711696,0.01922739213011807,0.0005694244949253407,0.0033147658017098174,0.00044966321980788033,0.0007420861263854196,0.00032438568505028457,0.0026606499571891784,0.011805775675368679,0.00020181753118683857,0.00038540659176761394,0.0005656334188737272,0.0010783075418588136,0.0006260029246422203,0.0003263915944617552,0.00023993621830378607,0.004415872805953415,0.0004892342108541196,0.00034228242831750084,0.0002775386887738642,0.00014758931800071197,0.016891655323843426,0.0009047293985540362,0.0002385260887564606,0.0005790268854205619,0.03194522751401986,0.00023706251241182327,0.0008890520852866174,0.0010751269572057986,0.004148251158655225,0.011580434491481174,0.002357428480897995,0.001541680972694543,0.013829057185941416,0.00023081320459166312,0.00025834526846563193,0.004345978538012604,0.00029520789798511473,0.0009859418713008545,0.010602064433303304,0.0008461739026847069,0.00015556622929687787,0.0033257249050931553,0.0002972971673014815,0.0077133220430080154,0.01501723105727331,0.0016893131618405176,0.0007898599017900799,0.030737840946521072,0.07260815770579038,0.00017192283791672507,0.0026238149828358664,0.04664495600529585,0.000428717829288653,0.0001610645429032745,0.007373645784573506,0.0003911793729663768,0.0007882151297355178,0.00041590000737077936,0.000461933497009811,0.001108740572073924,0.06860612463316657,0.0295009099398358,0.008862879859407636,0.00022385926584330554,0.0008415233488953484,0.0005057787273919899,0.0011128819125491047,0.0005125251115833396,0.0013358902788295334,0.0004399113525125232,0.0012305360195689861,0.0004870045389700452,0.0005683002902645643,0.005212713491490512,0.0023046164068647092,0.0074145248455806355,0.0046659465608377935,0.0009367526151804555,0.0016497648414597226,0.0027861106645534752,0.01718560831535599,0.0024487695500998614,0.00024466954027884736,0.0008242173704758347,0.07047547740792656,0.006184222898108691,0.02679525339133685,0.0013569118227858736,0.0021075871842482193,0.09910576817732522,0.0002995156127922697,0.00023757692023344216
2023-03-13,0.0007445189026878033,0.03892929366014632,0.0005390523743748322,0.0014275893541771175,0.0004954987114351275,0.0045884042976542146,0.0003441238872313335,0.0017760555516945927,0.01886576266857527,0.0005600513950600497,0.003199673414641829,0.0006078060880956409,0.000938987973008912,0.0004725452102189844,0.003217268604514921,0.013701012080335776,0.0002577655669538067,0.0004035677686600592,0.0005392122563313272,0.0009102008550262533,0.0006917932514940205,0.0003544829101616634,0.0005276139394975862,0.004002922254740833,0.0005764340966685506,0.00025007664394504877,0.00037959246924546415,0.00021778214692542506,0.01790060820618005,0.0010641617464313055,0.00025077030370126063,0.0008789488215592621,0.03171585938194928,0.0002505076892904233,0.0009476794367057245,0.0014432411440637987,0.005292694654538287,0.011122840011516762,0.0039374746272555945,0.0014801180039600112,0.016164760142809036,0.000427480398324963,0.0002042365624352441,0.004583891660505251,0.00021829224954347668,0.0010738187002266833,0.010763808121920633,0.001035264424693885,0.00030492671639927797,0.003011020328423493,0.00026103371368168144,0.007672380950230201,0.01642850721767839,0.0017817336966646084,0.0010014078299430797,0.031133358091682488,0.07587253076676723,0.0005530130104385252,0.002165366071442189,0.05235901471585648,0.00038574235393897715,0.00032227735075190706,0.00802065283908417,0.00027614960683087695,0.0006866305404786177,0.0004458048766000799,0.0006295430092510344,0.0009887117889113234,0.07363838011285515,0.033834919610198244,0.008428529317889824,0.00018069431737067308,0.0007958867954129486,0.0005468090445922881,0.0012025777075902202,0.0006262334423578617,0.001758751539528234,0.0005232475334858085,0.0013812569403797437,0.0003028161557888453,0.0004137214560765146,0.005981574449128114,0.0025993888466428645,0.0069291296126361345,0.004775359758525858,0.0009001639976623165,0.0009127766971072759,0.003083837288535074,0.019882824244114895,0.0029076316849140603,0.00027044531828713603,0.0007455884252891425,0.0791712081780812,0.008224069560634352,0.027041743055227576,0.0015285934115179737,0.0019573527768114345,0.10514221929602569,0.0003408175097543209,0.00031546837468102986
2023-03-20,0.000733345254952782,0.03788199075503388,0.0004093372528707323,0.0012978172421143216,0.00034158376923752753,0.004120632438693888,0.0005163900029485334,0.0016586133489052586,0.02131259595936897,0.00048160328580519574,0.0033322148172670557,0.00045389874663087767,0.0006772638215247711,0.00045924139880268466,0.002663522565063742,0.013871801782268873,0.00021854151232568735,0.00034042645898995825,0.0005518286881260272,0.0008853136547107393,0.0004940664612892204,0.00034060562457394926,0.00032816672677538614,0.0035231347507590164,0.0005112443070258366,0.00026713319617714107,0.00045964709556836413,0.00019376678736903136,0.018744891375945934,0.0012330218117443498,0.00020925235238406062,0.0010868842414197624,0.03188141741142664,0.0003265479964060233,0.0008624230607027936,0.0013577974392903988,0.004496971889474565,0.013076725165747958,0.0033428055919490964,0.0014765032332143165,0.014389772909093552,0.00046142927995076305,0.00030373838096618645,0.0054459135655882136,0.00031345179528055383,0.0010777191132509208,0.010400352675773251,0.0007725658479571925,0.0002201703912473778,0.0027562566950034874,0.00024314210888548148,0.006970122385118429,0.016901657127297513,0.0017585122937480665,0.0010041612953564797,0.031014360685458348,0.07251109825713598,0.0003316598737127252,0.002127634628434312,0.05166806711541972,0.0003393056469066473,0.0001515704363961657,0.007922275611785356,0.0006391469172339769,0.0009130310393078177,0.0004027692703341961,0.0007130384806943285,0.0009915863197743036,0.07053399264680058,0.030506597982570466,0.008557226858789445,0.00015598854340772582,0.0010066895861359484,0.0007406824779257083,0.0009473224937424131,0.0006314177669861015,0.0017291626403842337,0.0002517284788718377,0.0013651911597115764,0.00042782957846394505,0.00042634380077860297,0.0057228355326687155,0.002464490720471402,0.006784280298676534,0.004657889660125606,0.0008725278380962182,0.0011650974361762066,0.0024172561707695743,0.017384992640135072,0.002469858868116661,0.00034524510892216696,0.0009732159125035268,0.0751554355141509,0.006694099672209183,0.026953711925603384,0.0019404499320315731,0.0018663774914284212,0.10264626368610733,0.00029700566174723105,0.00030927423454243355
2023-03-27,0.0007839611406589206,0.03778267193224448,0.00038371167765083227,0.0015121192977535732,0.0002114710612462275,0.0046601435051030924,0.00029509915776883337,0.001986824285828252,0.019935454998476265,0.000673270098367272,0.0032483131247463106,0.0005624298665079408,0.001074577653158871,0.00038636313054068457,0.0029593106524230498,0.013206701984422477,0.00018792506376209817,0.00043715668038259994,0.0004872685421033273,0.0009974477012193034,0.0003453182801205204,0.0001649038479884571,0.00030087752710758605,0.0030877259391610882,0.0005132242044701914,0.0002945991560140721,0.0003395161342642641,0.00015902136912312006,0.01818150763714755,0.0012072959782694053,0.00027314128990476064,0.0006492934244037621,0.03280506007930745,0.0002706415768736234,0.0009746059936112923,0.0011155362879831988,0.004299949805707259,0.011391842475629669,0.0033204784720102954,0.0014920193765941996,0.01489083366297771,0.0003918782605844631,0.0002747531416887491,0.006050494845463619,0.00034339306136159397,0.0010294596073192406,0.01152969968815204,0.0007985119083843624,0.00019121756713177772,0.002176901820652852,0.0002075347869783815,0.007314980599845701,0.01627045612323881,0.0017927896053505264,0.0012813441632613795,0.031642141213506045,0.07188438395991639,0.000307697922940625,0.0019569093283851114,0.05237781139537524,0.0005578797847190843,0.0001523513306265807,0.007705695534220051,0.0005878957667940769,0.0007150309363980175,0.0004509181683522007,0.0005270193531844151,0.0009630459632118552,0.07080699019069228,0.03061195471535494,0.00850821552370893,0.0001853715393800931,0.0008808965429861482,0.0006465712331381382,0.001013088846140406,0.0006903098042762792,0.0017680828143797334,0.00038820835109229783,0.0013490209373445302,0.0005825610489221451,0.0004952768224520791,0.005890511600844213,0.0023176560719890154,0.007359908754443036,0.0047774911979567465,0.0008492862499696174,0.0007730956872034737,0.0027752854281174752,0.018152629746323486,0.002873477194058861,0.00027377189292553377,0.0009256286150642741,0.0752949174151795,0.006816157878158542,0.02736026163466887,0.0018123220559318734,0.0022067560669907157,0.10329291848452254,0.00032895013050752086,0.00030129594490905875
2023-04-03,0.0009176987814559322,0.04237781265724835,0.0005773925755916322,0.0015281092345099574,0.0005307692589737274,0.0046622504462695185,0.0004070822573974334,0.0022348933034327494,0.02115704585107086,0.0006198791720243701,0.0029072854623626698,0.0006213459912346928,0.0010556348029231231,0.00044943139834728444,0.00337257602779398,0.013677418731138109,0.00027461819242178827,0.0005379541303386333,0.00045000948109222717,0.0007686920882099006,0.0002752762526192204,0.0003021769185860689,0.00025862313574898614,0.003596530340395346,0.0004857199233692477,0.00033323654516219815,0.00035033935001726416,0.0002644420351069004,0.01852743140354123,0.0011118825365544472,0.0002553443144570605,0.001058614971022562,0.03449693800451193,0.00030425709842172324,0.0010252616340590656,0.0013831086694835984,0.004846437020288136,0.012550168032500803,0.0032422094078891966,0.0016215099734559427,0.015491601680522986,0.00035212153439966303,0.000225904212309485,0.004833550449278081,0.00027801987405833115,0.0007509566074045653,0.010956118397728453,0.0007604078062445465,0.00038323335495667817,0.002548805631412656,0.0003439753025179815,0.008431711143558274,0.016845680537685016,0.0017211404435239705,0.0008030190607945797,0.03226039207464857,0.07977460334268706,0.00031935369375152506,0.002547629363671211,0.05447507195890832,0.00046310564890158167,0.0001748988778842939,0.008297320141113743,0.0002699493599512768,0.0006296895986229175,0.00041513072078327133,0.0004880951820597733,0.0012240660632600565,0.07340176890353423,0.03291370339800412,0.009619985984491528,0.00019865107377462393,0.0010692687913481484,0.000641065683420655,0.0011602709458061519,0.0006744071968345021,0.0020842567084708337,0.00036061242429050774,0.0015065061318212498,0.0005225096821159452,0.0006076575553198704,0.006097611893671013,0.0025501973711960996,0.007249268557022335,0.005406725177662694,0.0011563463234391745,0.0008681143663401797,0.0027267824294861746,0.01887041377672678,0.003477204791040461,0.0003410161435076463,0.0010593404832075928,0.07996189654305716,0.007508028908641461,0.027929772315681174,0.0019448057127771736,0.0024766080947226155,0.11054305858566106,0.0003853579578508209,0.0003416311044399816
2023-04-10,0.0009424176223231597,0.042164467589454795,0.0003497423909889323,0.0017439762792089046,0.00028010821107552744,0.004066849576794537,0.0005342566176107335,0.002231514557230665,0.020307003704481567,0.0007252718931183697,0.003248177847899095,0.0005522036013226287,0.0007999796538410823,0.00035239384387878445,0.002999425551242901,0.015059584732826307,0.0002789590793292873,0.0004934694458048521,0.00044968287390272717,0.0008218397572501999,0.00043635229568772044,0.00028195111083237053,0.00029219821141458606,0.0030119466145929544,0.0005709108320166589,0.0003430961646502758,0.000403813626247064,0.00017713752737192928,0.020311197016265665,0.0013382768519311446,0.00024134183216606046,0.0012728386831313623,0.03492572916557264,0.0001904320061203233,0.0010416475086091823,0.0016032290998654983,0.004751454102400694,0.011238334999774176,0.0030595239237270937,0.0016434787699193209,0.015844827543256258,0.0004301625052906631,0.00022590789256599005,0.005589316258944873,0.0002708904491670869,0.0012447489489754472,0.01129115018288488,0.0007991151846716037,0.00010956144376307787,0.0023264446143547034,0.0002516052421464816,0.00817570532392623,0.018372968975671214,0.0017612095661984246,0.0010956103509838799,0.03046811241601874,0.07570976790786733,0.000518672306582625,0.0022169677017450104,0.05579849397866579,0.0005282376684188111,0.00023008902219101573,0.008167213604984909,0.00022515685753637672,0.0007966623599645176,0.0003998556186183261,0.00041718015361844063,0.0013266821887258347,0.07777746070990173,0.03285688459573545,0.00911883400428919,0.00029348576000963635,0.0007060118753247483,0.0007868712606734244,0.0009230599136924489,0.0007071210485941619,0.0012290126848451335,0.00043316321658929633,0.0016077500419912137,0.00037011541286244515,0.0006359999119114395,0.006026215848876113,0.0024433807183637897,0.006055506510060334,0.0052832752333751825,0.001028242992205964,0.0007094967716050263,0.0026812595081104748,0.01940882832339337,0.0030258414969712615,0.00017490787410957267,0.000844031982380869,0.08409717016771126,0.007904801484610383,0.026376744674359298,0.0018390091799118738,0.0024958072381364937,0.11316480843529349,0.00032533374896882085,0.0002573064242145219
2023-04-17,0.0008626305798949054,0.04306931916026206,0.00043575265229693226,0.0016939238920553258,0.00034384987472302743,0.004629007712038562,0.0002816953799972334,0.002069125165428751,0.020634713845750663,0.0007951954754219696,0.0029196929146541933,0.00048238141891809893,0.0008960019954518605,0.00036700211820398453,0.0032781773352525173,0.013373961275602829,0.00017303197734918713,0.0004497663423869195,0.0004128596619048272,0.0008679626772262005,0.00035422585603522047,0.00012918871653057052,0.00025920516108448617,0.0032465179215107223,0.0006178193890390763,0.00029421230899126624,0.00036775644658276405,0.00021416879449584106,0.018342424067623212,0.001304266016562897,0.00028204886581946064,0.0006894199299195623,0.033746753161323244,0.00030483912375722333,0.0008592587871778057,0.0013430611989044988,0.004687980738692501,0.012054490677399617,0.003776876222829295,0.0019571033036626722,0.015478074900766914,0.00034573796863756305,0.0002590992352258406,0.004848094845023661,0.00040867956270240193,0.00063369937176747,0.010165081972629181,0.0007991913938665653,0.000270037821388078,0.002459059304113993,0.0002685116134722814,0.008050828922541654,0.01673044992338999,0.001710974392025277,0.00098820484432458,0.03303181499713301,0.0761771249710384,0.0004534522382560253,0.0024298025779901098,0.053311584853255115,0.00035267771338470246,0.00012977932956201608,0.008110256190390425,0.00023976513186157664,0.0006093748506655176,0.0006014794387764531,0.0005031904149265003,0.0010395529951925072,0.0746598469098191,0.032952519418933957,0.009117904284197861,0.00018052501272662933,0.0011099107625486481,0.000636838105175047,0.0008838986267804312,0.0007757976689804319,0.0014079811584509338,0.0004145635820731289,0.0016071834719080806,0.0005021949341585453,0.0005525415644417689,0.005542098206581814,0.0026208190795599965,0.0077357707349005374,0.005273171234461538,0.0007474546263350932,0.0011241201114950115,0.0032718945122512753,0.018939669993937685,0.0028241603532985606,0.00024357596851462033,0.0009052195901297148,0.07926830742266966,0.008587238256296752,0.028780872157893822,0.001715516994248174,0.002558029220422077,0.11081112638070306,0.00029770292497351657,0.000303665819836963
2023-04-24,0.0008580143883907291,0.04265475353573129,0.0005147722535299321,0.0018858532872592848,0.00044317921866382753,0.004487962652943854,0.0003740428846985333,0.0024982465031339824,0.017630964486994062,0.00070650075556237,0.0035120819065506508,0.0006157089409174085,0.0010337314552143061,0.00041523921786978447,0.003014959913988953,0.01561582169576721,0.0003948555525478872,0.0004432981949700198,0.0005685176295503272,0.0010585298410692005,0.00029678754753132043,0.00029468366802467053,0.00040613582968058613,0.003052346178189898,0.0005794400281779835,0.00024912595777057975,0.00026620773304336415,0.0001995175550682197,0.020527545451697247,0.001541037032392506,0.00030124892372806057,0.0007057648432190621,0.03529920357830904,0.00024740081525332334,0.0009373674759406002,0.001508718015620599,0.004791286597919102,0.011890302333558918,0.004203716236016095,0.0017701134612723899,0.015710767555916008,0.0001913515510132631,0.00026708364606121136,0.005811565288319859,0.00031468071224869163,0.0009380334678188068,0.01097025633646293,0.0007858933395143601,0.000296219718536178,0.0022097063591334843,0.0003370584558459814,0.00794932139543544,0.01863183620084401,0.0016914885957870416,0.00121828180878408,0.03445995223697906,0.07742732282433479,0.00043901464998832504,0.002923120243296711,0.0581786907095973,0.0003914279888039725,0.00016620317922512814,0.008082829958151724,0.0004923712086273766,0.0006442840468630178,0.0006117769530508805,0.0007099406268470103,0.0010137608228483266,0.07927969103115225,0.03240955577643495,0.009037978725474044,0.00020352099849801499,0.0009672686538049484,0.0006205649892044759,0.0009755935646589789,0.0008315257761159554,0.001759442669369034,0.000493879234343983,0.0015180955654134072,0.0005626502524935451,0.00046371062572588147,0.005657148374689014,0.002776444297512932,0.008247826234204633,0.005471806410970049,0.0007136367181204706,0.0012380489089248593,0.0035749687441588747,0.019158060147587083,0.003851727213894162,0.00034116589384536864,0.0009681982720577842,0.0803532711919866,0.008458745063008841,0.029868891340299394,0.001828971881890074,0.0027330192603518197,0.11624305534063285,0.0002791386420755179,0.0002622705996405437
2023-05-01,0.000912941297206825,0.042524169340526725,0.00022234616822903232,0.0020735228133248913,0.00017793050432732748,0.004867991967794088,0.0003066381521544335,0.0026187016923014585,0.01843653639836416,0.0007755064084808695,0.003166134906733706,0.00046140989794147245,0.000899999379858812,0.00034457198767178453,0.0030417909393064685,0.015029166432392781,0.0003894079469739874,0.000524895335141472,0.00029511267107932713,0.0010633932590974006,0.00047505654340072043,0.0002734774332747706,0.00035612097513938604,0.003061352676712096,0.0005284708705448559,0.0002703214950693976,0.0004651291045694641,0.00021955645005006342,0.020240303850331584,0.0012602296287598448,0.0001159010734579897,0.0008834799799952624,0.03525535756873912,0.00035392519119092333,0.0010227122375360978,0.001492375198898798,0.005039577979535502,0.011347005488837918,0.003056758393031494,0.001747015267299939,0.015337492983479778,0.000395166669020163,0.00025155778695171643,0.005998362416701359,0.00026017091918126566,0.0009477906323276768,0.010438555940562783,0.0008408939407663215,0.00020000636620067782,0.0023023724452167875,7.833473681724605e-05,0.008705982341531495,0.01812014268626909,0.0016861233639122468,0.0014236978471652796,0.0321639394527055,0.07876226009316775,0.00026453168241342517,0.0027529165062042107,0.055623608092596005,0.0004477806814800513,0.00016159509464285318,0.008559083631981068,0.00038473911450347684,0.0006116590703247177,0.0005335455222563953,0.00043327317072211166,0.0013545436097304226,0.07921244816927414,0.03223646275047766,0.009475747963063793,0.000283208935547334,0.0011873659316283482,0.0006523271404356194,0.0009382536108836841,0.0006529188824424411,0.0016055817489982335,0.00039063793399380704,0.0019450936147661613,0.0005044791538177453,0.0005622444000884095,0.006089126029296015,0.002530562373877201,0.006312140445706235,0.005146141517595171,0.0008916799803463621,0.0009369127203961384,0.003864011017995576,0.0188026188198546,0.002863493709308461,0.00022176702178301711,0.0010954356164572683,0.08267638532508031,0.008085621626927646,0.027461339587808636,0.001507706848345274,0.003093887869332893,0.11270494610186715,0.00046556388207942074,0.00033261488191342267
2023-05-08,0.0009153866881649987,0.04327103894683491,0.00026175683975753226,0.001764244570771205,0.00018955235299082754,0.004992411241074888,0.00035185974801463346,0.002203154860480167,0.019880848406199168,0.0005608671714953697,0.003338474870192532,0.0006366932413820675,0.0010194971932379964,0.00026440829264738445,0.0033849669647299605,0.014659439469458285,0.0004262104677414869,0.0004924670643720402,0.0005232341783314271,0.0009418053645932009,0.0003509370513095203,0.0003245099534666705,0.00028176820444668593,0.0032667204660177048,0.000548133094941163,0.00041142319855236455,0.00042437608107356417,0.00018981730121823973,0.01983283006828057,0.0015572854311643818,0.00017535266874256044,0.0009454631728668617,0.03496054702894594,0.0005342169518219234,0.0010385424924632576,0.0015769309131134987,0.005454838311021903,0.012084168596633419,0.0042876560146646965,0.002077623337571165,0.016951957407988338,0.00047786196163156306,0.0002587357767571099,0.006741719214698561,0.00036997087138176434,0.0008720955096674708,0.011873912147848048,0.0006845497570207381,0.00017154636735187788,0.0024627176279031016,0.0003407271672498815,0.00898479802400382,0.01803056334729753,0.0019228801700800025,0.0011560125620365797,0.03486590398879167,0.0793388656629967,0.0004965271392201251,0.00228735358110151,0.0585931571737309,0.0004941940160898954,0.00021368777001149896,0.008490396296522084,0.0004215416352709766,0.0007796578063085176,0.00047463066491894475,0.0005618612351775121,0.0010259005565934696,0.07885588104331112,0.03464744843417959,0.009598305998431806,0.0002581411387177686,0.0010315071139437482,0.0008606416805797476,0.0009489406476095586,0.0008917627314788791,0.0018051667042276336,0.0005877998009767137,0.0017324463174983225,0.0005432186493624452,0.0005014759064317108,0.006382798466278314,0.0029622108727559333,0.007902202683459935,0.00561979303051948,0.0007574574513122632,0.000861888773719616,0.004140921857966475,0.020418932785349845,0.003282033367539661,0.000289686075142658,0.001091707449215581,0.08291948762672628,0.009353533626268245,0.030025561076116092,0.0020815107014512738,0.0025158537661045697,0.1183582560488422,0.00038346321227772086,0.0004478543049757065
2023-05-15,0.0010114793775348684,0.041974735667454216,0.0003752853885356323,0.001636175688156864,0.0003055010081783275,0.004919341391139021,0.0005110417269449333,0.0021126376171215835,0.019702881923538865,0.0004074068669625697,0.0036897986227002865,0.0006203922966144211,0.0009007998400150579,0.0003286532516592845,0.003180929132625199,0.013380500902655475,0.00023072689267048712,0.0003122134901328783,0.000648093936741127,0.0007750344748088002,0.00036347831414582034,0.00040613638813357083,0.0004163083884938859,0.0030373378998050276,0.0005259899144679779,0.000367177176331497,0.00033108984514906435,0.0002690009546971053,0.018819530192535197,0.0012369145371277622,0.0001927341443975606,0.0008328160856673626,0.03586897001381133,0.00024016619721842322,0.000728464610704057,0.0013366753694689989,0.005156612352715702,0.011568357339809921,0.0031940730316595955,0.001741571377131097,0.016619372557032643,0.0002589466448821631,0.00016585140700215085,0.00533725687138766,0.00025618735763611664,0.0010761615963346706,0.010457169107314335,0.0007435994908422659,0.00020872942507127798,0.002316307915524505,0.0003015647339104814,0.00782797762774607,0.016628112728430285,0.0017453070002149554,0.0009020057023511798,0.036198203246570436,0.07727312813546507,0.0003232652526228251,0.0026922963256112114,0.05574655178624405,0.0004414345853563029,0.00013711853582842708,0.008339200956971844,0.00039855062438187683,0.0007740482710744175,0.0004309931948286794,0.0006644993051134125,0.0013402456698905153,0.0751998930963688,0.034122886563329215,0.009527900334910648,0.00024014934007045633,0.0008809076466095485,0.0006982332337781926,0.000976995094197426,0.0007765211527311862,0.0013556762694712336,0.0003903041805644197,0.0015965359885096143,0.0003958086108530452,0.00048127435714841323,0.005991727002837113,0.002578743528881578,0.008093406741529034,0.005364102734170238,0.0009119333487352466,0.0010558337039599111,0.0028388733062647744,0.02003641905104958,0.003603041710136462,0.0003266252356156431,0.0011538136419812722,0.07959706264155918,0.006750758715232846,0.03127460667015225,0.001326638302459774,0.002472055517937304,0.11144312694379231,0.0002764256603124116,0.00041964880428876266
2023-05-22,0.0009579015162630166,0.04196779025623903,0.0005945537257194323,0.0018160475154489785,0.00044557396592242754,0.004854589958917041,0.0002730557697778335,0.0024902064339642213,0.019659776111868765,0.00040279105228196955,0.003643102475835102,0.0006146581613975544,0.0007824610415411658,0.00041733462172108455,0.002821391429018278,0.013974206721868533,0.0003975496432138874,0.0006217989159329061,0.0006230523230096272,0.0011417537624429006,0.00027228912731952037,0.0006049789262662712,0.00040853057693918603,0.003062394828511344,0.0005190696701635012,0.0004023065778907159,0.00016492127471536417,0.0001676055527307251,0.019358516023903816,0.0012014637880581945,0.0002515037247860605,0.0011203399938619623,0.03547128951772814,0.0004027729519296233,0.0010545627364162914,0.0013883213184125987,0.005146435628070803,0.011214721654368721,0.004232153859712096,0.0020083811819055744,0.0168930652922814,0.000243790840621263,0.00032878998426270466,0.006003457320690061,0.0002710348377937122,0.0009694167863991702,0.011239142046552577,0.0006717534970443747,0.00024707320640887794,0.0021663572125089937,0.0003645503101311814,0.008659122773269164,0.017533783512273464,0.0017094922075144732,0.0009688074555555797,0.03394903638795908,0.07813248928240404,0.000518945793881425,0.00222144894848011,0.05862535217160693,0.0005496102143171955,0.00020025318603978764,0.008411662659346716,0.0004185766045844767,0.0006729732747775176,0.00041543792716070693,0.000507816725302012,0.0013293567671365993,0.07737943537492153,0.03425967594379531,0.009608266243114953,0.00012533959520709712,0.0009477093998139481,0.0008364126023077321,0.0009790220570951886,0.0007509095404325269,0.0020004334746776334,0.0004900914564284638,0.002002447037811686,0.000308835419858845,0.0005601902102191402,0.0058375156858771135,0.0028792064483780366,0.007420118456629735,0.00545632715529296,0.0010162490686443624,0.0009610827014111107,0.0037016993921096756,0.020553176008366807,0.0037223979536552603,0.0003502383711075068,0.0009634242134480648,0.08171023550541799,0.008774074965849142,0.029245404257760822,0.0015303510165342738,0.002716954127025558,0.11427808431123293,0.0003052834510276208,0.0003685090700446997
2023-05-29,0.0010349749855304577,0.044386234953061786,0.00032569779348743224,0.002002568592052534,0.00023135452877842748,0.005486927807717053,0.0004367017896383333,0.002544163734475696,0.020862583676499166,0.0006776098685186698,0.003768341108595812,0.0005172056510962439,0.0011213876096791639,0.00047603419461318447,0.0034492886057117746,0.01270970158053402,0.00015655277642678735,0.00047213040194890826,0.0004751039093705273,0.0012172325773582007,0.00046163094102112055,0.0003317964508269708,0.000341996088031086,0.003633815569536775,0.00044863197249503395,0.0004342995880628218,0.00045380135637606417,0.0003190521482650607,0.017554790873927834,0.0011965164821823478,0.0003894539508053606,0.0013981402521009623,0.03527521302437629,0.00026455926050722325,0.0010399305796378287,0.0013845494802006983,0.004462966395760601,0.013155315932615822,0.0036328165287319945,0.002133715140450883,0.016462804976696138,0.00030789859252256305,0.00030229031029066017,0.005675166967734658,0.0003114404029514471,0.0007057055677732696,0.010642343141977493,0.0007588761351383332,0.0003806968892206779,0.00277866764396955,0.00037510320274648155,0.008198162197426369,0.015967826772729843,0.001548395462229945,0.0008024712332851799,0.03670099561271699,0.08195633905749228,0.00047053564820152523,0.003132200570123911,0.05806249546585257,0.000634707492949704,0.0002552162162956194,0.008358274374660501,0.0005703246306245766,0.0006256447648993178,0.0005081748088016425,0.0004915921882743119,0.0016192858707371272,0.07825071740773158,0.03553602200116113,0.009994551565924506,0.00022464064058925196,0.0006829165453862485,0.0008097088516401766,0.0011960094609172237,0.0007206990611827164,0.0017480933190656342,0.00046095597071663265,0.0018591952042779304,0.0003707799001565452,0.0005726471127497841,0.006158636924568214,0.002785236707457049,0.008183240678415834,0.005673715145772808,0.0010240766499966828,0.0007349652704467103,0.003179712908056175,0.020013965068613547,0.0034262654351630614,0.0003349834786064906,0.0008680776680621674,0.081094224852572,0.007135326901183639,0.03147396117471007,0.001768394215508074,0.002926947969843466,0.11326678715311139,0.00022711443370233532,0.0003288810840351579
2023-06-05,0.0007904920634343917,0.04208130273842751,0.0004195662642489323,0.0015114215923565785,0.00030183235120612764,0.0048770438549651275,0.0005050384700813332,0.0021015219796877904,0.01946438095923476,0.0005465862652361698,0.0038796835303331664,0.0007324770751104061,0.0008165355129894645,0.0004465259977516844,0.003231260219797919,0.01339792965686671,0.0002267247214280872,0.00044181315840308567,0.00044528983508272717,0.0013724025477559,0.0004570427796253204,0.0001570503251406704,0.00019186412038408603,0.0031079904060847003,0.0004319677006844525,0.00045122032102790484,0.00030244587902356404,0.0001640864606715555,0.01825235775289534,0.0010889187530595324,0.0001903995445061606,0.0010662269779609622,0.03508328423163249,0.00031042292489562334,0.0008247499413768175,0.0014175662926809987,0.0044952095398904015,0.012432886932829621,0.003944218065735194,0.0018472921695990613,0.015372214014074105,0.000547310869535263,0.0002721724791696469,0.006058719678226157,0.00037118050635097843,0.0006479126837558698,0.00985574098271925,0.0006475513068907187,8.318585076427787e-05,0.0023082038047395185,0.00032220435755118146,0.007713693166555832,0.016709584421054673,0.0016339826110330132,0.0010591566101039798,0.03488346018832884,0.0774075498671686,0.00034257081918272507,0.0023868846120662117,0.056590821186552245,0.0004964565928891719,0.00017684210308027963,0.008302361288590784,0.00036790557263517655,0.0004979858133070178,0.0004773625593046583,0.0004626957462656122,0.0013392759459281646,0.07554359051491495,0.03218545491531255,0.009578795881583248,0.0002315764991170567,0.0010623668349752481,0.0007203849635250134,0.0009972569943422988,0.0006371179476913888,0.0018005243733367335,0.0004750508435895468,0.001675075155571431,0.0003421893355742451,0.0004944508504179283,0.006096849684438712,0.0028831197731373935,0.008694290427001834,0.005792496082495269,0.0008494526701222534,0.0009722364054747107,0.003255372697163376,0.018859860212151233,0.0031357716279442624,0.0003368575001147632,0.0010005336570790366,0.07952754096496792,0.007441204694942739,0.030294412950002805,0.001529737657276774,0.0024012391408629007,0.11161689528909571,0.00027542511750181366,0.0004174790612684697
2023-06-12,0.001089027871321751,0.04320570393936371,0.0005051398647943322,0.0016864303634762567,0.0003595841270534275,0.004865087047969655,0.0003175993133482333,0.0021704641647921647,0.018893323691526763,0.0005148347156190697,0.0034440373757831082,0.0004928378632656171,0.0010384074017572645,0.00030770340224448457,0.0032333373532861857,0.012872096841754124,0.0003602121743823872,0.0005039842244770661,0.00045723588497232715,0.0012616883049300003,0.00034252846473102036,0.0002877269428267706,0.00019748579092038627,0.0031342237893410346,0.0005456809348741906,0.00035260253011329835,0.0002858673953980641,0.0001769397498374235,0.017543488516420108,0.0009428175563582709,0.0002953624639452605,0.0012937205372649625,0.03311011857133734,0.00029314173245302344,0.0009212210186522839,0.001129666997394298,0.005090997727606402,0.012216718381445222,0.003801909148425195,0.0020659503339755816,0.015371252581499257,0.00023762760092046304,0.00020771759661849197,0.0054015909622918586,0.00022156136177173844,0.0008676764460725691,0.009794944844226262,0.0007434626400647064,8.8104812483478e-05,0.002304917765580095,0.0002556038950656815,0.007278653566231603,0.015428038725247707,0.0015396300161688312,0.0009914372579676797,0.03589796440983234,0.076554001610289,0.00047886910740512504,0.0025593075779407107,0.055995938133791556,0.0005143325161566355,0.00015938665324203644,0.008190743551787758,0.0004305763102017766,0.0006335813927124177,0.00046431713362840826,0.0003224677331243122,0.0010544676417148509,0.07474253519804765,0.03313489539861283,0.0103476177789256,0.00021682581928974715,0.0009453282127960484,0.0006826472189658715,0.0009879825810978089,0.0005824962713192281,0.0019247469588191334,0.00030472911111330356,0.0018821785642819835,0.0002512805924757451,0.0004981924882583817,0.005838621034600312,0.0027519088572397644,0.007483276746672735,0.005457380859602718,0.0007469056027133182,0.0007925270457290106,0.003264248606083875,0.018919443691388864,0.003512785290143961,0.00024242093109716934,0.0009755354868048941,0.07917626999675137,0.007674790550181644,0.030879146778634382,0.0016191113298906741,0.0025794836215511686,0.11081320898884914,0.00032755522281282076,0.00028554583202538935
2023-06-19,0.0010188930661122362,0.04038521946673597,0.0003543452891977322,0.0017547352428196198,0.0001841428815352275,0.004487509559578148,0.0002670915751437334,0.002358513892590247,0.018922998881021166,0.0008876314802639698,0.0037149207173572656,0.000645701547492334,0.0008863377078812642,0.0003070962030637845,0.0028074300647851456,0.01265907705578509,0.00015957777967998718,0.0005564926317117773,0.0003813528378294271,0.0010340998834196004,0.00021716991799082026,0.00013723596682047056,0.00027185084011148604,0.002953776566795149,0.0005082615194836944,0.0003121613331297082,0.00028519947629926417,0.00023742823227973272,0.017643460949396776,0.0009402535386217508,0.00012004265826325863,0.0011910656230682624,0.03287577867658939,0.0003424350722961233,0.0010124465347730194,0.0012020890092072985,0.004158365448447802,0.011238976819976623,0.003666349655449897,0.0018069744244859705,0.015622128464992207,0.00033688219970546304,0.00017221282110644416,0.005661410426668759,0.0003499344038487448,0.00081558998999837,0.009689960043341814,0.0007478690146588038,0.00023738139012837795,0.0022260055497491044,0.00025505741580308147,0.006375106585627923,0.01583716646843859,0.0017512958277529874,0.0009888870214088802,0.03346603449873254,0.07117430666042769,0.0004775939891257251,0.0023781586601243103,0.05475843247695601,0.0004325236830175791,0.00015195639040094667,0.008308947030067605,0.00037946137281657675,0.0007072178028867176,0.000458053959582728,0.00034693224329161216,0.001090342827665838,0.07245354025218473,0.031675455634688876,0.00899884346649036,0.00021240508590308183,0.001067590043714848,0.0005159724917366718,0.000866131837651651,0.0005326692465919694,0.0016708117096812332,0.00042408711574345325,0.0017341121460594934,0.00030063465223694515,0.0004718018958487427,0.004954067696923513,0.0029494182349430213,0.007266490853764731,0.005476426645549063,0.0008556933031370248,0.0008411524664734104,0.003329930706991574,0.019371146930328324,0.0029793573231757606,0.0003820244455556161,0.0007805996193485245,0.07730053114568314,0.006729346368311044,0.028523022878499338,0.001914992808785574,0.002649230329226573,0.10864503978545123,0.0005268537793176208,0.0003871538680119534
2023-06-26,0.0010385959544089872,0.0430527971957364,0.00027047281953093217,0.0019035834277549037,0.0001691479922613275,0.0046178625313781415,0.0002291374924055333,0.002438298923791476,0.020275625960777366,0.0005342219171682699,0.0032380289900350223,0.0005748739695368409,0.0010598085996899645,0.00030006561798028453,0.0030528011485253747,0.01424040828002279,4.279073631088725e-05,0.0003667716311773905,0.0005169932847338272,0.0014120888025255,0.0003887733715858206,0.00012423215359417045,0.000347635367754086,0.003349912837328825,0.000584966039299339,0.000351201321879599,0.0004148666950608642,0.00029523207758837245,0.018780581053764567,0.0008915425448596493,0.00010106561689414507,0.0013305645842338625,0.034458806060587224,0.0002855039481888233,0.0009834803529558383,0.0013415879703728986,0.004503068880349603,0.012592963915905926,0.0031756240993394943,0.0018548846421076245,0.016559411930107217,0.000228059460526763,0.00030705521341396156,0.006432575046257758,0.0003646521985719976,0.0006946971567001701,0.011278959483710688,0.0007511412331767574,0.00012855865094967797,0.0025118767048020307,0.00013827037243398146,0.006934896578017808,0.016965917836385645,0.001787316093171287,0.0011533362520863796,0.03418948644113946,0.07435134119760808,0.0003577585127683251,0.002253970118169911,0.059156077376420646,0.0004993531896959351,0.00031127175434980046,0.00879912708627093,0.00041530074167337664,0.0005374817875055175,0.00041085826605409537,0.0003648519277200119,0.001576023922730439,0.07585805308219692,0.03460070039888839,0.010005167600042237,0.0002522483871713473,0.0007550593585118484,0.0007713496719025345,0.0009267642746425124,0.0005811404794406392,0.0016076600817633334,0.0003660945039626666,0.001938757188948204,0.00040336052543904515,0.000566279944627393,0.006359315348049713,0.002530492733077584,0.009161104044828233,0.0053195127433297235,0.0008529990881088725,0.000913888561127611,0.002343371831465475,0.020375254436831358,0.00289791509732766,0.00021705453296462827,0.001209793951303688,0.08094062931236687,0.006012392840483244,0.02928155623824897,0.0018657787132007738,0.002792409268809931,0.11247647964184876,0.00020250027566302072,0.0004234817176531072
2023-07-03,0.0011798838773868386,0.0405442717743304,0.0003910291654253322,0.0016256104857346877,0.00031882266554642745,0.00451713394620191,0.00040357652941893344,0.002098630053083316,0.020683049869645264,0.0008452737364792703,0.0035349047551598714,0.0005621402309646371,0.0009936815811679644,0.00036782776367128456,0.00318781233732159,0.01249594294258755,0.00032281817373098744,0.0006048681719605003,0.00047154759360862715,0.0014071929842007001,0.00022168284365072037,0.00045378831847077026,0.0004368964044263862,0.0031030189717484065,0.0005123734561337388,0.0003643073010857876,0.0004502450406141641,0.00024133222132221644,0.01739596237679886,0.0010160195081830156,0.00012365299879106063,0.0011523182198113625,0.03391067009740123,0.0003274132392359233,0.000837104613098921,0.0014735758616768986,0.004705271608098002,0.012705107169761826,0.0035381154821980954,0.0017164482235779966,0.016746670695836872,0.000271057242489463,0.0003268607500170475,0.004984011967389759,0.0002932889135957059,0.00043263221018346976,0.009792572193923491,0.0007459390731938689,0.00024911499684407797,0.002373882334194863,0.0002890335366346814,0.0056061672952895485,0.015532191309392852,0.001717812219033827,0.0010009427423077798,0.03264426238835733,0.07200542904523416,0.0003155782943900252,0.0019772129350878118,0.0579160804582495,0.0005416311377917118,0.00023056759580525012,0.008418295632054817,0.0003181493412604767,0.0005987129877027175,0.00041139153118468504,0.00022579123626001194,0.0013654137878146774,0.07335345549896304,0.03572661427493065,0.010357344729954327,0.00013958063116479376,0.0008247275587029482,0.0005572041478956583,0.0008717196734323183,0.0006155452053876137,0.0015984102997760334,0.00038179452448124036,0.002005487356285693,0.00020715167011314502,0.0003578599920439501,0.006744940749058615,0.002514500320316892,0.007049350381466833,0.005381579838125496,0.0007345094965034466,0.0008360590698649117,0.002848460305862074,0.020790822961246513,0.003256323443854861,0.0002727934044052772,0.0011819196859414658,0.07924028148722899,0.005656998165736042,0.028261956893346207,0.002004026622667374,0.00246516674369808,0.11147220715903497,0.00035761740352622075,0.00030355869296429044
2023-07-10,0.0009525092776567199,0.04085691535201015,0.0005240469587205321,0.0011962512904349898,0.0003471778669075274,0.004613766694705779,0.00038022602149223334,0.0016310567636012552,0.01920571200347427,0.0006964124754090701,0.003147335654809396,0.0007259870867816795,0.0008448203200977646,0.00037033011038848447,0.002946664525336388,0.012144120618113173,0.00016957780590568715,0.0004902866478102545,0.0004750925847914273,0.0009493486407628007,0.0002487868716532205,0.00019713653206997054,0.00033619586146128595,0.003259562134688321,0.0005400767043808175,0.00028677430138757007,0.0004277286482599641,0.00020910301759017978,0.01725852199327467,0.0009818650117294461,0.0002287326485113605,0.0008739841566288624,0.03085499439035211,0.00022546152291222328,0.0007911952126375574,0.0014062352135072982,0.0044730177021903034,0.012025653350166223,0.0030506694921412954,0.0017139040166518358,0.01527269534646971,0.00042951083264236307,0.00021701018377808483,0.005576551791469558,0.00021692016572126717,0.0006969995656290699,0.00930695386346864,0.0008044391963088302,0.00012151895476947793,0.002462095366277999,0.00023899605849178151,0.005828696029377519,0.01522362202816882,0.0013254431559922768,0.0010616151939989798,0.03234408130373439,0.0710877660119765,0.0006572956848741252,0.0020983493095770105,0.05167613267181945,0.00043612711878509886,0.00017909924991805825,0.0077090310892228685,0.0003994614252679767,0.0005764051242416176,0.0004932299855871553,0.0003569322695173121,0.0010946051927105303,0.07106829001728121,0.032289952597367624,0.009139627502175254,0.00013724221805845892,0.0012750695900900482,0.000685823976419643,0.0009043990225554576,0.0005542345784302208,0.0016105049755760336,0.00037183065790153216,0.0014936664478743412,0.00036497967358674517,0.00031462468230868633,0.005695196352522915,0.0027604292161830706,0.007389617525901033,0.0051716583702390686,0.0008309234733200237,0.0009188308561241107,0.002588893843058775,0.018691818202493007,0.0022432706763035604,0.00022211066422786734,0.000822679382095518,0.07552850060705718,0.0055323309843667455,0.027807448724360896,0.0016800341880970741,0.0019235939241571505,0.10483584113478478,0.0006716051793285206,0.00028593683263938385
2023-07-17,0.0009350453293981865,0.03917463325435286,0.0003692422518319322,0.0015315664213458658,0.00027016641204662746,0.0041732722519539755,0.0003032145666313334,0.002008678588372913,0.01767642511062527,0.0003860212644653698,0.003322822740965731,0.0005540585717234243,0.0010058794043195647,0.0003980853877865845,0.0028927241546198874,0.011716402752679232,0.0002755172339146874,0.0005016260965152178,0.00032015757837512726,0.0008230810084390002,0.0002495686688198202,0.00017211754475517086,0.00018073965693388616,0.0031072788386339698,0.0005745531214717564,0.000365540021858189,0.0003774300745748642,0.00016762766183629134,0.016315483367711943,0.0009901982676050862,0.0001773916786040606,0.0010611046243875618,0.0308583228328068,0.0002525653026713233,0.000791562782479503,0.0012554697919797987,0.003677493267682904,0.012007146383276724,0.0024929549976610956,0.0017820797861322502,0.015214821206803938,0.000353020575892563,0.00018109672354891452,0.004638470805684558,0.00029286725329534996,0.0007792230016010696,0.009272201081312898,0.0007264483060720419,0.000358286498574478,0.0025075136029024617,0.00021384677164928149,0.0060816849257622815,0.014890635267484891,0.0016680588671478588,0.0009100679753047799,0.033637130791220535,0.06919535465170693,0.000608430405994625,0.00250230001540921,0.04960130280668491,0.0004513145341388932,0.0002164904288082764,0.007757884585066231,0.00040180681676787674,0.0005524285331490177,0.00046099272675673023,0.0005676384297853118,0.0008056775311607263,0.06859914879878225,0.03118387021401549,0.009318443597339687,0.00023046160767951603,0.0007580115042394486,0.0004979488983688506,0.0009857367611280498,0.0005224403735512044,0.0016180623481870339,0.0003450248090205289,0.0014953196519873024,0.0003928652505125452,0.0003113465532764235,0.005455821340180712,0.002607734466463938,0.008419821755805433,0.004920191494227792,0.0009973256152677685,0.0008958966612537106,0.0030234664159000755,0.018681309916904313,0.002361197660867961,0.00026565812185744774,0.0007957646271344274,0.07265112544083892,0.005829428687513842,0.029147107403720805,0.0014256747300605745,0.002279691368128234,0.10481587167094704,0.00033345869098672066,0.00032507073060739593
2023-07-24,0.0008243482310459399,0.04097193081224473,0.00045324166971943226,0.001486611916123304,0.0003796342638397276,0.004423418770793655,0.00038612911078013325,0.002035727484946675,0.020093915058279968,0.0006049569680516702,0.003344454540126395,0.0006110289560617494,0.001417197503847864,0.0005089997378978845,0.0035904938557006273,0.013307084801604887,0.0002802183534487873,0.00042547034604406586,0.00027102883346152704,0.0012060376774252002,0.0004641648774515204,0.0002812237719687704,0.00036914418250078604,0.002922788831901304,0.0005308934168312526,0.0003224041865544857,0.00017006635753416397,0.00025128078721371966,0.018126227454688275,0.001019847454190189,0.0002592213490142605,0.001127229724539962,0.03209039221560681,0.0005209913757507233,0.0009142548631091332,0.0012975729565447985,0.005517472522552606,0.01092476498142912,0.0032001826383146956,0.0017628183364486283,0.015586810222541308,0.000304615080138063,0.00019511676848929017,0.005587416498436259,0.00037966293829460256,0.0009763065170771702,0.009871214442684306,0.0009272761581442947,0.00020511427056097787,0.002251840416921854,0.0002429314513503815,0.006086076480323872,0.016082087940160472,0.001653128635840175,0.0007906815465266797,0.03401058827384819,0.07327045148781715,0.0005112577899061252,0.0026712290115858115,0.056510669326017185,0.00047242509439377476,0.00016076033717869246,0.008359018109522614,0.0005676359050655766,0.0006378744493547177,0.00031866813921122683,0.00030825297119461205,0.001155296241971209,0.07180585226901381,0.033673610916452906,0.009338058809167533,0.00024331479845362958,0.0011944364130938487,0.0005542292584706579,0.0010113603777695435,0.0006402440997333478,0.0012672902667807337,0.0003928463262180069,0.0016130674677803654,0.00026516145640474514,0.00037170260473450684,0.006550345144775214,0.002492550073607806,0.008450818954215233,0.0051600230302310725,0.0007904238407536361,0.0006655958823642109,0.0026208795041863745,0.019301252828993035,0.00245227485700936,0.00031856346954271954,0.0008957720185320289,0.07778406342065104,0.005824470339210942,0.029389243981286034,0.0017351190939662742,0.0022354983234082948,0.11117406389719472,0.00028216019859592047,0.00037231505567487824
2023-07-31,0.0009775749116659057,0.0426483715395516,0.0004812104071277324,0.0016192751900597603,0.00027421721250472757,0.004686025831856478,0.0003339071390940334,0.002196503847145732,0.021198938579199567,0.00034083932137267024,0.003644671999701158,0.0006398843705028692,0.0008888737461294654,0.0005105036320220846,0.0032792183279356287,0.01357903209201201,0.00028136839013198736,0.00042957518361470793,0.0005382427327492272,0.0010768097136134994,0.00046540337849502046,0.00044213597631897035,0.0003703826835442861,0.003460846390369478,0.0004767671328080232,0.0003566731721496157,0.00038373131973206407,0.00018549355727736876,0.018901661279091632,0.0010272938343203432,0.0003665846162746605,0.0008908154221883625,0.03443282351518661,0.00017624069817612323,0.0009629470686768224,0.0016211666524500986,0.005078982089195204,0.012772764329798623,0.003506069462600194,0.001952626874909541,0.016487819625575467,0.000252304644091663,0.00018003245405621382,0.006647146266910759,0.0003461062053009163,0.0005533998106937701,0.010575111931929152,0.0008250626473041911,0.0003392962385464779,0.002657061053858421,0.0003768480262550814,0.006861946653148836,0.01691376032700349,0.0015018360598140408,0.0011398554421135799,0.035075410801908,0.07607929534859181,0.00040654845345312505,0.0026272342254024124,0.05721836073876878,0.0004234987982884436,0.00019272931930622333,0.008878157983726877,6.356538162517657e-05,0.0006395552721994176,0.00042680280815180453,0.0005486481697573122,0.0012557212827563082,0.07301746052751866,0.03537614433074232,0.010082432547091017,0.00020102329333835913,0.0010654738423629489,0.0006353097738927106,0.0009668920572147472,0.0005241850888610675,0.0018839434547360335,0.0004917438066186686,0.0016964810257020747,0.0003725247236651452,0.0004823101739884956,0.006195230137481014,0.0028110715060979926,0.008530907199378431,0.005572861254517912,0.0010824694426547028,0.0012796836038724113,0.0027112436147088753,0.020460011437239044,0.00339420256371466,0.0002687448860566029,0.0009321001936435478,0.08075066051859858,0.006648139662774739,0.030212441340428463,0.001633771403202574,0.002516938508699422,0.1160341624319257,0.00033570913568572075,0.00039528738516740066
2023-08-07,0.0012476546767197162,0.04486230354500258,0.00018250384104443232,0.0021366149274739017,0.00013649069325542753,0.004971494284241444,0.0005011994914127333,0.002585495280141077,0.020822595099935465,0.00065442932803877,0.0038910143550320263,0.000722167291532491,0.0009559113159148657,0.0004402788659131846,0.003431423896370028,0.014337905134069608,0.00029219835484338755,0.0005443447943464088,0.000771907423401727,0.0012102196217327,0.00047510392839972043,0.00026873236661197075,0.00012495966147008602,0.004057402253577097,0.0004887403298423102,0.000352745793442002,0.0004954812984283641,0.0002624739489406827,0.019577184474410213,0.0014211744283815263,0.0001222910090071606,0.0014958713227427624,0.036837876266507835,0.0004767419105175232,0.0010723970855561343,0.0013793329228923984,0.005985606529735504,0.014170713784452123,0.004018714397105493,0.0018342968921123914,0.0184644997700336,0.0003952140540191629,0.0002177954736220525,0.007588921527391455,0.00038303208162995063,0.00047752797055167,0.012072956778072711,0.0007567686077040055,0.0004232750304315779,0.0032161893428264967,0.00028562856217498154,0.007888257646772038,0.017505658863369085,0.0017952317662687008,0.00121659356180378,0.03728355176626783,0.07965329997784876,0.0004638854733337251,0.003123201073066712,0.06320690020586694,0.0005205483302887965,0.0002145004858587616,0.009781455262853634,0.0005936778087475769,0.0005925840336751178,0.0004224698285138747,0.0006836516760382119,0.001221155268786972,0.08008830187554411,0.03797935103399002,0.01072642218707906,0.00022401527440388136,0.0008383225052916482,0.0007340872190618805,0.001013833251948504,0.0007933033391703105,0.002522618664231334,0.00045257188478749325,0.002126326091529537,0.0002557929023871451,0.0005789068672887618,0.0071819809421313115,0.0028488605828192745,0.010048837758795634,0.005758466275761202,0.0010129182304828557,0.0011857411268239118,0.0032379057102491756,0.022764221712331466,0.0038206098767215625,0.00028478433969160975,0.0009324380048075262,0.08730864237647933,0.007629181306229643,0.03194757456428935,0.0019033142324092743,0.0031171449460151842,0.127590448066694,0.0005341609192355207,0.00041963144224862494
2023-08-14,0.0010744177123209022,0.04627440310289289,0.00038494913128103226,0.0021901205178298366,0.00023752254214142756,0.005073821039762241,0.0005498074535328333,0.002747177510719563,0.02206561458655167,0.0008284367188489701,0.004203405117634236,0.0006452800737059179,0.0009514594038279639,0.0007429928201066845,0.0037481328737596978,0.015466215317626788,8.733631233108751e-05,0.0006388440160096251,0.000641292897695627,0.0013565522980457,0.0004985811257865204,0.0003433614758826706,0.0003274049517066862,0.003990507005226049,0.0004882905874478707,0.0004004074398765067,0.0005184497058623643,0.000199858592839812,0.020893865503469916,0.0015260454747039437,0.00017255253847376045,0.001387462019541463,0.03900738175074738,0.00047457955321822317,0.00101525129506029,0.0016015666833579989,0.005606301166018904,0.014506281733858524,0.0045031404509595935,0.0019832496388023845,0.019754500619939653,0.0005456170499544629,0.00023443021250753546,0.006354861429836659,0.000381902162322867,0.0009826872149816695,0.012826334964717696,0.0008994843000770336,0.000522271719506478,0.0029415496020281026,0.0003097417470026815,0.008585457878629587,0.018745018040771937,0.0018715621036510999,0.0011086930485551798,0.03832390301864172,0.08220693586438425,0.0004359563638601251,0.0029039657143882123,0.06680491549046774,0.00044925506249375645,0.00022872869932393446,0.010382943118936857,0.0004888300352157767,0.0006664499580167177,0.00043611909355873894,0.0007062384910076118,0.0013207826812763196,0.08313408478381774,0.039824865287559824,0.011227164776079815,0.0002394824129868021,0.0013414465899104478,0.0008515360270287271,0.0011955957585136157,0.0010487253877313474,0.002307453625175133,0.0003775259918045242,0.001923789822655814,0.0002800332847030451,0.0006622526815876704,0.0071520895324053155,0.002809970753699725,0.008807654601901934,0.005903744374822911,0.001090351462893707,0.0014857839337652104,0.0040823031096140746,0.02370634287147637,0.0037742371314595617,0.000268083198361451,0.001130855242431642,0.09227576219028619,0.008345199396746342,0.03274219766479483,0.0019454351226313746,0.003274038405712257,0.13300033530281702,0.0002786557547921099,0.00033161435110122507
2023-08-21,0.0010447700741487377,0.04426780560811648,0.0006200193213472323,0.001694874372054614,0.00041972121875402755,0.004982991593233257,0.0003243427219087333,0.0021204675680331258,0.02052518782100847,0.0005567042264501701,0.0036287498752889478,0.000630427239690042,0.0010903920254290642,0.0004942441228069847,0.003066466963639376,0.01444420435760169,0.00016619332664698743,0.0006109119823784696,0.00034027302809502716,0.0014495173294482996,0.0006831811670096206,0.0004249200253853706,0.0004083631600567861,0.003884098696718187,0.0005031603657389826,0.0003962422700210119,0.0006015091082466643,0.00027767376423903673,0.02003182259682009,0.0014952603881729317,0.00030278021336176055,0.0014795265392151633,0.037350900134547046,0.00042831179244352325,0.0009072806311370664,0.0015676059162121983,0.005350306882865505,0.015628036353516218,0.003433920545366893,0.002138671823269775,0.01869876905720317,0.000346437989768963,0.00020400124331437536,0.006668576310897058,0.00023817483293042668,0.0008148967260321693,0.011576820515140196,0.0008395920863346674,0.0002726225104778779,0.002974580838989879,0.00041578494448618153,0.008316587678828981,0.018333883774280392,0.0018181979616159706,0.0009427035830635801,0.03657880007437187,0.08002040378931546,0.00044165960481002515,0.003068112664399712,0.06184621553348567,0.0005507143940380056,0.00022416343923348464,0.009812265984212025,0.0003926924667505767,0.0007241242006913175,0.00046744983184773185,0.0005333451022607121,0.0011421250566153588,0.08151247918042576,0.03678010294826381,0.01013646260653003,0.00017319741175597503,0.0012298294907540485,0.0006198853408851111,0.0011739083344579817,0.0009675066402031222,0.0023592537956005333,0.0003876088804698316,0.0019605945185055254,0.0003087203207522451,0.000572661825451211,0.006554811030402815,0.0029983526212027144,0.010422445549536433,0.006259810019226589,0.0009414135623670248,0.0011662828277101101,0.0035715567176346757,0.022718179618032942,0.003335443830540862,0.00041451051377367073,0.0009569800335319551,0.08812150038697064,0.006715063120907543,0.03124951520668156,0.002248985696119474,0.00257186743938356,0.12994661257189413,0.00030524159680702073,0.0004933573814913237
2023-08-28,0.0008898408402586572,0.045690923951938495,0.00026595094404393237,0.0017762916911908035,0.00019269793120562745,0.005038074113010904,0.0004631310859028332,0.002351285113040326,0.022335576454977073,0.0007322304141320698,0.0036680860397882657,0.0005979963403861177,0.0011443993700569646,0.00029497850805738457,0.0035838191805177395,0.014864944468352893,0.00022516257643278768,0.0005402312352266684,0.0005331951760116271,0.0016200816119725002,0.0005408124595329205,0.00033184963596787054,0.0003930395423348862,0.0042941039711423745,0.0006356549087828054,0.00038948404803940416,0.000564644845264364,0.0002508237198657243,0.020233011289873752,0.0016055589082824633,0.0003103788025754605,0.0011996245901249622,0.03687369816826794,0.00041229739388402327,0.0010447801368881258,0.0017117940876126988,0.005778726712041303,0.014359959990870228,0.003649259143040994,0.002220329444033641,0.01828313411392539,0.0003026659184106631,0.00015400330857471585,0.005651456957091259,0.0003867128851595269,0.0011014536049093696,0.011825328153623233,0.0009250862820989424,0.00025591733108077796,0.003411850804268556,0.00018876165693778143,0.008344222537790774,0.018094892095296626,0.0017160192802377905,0.0010223962579774797,0.03735349507796028,0.08372450055092466,0.00029652777398292516,0.0027317517102851126,0.06389161463916188,0.00044573420862377595,0.0001512527085110525,0.00971325105032458,0.0005106309663220768,0.0006608838265854178,0.00047263868421227977,0.0005180214845388118,0.001183840844456945,0.08435105816702901,0.03800571642258812,0.010852086929862352,0.0002474450506540554,0.0010012982022358486,0.0006831542861533814,0.0011742492040427023,0.0009972249743055587,0.0023409141759391334,0.0006408741429330622,0.0019083821890300873,0.0002108144654714451,0.0005709357818219227,0.006567303669844814,0.003002594603562006,0.009847814520247732,0.005954479206779822,0.000795193322714324,0.0017707346017460106,0.003206620870589174,0.022234620759166965,0.003620239829859262,0.0003306567386001535,0.0010975962550928877,0.09083226493139625,0.007437259100290843,0.031861691834638745,0.0019884256104822744,0.002581992262098721,0.13203389285278455,0.0003607569424047207,0.0003304371474945067
2023-09-04,0.0009300855392841922,0.048541469840995104,0.0005291248513312325,0.0018978489387489464,0.0004559370833761275,0.005091693516688057,0.0006207026813709332,0.0022213695017637087,0.023625478527897564,0.0005204712089862697,0.003354024155626678,0.0005973054326734004,0.0009586574291771642,0.0003737153721289844,0.0038556197639655993,0.01545613187402159,0.0004092081503491875,0.0006835918883969082,0.0004798883722571273,0.0012756262901684994,0.0005666013667076203,0.00041042338783147064,0.0004188936943928861,0.004345799748695971,0.0005731152412658803,0.00039369365810520973,0.0002214944211245644,0.0002843553681058724,0.02168218817699026,0.001510291451512571,0.0003100199557177606,0.0013563480021113617,0.038517500872311025,0.0003854971910195233,0.0009534456529434541,0.001499088831660398,0.006089172271386606,0.01352556523349563,0.004855742164432396,0.002135074802379455,0.020080070669394344,0.00043402451496306316,0.0002744686588218549,0.006302280033040057,0.00029327520014776854,0.0008366159531002699,0.013136406870972337,0.0008800061369146859,0.0003081802167039779,0.003356109251298039,0.00016222243360608144,0.009174495641048237,0.01970683679972379,0.0018819431317389768,0.0011791196699638795,0.03744990651173237,0.0843322668162062,0.000348790659606125,0.0029126329073661107,0.06752269084687125,0.00046149020168380047,0.0003130402034217169,0.010031926996261924,0.00029916536315067674,0.0007392618437994177,0.0005028671632836809,0.0007019365686889115,0.0011528587179951482,0.0878913904830379,0.04204649214598106,0.011481867426659161,0.0002539818364833036,0.0014477999897243485,0.0006587447064295357,0.0010899635381507876,0.0009715263666964564,0.0021800803363107328,0.0004988041613595405,0.0018225593408985616,0.00031596006310824503,0.0005743180388219512,0.007535357772992313,0.003028848959046002,0.01004688359560993,0.005808110981988123,0.0010756643097435987,0.0018742490773027104,0.0040450127441476755,0.02501407856028931,0.0042738684357859595,0.00033573628462011675,0.0012412988300622052,0.09730126166644482,0.008558970105913943,0.03214470507022462,0.001986174662011674,0.0024964167064435118,0.13925993689898133,0.0004922786511651207,0.0003808751639759279
2023-09-11,0.0008972442036094599,0.04520690025384291,0.0004928251152498324,0.0013851753922094455,0.0003950508434479275,0.0047235820976925975,0.00047961465217323323,0.0018952942926857676,0.021277776617916765,0.0006873057814085704,0.0038088282549289393,0.0006146648021988277,0.0010675340697298644,0.0004182030869288844,0.0034400952699132088,0.01483303766765088,8.957231649468745e-05,0.0004917417157316965,0.0005729634331389271,0.0012990301869460997,0.0007621220742588201,0.00011713104265897057,0.00022921831911318613,0.004349807586421046,0.00048457354618058744,0.00031500344121308485,0.0003971139177227642,0.00023981333669234497,0.020661346989323662,0.0015955617372585935,0.00020054636970766055,0.0012000327710086625,0.03813931270540145,0.0002748522817859233,0.0009687649779024287,0.0013140874654288984,0.005568113978480703,0.011911471646094823,0.0037802992859807963,0.0019216324029377213,0.016662050718760583,0.0004246539291754629,0.00022928597495537655,0.005967946239663757,0.0003004460507405447,0.00110062521768647,0.011469921984347802,0.0008912670360715183,0.00017060615717657797,0.0032146936213642576,0.0003138410879691815,0.0077990249978896024,0.018590010533575972,0.0018099532437051784,0.0012288670554234798,0.035813257246348464,0.0815577715537274,0.0004172792166410251,0.0026907348595957108,0.05991842529946015,0.0004929148674939592,0.0002030206345896015,0.009141577877223975,0.0004970287171487768,0.0007773072808702175,0.0003934142755721517,0.0005860207049497116,0.0011456286545752745,0.08286406847075438,0.03504793990129533,0.009949779013255382,0.00024335142016785412,0.0011047376914007482,0.0007983737147148558,0.0011504957967361845,0.0009448239101310695,0.0021080552419140337,0.0005285596456511232,0.0017941507680216378,0.000618611710222745,0.00041809388752475554,0.007007845918511714,0.002920135471530221,0.008518882265133032,0.005752275683440755,0.0008659590531114045,0.0016839767565656105,0.003505810225123974,0.0201759949232797,0.0029080728040661603,0.00025442929093599993,0.0009858514494715958,0.08859244916705057,0.00712462949793064,0.030473617236099038,0.0021518266273647738,0.0023168729380046594,0.12717799387260742,0.0004085628922253207,0.0003098308590827215
2023-09-18,0.0009836963968262184,0.04632449032905872,0.0005520852000651325,0.0015123005838542977,0.00045308812341982745,0.004851998399500272,0.0005907979927435334,0.0019564447915119097,0.02223794222213497,0.0006995338298423705,0.003946915197963253,0.0005542910119914317,0.0011095959613784644,0.00037157865216178444,0.0035795664060705333,0.015161887640128952,0.0005891610711915875,0.000512192060884814,0.0003198687801951271,0.0009792596947674004,0.0006418925728110205,0.00030273465313897057,0.0003898793057518862,0.004168837288120642,0.0006307252834548991,0.0004064788224787964,0.00042939337062436423,0.00017592038125730436,0.02084447657826237,0.0015722564678065333,0.0002295650096935606,0.0012694828961854624,0.03762783751938588,0.0006710021265873233,0.0010162150246107973,0.0015421605691719983,0.006003722254525205,0.012623092165669921,0.0048446930536880945,0.001974844942975401,0.016865232500432294,0.000431175555006763,0.00044349105275588046,0.005810637966117859,0.000344516333217912,0.0009615671166141699,0.01196598777730281,0.0010606864659646667,0.00035784017411437787,0.003097556066917181,0.00042298642046728147,0.009109046011481471,0.01845113591318669,0.002060793469228294,0.0008829311345599795,0.03686899628954245,0.08133751791834186,0.00047694690307082505,0.0028136597216260116,0.06279713484022481,0.00047333585779004176,0.0001712755829520977,0.009428008745442638,0.00034900338055837677,0.0007090010351775176,0.0005652728126029451,0.0006718538200642114,0.0010353685670639744,0.08277754957863345,0.03571988957937024,0.009917094411308806,0.0002586777870869419,0.0009403293648726483,0.0007041650902456984,0.0010617905205087,0.0009756895872844088,0.001825863023624934,0.00035605572635907475,0.0019102539073442473,0.00044482854656204495,0.000614769054238413,0.006838309596532013,0.002725612027096924,0.009432239634230132,0.005938817655666438,0.0010177687590607449,0.0016278985593066108,0.004328193508837175,0.02066587993518491,0.00384987038599836,0.00035434119874951596,0.0011535368294356737,0.08782228322271277,0.009354410333554239,0.031092061272354837,0.002130881094308674,0.0022916964076983653,0.12748796557315506,0.0005164854198799207,0.0004644901238579348
2023-09-25,0.000967094947458147,0.04496402793750601,0.00031849507577823245,0.0016039421604400665,0.00019257307689782754,0.004994883007838246,0.0004101083459887334,0.001954767807452372,0.021132191494838765,0.00065251942732497,0.0030714834721814613,0.0004995574137345878,0.0009590590844475639,0.0003475018307403845,0.0033119833659246986,0.014488175305546552,0.0003303548851577876,0.0005909687816329015,0.0004537338978200271,0.0010917062183969,0.00040868219529922043,0.00027884770510507056,0.00018188498998688608,0.003933658526992271,0.0005879364100519042,0.0004217153673259081,0.0004851419489701642,0.00019962076887127425,0.020234695998902957,0.0016109007185895442,0.0002574392988664607,0.0009352183982985621,0.036394320715462364,0.0003065848588766233,0.0012024187141932282,0.0017369008466072984,0.005537908218464801,0.012503768721902422,0.003461380153173394,0.001940936538063558,0.0165326674412848,0.000355147622990963,0.0002821671559535431,0.005409306684231758,0.00036114613232847355,0.0010478482115589697,0.012450707549642797,0.000876024876175609,0.00022929151134157787,0.003087474702418708,0.00026770270884688145,0.00809877708359025,0.018164044033775542,0.0020685483776467536,0.0011796748993082797,0.03445971375974947,0.08198823528398295,0.000454389068750025,0.002650438426528111,0.05983033482571942,0.000453855654184247,0.00013023758259038973,0.009458475055537397,0.00029933075061497675,0.0007395335517765175,0.00045517590448347167,0.0005704199529140118,0.0010728318760038758,0.08105130910168831,0.03476032452216325,0.009953279202085854,0.0002049218219025102,0.0008950238228434485,0.0005887354007394985,0.0010172812062109048,0.0008963323137902205,0.0018647499692771338,0.0004494380109952162,0.0017196081207465357,0.0005005771249078451,0.0005305860238983774,0.0061677290922955135,0.0028542190835531295,0.0069412816519281335,0.005642242608613538,0.0009251005369337254,0.0017168378816774105,0.0024657383363313745,0.020138841097222734,0.00316903671883276,0.0003206777418376637,0.000790702001316931,0.08611286050654869,0.006744966978020938,0.029865489997742564,0.002197832202521374,0.0022082133578085715,0.11838558880685074,0.00043969799431382064,0.00032346354139504573
2023-10-02,0.0009985941634613736,0.04361308845136802,0.00039096196211523253,0.0012560843692030112,0.00029291811604862755,0.004453858616068725,0.0002742709003164334,0.0017717774226951033,0.019851845220601363,0.0007675445795297703,0.003373192573420854,0.0005251085201674004,0.0008384093687429641,0.0003677657298465844,0.003223315611179198,0.013669604495691674,0.00027104526113318737,0.00039009241274609824,0.0005490027678324272,0.0010450462397709006,0.0007127630142349204,0.00016936556150507056,0.0002558747270653861,0.004094985717259213,0.0005865356969253167,0.00033356252223158255,0.00034676641872866413,0.00017692346690760907,0.01900267799359621,0.00175607627911767,0.00022702306148346057,0.0011262637552373626,0.03580595420575134,0.00014642257878732335,0.000952118152229931,0.0015766977890704986,0.005635085223790305,0.010738144880391022,0.0029686289520783945,0.0020010537543880065,0.014234108824101862,0.000245157862477163,0.00033577555166629556,0.005939254539923958,0.00029429514685079994,0.0009236451774575702,0.01147504263228365,0.0008239616420287922,6.811399742457779e-05,0.003072089912137752,0.00036652489725628155,0.00799746505545006,0.017261193321234033,0.0017267595143960327,0.0010265784785652796,0.03469746949572538,0.08366402562649532,0.00034135360675302507,0.002002641891929712,0.05683544428820475,0.00048444470806046714,0.00013852032929553056,0.008650975806680363,0.00042146253961357664,0.0011155736401353177,0.0005318469037934755,0.0006651812060126118,0.000912197423848964,0.07911195261618788,0.03160811786920967,0.010044984231389569,0.0001549329306196162,0.0006436128306049483,0.000592431090167167,0.0010404544673837874,0.0010356040088114467,0.0017273488954158338,0.000399588401905647,0.001574980878156637,0.0004397446501417451,0.00043987936845009184,0.006485352458115013,0.002748129045864086,0.007875147748793034,0.005643094954740107,0.0008274830235760352,0.0017147666365746111,0.0030028743837122755,0.017338714428031414,0.0033848329722073614,0.0003005969857375355,0.0009243154826863734,0.08229281925605436,0.006405149087879038,0.029875710844359228,0.0016159443118274738,0.001965250570304517,0.11460555398372282,0.0005902155530401207,0.00046160479762139434
2023-10-09,0.0010937195310416496,0.04741568824071182,0.0006306893662239325,0.0017315721692749424,0.0005100586084730277,0.005397237461045888,0.0007433666973773335,0.0021093430155228717,0.020911920790554067,0.000540383264048771,0.003680745251627142,0.0006047578278318265,0.0008640185512671644,0.0003329509176342845,0.0032197688614829284,0.01350203914772945,0.0004607076816619874,0.0004837640476961879,0.0004826339168820271,0.0014129583736692001,0.0006181008980204203,0.0003881364406664706,0.0003728852523299862,0.003919462429957675,0.0007007843162445587,0.000347967427815157,0.0004613313638875642,0.00014884409728486782,0.019286379888555572,0.0016511374073180517,0.0001954690227452606,0.001244666164604563,0.03731942882168536,0.00046858419858262335,0.0009743880071067601,0.0018564693537024986,0.005544936947983704,0.012527601434598728,0.0037306390931331947,0.0022319651206048918,0.01593713711977615,0.00038801607290016304,0.0001431336184126789,0.0054568380146288575,0.0002691275064846256,0.00106871046535177,0.012493119349911687,0.000855892478194734,0.00023845027974307795,0.0029343756663568654,0.0003308948916754815,0.009206583680863164,0.01711459311965533,0.002101154515587605,0.0006919504556077798,0.03678499769567498,0.0847549859206272,0.00035415819801512506,0.0026116733140393116,0.06020556418401249,0.0004681276671334492,0.0001446975798828672,0.009342612291179395,0.0002808114066617767,0.0009844663249715178,0.0006112410052351046,0.00044780221095391175,0.0009676363968553912,0.08237494495503862,0.03406602069766326,0.009670823931964579,0.0002331719932643082,0.0011214372520852484,0.0006594355680486595,0.0011327770948031282,0.0009472661713941723,0.0018762516475183334,0.0003470308039745774,0.001896756962416954,0.00042670155624534507,0.0005392151836819653,0.006893985128736114,0.002816726858984097,0.008015044242138334,0.006100613764299246,0.0009381002202035074,0.00136872590645771,0.0029420730691726753,0.019303989483930053,0.00404182198589116,0.00023257309422170425,0.0011226655577325651,0.08317899321950144,0.00790797434240684,0.03168357771598829,0.0022712032533087744,0.0024660226177624714,0.11854936083017664,0.0005279226689323208,0.0003091935776266036
2023-10-16,0.0009784699874621002,0.047076120533612265,0.0006257233713306325,0.0016406463655514215,0.0005273887648838274,0.00478033319063936,0.00043071389304223326,0.0019506665759730672,0.02101488717855337,0.0007188537331428704,0.003959295408488066,0.000549790517556403,0.0013083198676809645,0.0005505410083647847,0.003678235018274369,0.013598246399939343,0.0005317512756338874,0.0004405995258699981,0.0007066088020796272,0.0014121475188356998,0.0006372552814218203,0.0002739193436602707,0.0003346777441889861,0.0042943428178652005,0.0006006166941162777,0.0004231370565595491,0.00037397098566206423,0.00023488627845779953,0.018742518939864616,0.0017337033671968847,0.0002018538172124606,0.0011559882454669624,0.03799124560654527,0.0003284224962912232,0.0011061076484254503,0.0012967346580322987,0.006637650486435905,0.01181615094441422,0.003552979086102994,0.0020041056559163654,0.015675839535365072,0.000453586985900163,0.00024909153809342675,0.005496869356990958,0.0003602777228102265,0.0010569542485746699,0.012551095570936335,0.0009814974113452639,0.0005097538080346777,0.003225606329041882,0.0003418402536190815,0.008502516693467042,0.01654720625107245,0.0020989894207787013,0.0010047045186046795,0.03655121446303487,0.08838638738566168,0.0003946966192252251,0.0022700353951781126,0.061761309842546366,0.0005330065977164813,0.00010587588578620061,0.009297762921403595,0.00047519323259287655,0.0007819767362445177,0.000553705007229297,0.0006412719233897116,0.0010702685364822443,0.08576319852278307,0.034577378288844864,0.009813764598674632,0.00023761261655681775,0.0010354956734335487,0.0007376802001949464,0.0012265987112011598,0.0011142987871473743,0.0018112886792586338,0.0005059962133581446,0.00182944996920827,0.000596963003881745,0.0006219840768610441,0.006816556347527613,0.002843653889254523,0.007643711612579334,0.005875654443124859,0.0008769442558549175,0.0014607481108216101,0.0029122770998130758,0.019017155580335923,0.0033211494948611605,0.0002869272226782737,0.0008312535989367263,0.08670795363683895,0.0074725908580834405,0.031166470391551467,0.0017770394706385735,0.002182922452687983,0.11979127703247573,0.0005397801443713208,0.00027351727203342815
2023-10-23,0.000907327764008971,0.047202023256249864,0.00038262269860263245,0.0023596760138432232,0.0003117095013118275,0.005111891257118213,0.0008488817228929336,0.00311214483328917,0.022844699553718564,0.00056993225639517,0.004107312563732779,0.0006946206340421399,0.001046020744631465,0.0003600679481426844,0.003394999744805602,0.014371794570906878,0.0005147680311186877,0.0005183246121363731,0.0006369979450585269,0.0010193869674244,0.0007981922642262204,0.00013902750368597044,0.0003502847223780861,0.004409514904670361,0.000560439417333544,0.00035347173752012045,0.0005400767820145641,0.0001977639758169899,0.02018207478819798,0.001784877069802765,0.00014627259696466054,0.0011516583713991626,0.043854595120251486,0.00044633109175042345,0.0012041133632232724,0.0016920120278842987,0.005297894522551905,0.012085126944184323,0.004592843326653195,0.002073272933437282,0.017886404707160464,0.0004914465596973631,0.0002927093846847588,0.006406473244269058,0.00036975244865890614,0.0013536220108337697,0.015691206934074015,0.0011451582607939128,0.0001398837166220778,0.0033392403312633608,0.0003077732270439814,0.010811259412478118,0.01811634847029898,0.0023075456898311933,0.0012264920727497798,0.03873498872366176,0.10288075512428728,0.00043255619302242504,0.002428958247265912,0.07162463946608512,0.0006770283422251422,0.0001548623096764291,0.009926148319029056,0.0005353054019980767,0.001242434551505018,0.0005096368913275755,0.0007777411047798113,0.0014172236335524327,0.09462552231649667,0.037389418241019136,0.010325525977226607,0.0002395949978742858,0.0008525071701107486,0.0007740423688028577,0.0012964013111188397,0.0011741351581091128,0.001888585168268634,0.0005430932250967801,0.0018095272193912489,0.0007067491780511449,0.0006461584421452505,0.0067823541442861126,0.003156433855839234,0.009101306893679334,0.005549866869471609,0.000981780898605709,0.00157801884189021,0.003974293398426474,0.021577639773843575,0.0038205068984887612,0.0003306831123224969,0.0012612803340780747,0.09089033917261258,0.00963689931000334,0.03302511422886235,0.0020841453975387744,0.0034712279121950377,0.1247846282888798,0.0005049747158608206,0.0002925475247606977
2023-10-30,0.0006163578298137989,0.03658642797876228,0.0006501073934376324,0.001085438772883151,0.00046221635142642745,0.0036617007048741854,0.0003836710050643333,0.001355390790913796,0.015722248519932668,0.0006585276422782699,0.0027287750362199326,0.0004932709048697213,0.0008813311542647643,0.00028078050983838457,0.002584607012524328,0.011183962516697867,0.00010241560549308754,0.0003912318661278251,0.0005900165693966271,0.0007364965895856007,0.0004271990732716205,0.0001671721653062706,0.00023918379419858604,0.0031099551994946068,0.00046152838555587933,0.0002617816059795945,0.0003083291808597641,0.00016472474639586966,0.015535643611402201,0.0012700402920160414,0.0001690329148112606,0.0009179574575083622,0.033081330804986354,0.0003592134241691233,0.0008971542701757995,0.0014311515979076987,0.004648681905881006,0.009478204203271227,0.002865148309713895,0.0016175716373479647,0.01154599317047093,0.000291512448417663,0.00019509191489609708,0.005288398059847861,0.0002940509721693783,0.00076703425004557,0.01093881407104092,0.0006897965820804243,0.00022920947248947785,0.002338037099012174,0.00029088982573848146,0.0062557381350051774,0.013753246354330406,0.0018851427254423345,0.0010197128777276801,0.027063722807136183,0.07391537925652203,0.00021402316491832512,0.002170798478342711,0.052243915571984156,0.0006369554841938121,0.00012060876443036441,0.007550404878081627,0.00043252727586277657,0.0008401204434425177,0.0005001220254914001,0.00040136357005141196,0.0008065543836179841,0.06559107678057441,0.02551393766546324,0.0076620602788889,0.000157409564668082,0.0008312245705659486,0.0005394297805616698,0.0007964873008601632,0.000671584629388718,0.0013636710744947338,0.00040835995169573314,0.0013459983254384869,0.0003795611072708448,0.0003259629769405773,0.005017953866465113,0.0020144280948136877,0.006580007123712532,0.004391195892330034,0.0009098136166304188,0.00084386268925801,0.0022960256426522753,0.013946209581263802,0.0026612932982804614,0.00024423737154495985,0.0010158616625630084,0.06583603167423475,0.0062887035788322405,0.02286553716868152,0.0018795742908027746,0.0015371504745596357,0.09221363890855654,0.0005372807785032207,0.0001923160855139109
2023-11-06,0.0005312644161098655,0.03457547353771241,0.0005019307739462326,0.0008383429206970498,0.00038209915693482755,0.0032328182342269583,0.00031581648509933344,0.0010571671428436383,0.017643209472576166,0.0005602213410317697,0.003064909971832931,0.0003428865569254108,0.0008824581319559643,0.0002810878673904845,0.0025135456556483636,0.009878814612179397,0.00028268324654388767,0.00034143997487846845,0.0005038704901592271,0.0008057854447940005,0.0005890727025328205,0.00021091114628797074,0.00024572494153138607,0.004261638046456984,0.00038591841640853896,0.0003026741410159454,0.00033357169753436415,0.00014202675393294796,0.013987490287473037,0.0012651896367671187,0.0002685686462663607,0.0009376833520239623,0.0298941857799042,0.00019202807778382329,0.0007771512392552792,0.0012218665108186986,0.005336345379578406,0.00974577652880932,0.0025533721819452947,0.0015785081500769107,0.01141976647540981,0.0003105211753116631,0.00013636659793726685,0.004464647363709459,0.00016372522118391166,0.0007370947313509698,0.00905002380651996,0.0009121191693271088,0.00011168953931427791,0.003081122028124225,0.00022916664303658155,0.004948271911875576,0.012620574277150465,0.0018280635029049794,0.0008846185529017801,0.02765707281352789,0.06893070638666804,0.0003509616350570251,0.0016710865844994124,0.042338515272093064,0.00045103079290364947,9.293743125933981e-05,0.007371549179953422,0.0005015087735190767,0.0006051830296094178,0.0003623564601791014,0.0006686993629961119,0.0007477607855510503,0.060098621118202175,0.026332888044943888,0.00861303723377805,0.00027080710295823766,0.0007890223773449484,0.000520375437766478,0.0011647266305682144,0.0008925715010781284,0.001514409006920534,0.0003484843768789136,0.0013244421783174705,0.00032417416686694506,0.0003187259822958655,0.005308806297068313,0.001985724873881707,0.007209328347781534,0.004148352714736842,0.0007200903201389772,0.0015585970111634101,0.0015238711437747755,0.013917130915514192,0.00239233407883716,0.00020701218527538424,0.0007507163301747326,0.06367550077772786,0.005026759266517637,0.023493903743407825,0.0017081017524669742,0.001277236036910205,0.09133119109388438,0.0005998235813441206,0.00030359752751910464
2023-11-13,0.0006520503543760264,0.03229951637788123,0.0006265718760705326,0.0004769706761135991,0.0005244096824772275,0.0029386720467940216,0.0003396940957226333,0.0007163958865996512,0.01721627844475867,0.0004317598549806698,0.0029074703776686478,0.0003097160217213884,0.0007707109733411649,0.0003297981846188844,0.0024485267498359563,0.009747638542032134,0.00023445049841438754,0.00029859685489461933,0.0004947970150088272,0.0005827686544473002,0.0005551665207773204,0.00015312735390907026,0.00035126395515688597,0.0038726581668377703,0.0003701995207970474,0.0002818568572681799,0.0002829511883424641,0.0001459068144855606,0.013969948055129008,0.0010437895612364877,0.00015634391855266056,0.0008259361934091619,0.029269091350972175,0.00026079557949262335,0.000697167838685497,0.0009730619178851985,0.005408455864979707,0.010082928576562027,0.0016364723139532947,0.0013369496779327026,0.011072083277550646,0.00031195384039226306,0.00012526808966698726,0.003457012659780957,0.00022912121452110516,0.0009744381302878699,0.007687921436051121,0.0009244444726810739,0.0001035711601455779,0.0027638433081777288,0.0003027096668700816,0.004784552750989025,0.012811871671298734,0.0018447650437170685,0.0008120306672660797,0.025903067050792747,0.06601163319351015,0.00030750440905212513,0.001870225848655013,0.03891497535315043,0.0004513519022060846,8.110434764490082e-05,0.0066028304894797185,0.00047476587495057666,0.0007866528281308177,0.00044281691032973814,0.00042180496202601225,0.0006492795582100995,0.05817645260398904,0.025493960755787897,0.008363432837760277,0.00015609122492204526,0.0006003893378526484,0.0003813583457266652,0.0011464139495477926,0.0006247749357294371,0.0012422043724626332,0.0003302703544911555,0.0009590170146221966,0.000488929637952045,0.00021934864541617782,0.005405749489074614,0.0021503232619465005,0.006638653833828334,0.0039992637248679195,0.0007672660946615469,0.00138333544206341,0.0016107856802166746,0.013502428042051956,0.00157094461112256,0.00014861147279027627,0.0006799196150977146,0.06170974755508102,0.004348157977876441,0.022147390080787435,0.001937804341333974,0.0009414407106919354,0.08706958707757503,0.00031138214633262063,0.00024858070497636747
2023-11-20,0.00070676921251327,0.032875683622071605,0.0005281738158728323,0.0007129661422651221,0.00044006848802202747,0.003013359884527139,0.00024776818507443336,0.0010213906770782004,0.014482100380166767,0.0004328724216241702,0.0026281483612501898,0.0003845673152329802,0.0009193029526113649,0.0003054768112303845,0.0027484724841118947,0.00913311631096033,0.00018290865735848765,0.0002134654511088524,0.0005052808254807273,0.0007547887432883005,0.0004304412567298204,0.00014286284626307026,0.0002903508702725861,0.0031634025567435593,0.00035276656834721013,0.0002829000574163474,0.00019102527769426417,0.00015061370401778237,0.013440326519059513,0.0009185011466041087,0.00015545065473496062,0.0008393190981599623,0.02768018248368903,0.00013317122116634095,0.0008012155810444441,0.0014362484738829988,0.005741322218684107,0.008439387851329628,0.0019639951372658953,0.001490127315032471,0.011246318239286263,0.000237877153583063,0.0002744077285706653,0.0037907722773030577,0.0002250807491850462,0.0008010701194632701,0.008052803748974123,0.0008701707902379423,7.077180674637789e-05,0.002494574609438616,0.00030092313923478156,0.005125676740671787,0.012087260936566,0.001748353152222321,0.0011578573725834797,0.022982433722805666,0.06352763833568088,0.00017898678690812504,0.0017985935979589118,0.03823525112355311,0.00034821872268226014,4.5750080901737106e-05,0.006580126618095887,0.00033598374516057657,0.0008319418224632181,0.0004005844716209615,0.0004153328124765118,0.00062015926503891,0.05714466434751474,0.02572789223202337,0.008532333670638716,0.00015499660772769897,0.00046071394424504843,0.0003818660776128373,0.0008953062096868126,0.000567675173656124,0.0012707567095995337,0.0003521242975897395,0.0013458550640663954,0.000296599836644845,0.00028385856251005736,0.006887892976193712,0.0018186572318726335,0.004957205580144732,0.0040184802369327925,0.000579915743255688,0.00083066741153051,0.0017410737774819756,0.013657585823621617,0.0022025782006906604,0.00020672731037417165,0.0005279452221909185,0.05959981104011362,0.0042421430964576425,0.019528148551838334,0.001588169225406074,0.0012769967919278036,0.07997210686302567,0.0007208017279872206,0.000159856436661877
2023-11-27,0.00046268472577661805,0.030517601651833825,0.0004323109152685325,0.0006252718701197685,0.0003848552060908275,0.002996445927205967,0.00041790336067553334,0.0009795072645401746,0.015919000335909664,0.00042671442244697,0.0024184159874178976,0.000408631553130618,0.0008177165344157647,0.00038105253098508446,0.0024092234232230185,0.007974699374295006,0.0003123942142864876,0.0003529442909269427,0.0005981023549832273,0.0007658765538589004,0.0006854267793384205,0.00012431359175737018,0.00023999214276078612,0.004409146868410213,0.000396866339845195,0.0002918212740604181,0.00017247602318856415,0.00012559523001212875,0.011948875354964805,0.0010104901678761945,0.0001280612545623606,0.0007381671615503622,0.028422246954308804,0.0002856261054335232,0.0007711691478506768,0.0008031003848627983,0.005232521164534507,0.008771704080294524,0.002153264562906495,0.001157445255801289,0.009840856237112925,0.00017425820757096305,0.0002924805782743974,0.0033363155419128586,0.0002826443573102974,0.0006950636284343699,0.007383491680541497,0.0008111486002323671,0.00012866723516717795,0.0032739453733536066,0.00027309925747618155,0.004398023119041623,0.010843554192685428,0.001923891785350641,0.0006687585037496798,0.023518819249605354,0.0656723691647262,0.00022318751524272513,0.0013656522312020124,0.036015989232043966,0.0005083299901571661,0.0001270414893141711,0.006539017761201875,0.00033468030040267676,0.0008880993245402181,0.0003840894815478379,0.0003380191663780125,0.0006940302869271871,0.053583317454325326,0.023515246294428777,0.008518642494311973,0.0001507233897920082,0.0007285252037680483,0.0005109255028646121,0.001288938153964147,0.0006372657407727484,0.000880637369445434,0.0003932624795265101,0.0011751420583035962,0.0005922349779264449,0.0002631445940665624,0.005930642671883212,0.0018534989611907215,0.005580511106635934,0.003718865665570313,0.0006623095102738124,0.00139940284834051,0.001563117933333775,0.01211762142029101,0.0017944193445908604,0.00020165187140175767,0.0007056299384826745,0.056023520406476075,0.004533659192801639,0.020150747538567,0.001731859220980374,0.0011526202953719474,0.07985741482955663,0.0004990043801165206,0.0002581542698433417
2023-12-04,0.000589252886237865,0.030542923562761386,0.0005377618828051326,0.00035657969858912154,0.00039020324280602755,0.0024440331798874088,0.0004994861070355334,0.0006286614723084608,0.015557501054464767,0.00027033294764207026,0.0025895114355044217,0.0003698498970512641,0.0006220333513834649,0.00038794391640548456,0.0023329960827685016,0.00830112479667193,0.00013831791312558784,0.00025096077244151466,0.0004894573225314272,0.00044313552141870063,0.0004990036885367207,8.964192964517045e-05,0.00012445572488858613,0.0042616031176740095,0.000384291094077781,0.00018412188155059878,0.00013780436107636412,0.00017450757697232453,0.012229223381700054,0.0009374824444762939,0.00014729942962356062,0.0006518470015698623,0.028044236248143013,0.00039879381649552325,0.000751451328121186,0.0008915745166431985,0.004569022170782604,0.007761884353505324,0.0018148753084049956,0.001091816068395287,0.009183955998022707,0.00036829067439296304,0.00011248382718725199,0.002906150723210461,0.00028870864503754707,0.00062798164351507,0.0079129955501543,0.0006427083426630131,0.000167143585289578,0.003258708225337259,0.0003608553986566815,0.00466704540138981,0.010808605677473073,0.0018299572341983355,0.00060167651883038,0.023385810995080886,0.066045917825499,0.0001823424583101251,0.0013315911921847126,0.037763498066887904,0.0003435125985409849,9.392002041496897e-05,0.0063705466475548434,0.0004894110589972767,0.0007178277113895177,0.0003996251817064736,0.0004019070863820125,0.0007289369500165903,0.05583280761691649,0.022615080087647284,0.008065178052266479,0.00010057946251768767,0.0005551668932071484,0.000356065108796739,0.0013054353981129963,0.00044128059864798953,0.0012678769449845342,0.0004000360637472008,0.0009609030786937927,0.0004073552358298449,0.00031461165848812765,0.005201605041917114,0.0019720983409277685,0.005995712111941133,0.0035599251071254906,0.0007373323271001202,0.0016649326111869097,0.001622161072212175,0.011153584507848594,0.0015677618199513598,0.0001864230670189783,0.0006888863706803266,0.05556624823667158,0.004264183792503941,0.019963174933689,0.0012611714478607742,0.0007454346417890443,0.07911706478059974,0.0004566159744788206,0.0002583619809075009
2023-12-11,0.0003527454045414041,0.03019077940021328,0.0003946725236973324,0.00045652127514134524,0.0003480386201337275,0.0021402310433651,0.00040721988769093335,0.0010014352560829194,0.014397028560776862,0.0005417656806396701,0.002386410140855285,0.00040895141051541046,0.0006640404123558646,0.0002666584117247845,0.0021573357864549123,0.008257422038617231,0.00014409025785288784,0.0001519097778225248,0.0006331106630301273,0.0005860673188265002,0.0006412139428536206,6.711653212717033e-05,0.0003109952311504861,0.004487132437306384,0.00025282632287400384,0.0003248554322259505,0.00019367830247586412,6.553377016519724e-05,0.011970323166060514,0.0008167452663091422,0.00022930648399556062,0.0006669994064788622,0.029999267473856367,0.0002520967419333233,0.0007727871357170173,0.0012006850520676984,0.004769519853762906,0.008609149707571127,0.0017019331974153958,0.0009444335740501409,0.010385146693967368,0.00027385982577576314,0.00025775354800409127,0.003006445212846259,0.00032194877525827973,0.0008035404417134698,0.00782923692611923,0.0008492442346609738,1.7560338363677857e-05,0.0032755566908757123,0.00029183611992098147,0.003854329427747657,0.010727252870790818,0.0019015621819579308,0.0008556346559462798,0.02171595886959007,0.06613074832867326,0.0001627032331558251,0.001137521131613912,0.03662631503428762,0.0005723003571697591,0.00016883694158284845,0.006192532408157841,0.0003484863291622766,0.0007082900895078178,0.0003339504402691485,0.00043597717335441247,0.0009181848807247271,0.05584777083726694,0.023035060389598745,0.008103553215255507,9.191836867061117e-05,0.0004686730185897484,0.00036673193090783316,0.001406101518604328,0.0004951266313356636,0.0011442692493312339,0.00042767986713477505,0.0010563148554197678,0.0005488439470559448,0.00015557109800145468,0.005263342624335112,0.001785130705257198,0.004795529717370732,0.003768741875545865,0.0008303098778704824,0.001391020125516809,0.0012646408842883752,0.012459247862503008,0.0021721160103733606,0.00015510941235146906,0.0005878378796047166,0.05722832408948916,0.00322585087740494,0.01832824121851416,0.0015012627045495745,0.001206827005543992,0.07753170827111193,0.0005944969702503205,0.00017499592034295517
2023-12-18,0.00046363857068853207,0.031540497615223054,0.0003913771984776323,0.0005201905991652081,0.00034499678146942745,0.002176323617720439,0.0004298041888884333,0.0008265884634304993,0.015398849383235765,0.00022512648630547004,0.002119622748731828,0.0004324510805725708,0.0008134879800853646,0.00036814902495038455,0.002212876379901615,0.009363522785526015,0.0001938216182441877,0.00025005176743426386,0.0003684842080855272,0.0005546109881915002,0.0006100110987739205,0.00011786183873997046,0.00012679600756628601,0.003450613280101127,0.00032866884015374074,0.00022737402820789242,0.00024366314942256414,0.00013151232621865517,0.013469413292818751,0.000646568323115418,0.00022727859155266064,0.0006875558152334622,0.030870371091934898,0.0002759484759075234,0.0009081822870641264,0.0011644124768807986,0.005226505097603906,0.00813755823460042,0.0020931934301069953,0.001188601609397303,0.010239805240040582,0.0002454453338049631,0.00030825829421829475,0.0033076457250737585,0.00039069140504175966,0.00100246588327897,0.007984411484534092,0.0009322316649395684,4.2426018559377874e-05,0.0025492812325955717,0.0003151808807844815,0.00498001990481447,0.012182761668920688,0.001979020863712517,0.0007173644944229796,0.019289601913670754,0.0674529127110803,0.00021243459354712503,0.0012288722826251125,0.037699774072625356,0.0005375374083750898,0.00020085638532711306,0.00661434119428289,0.0003703101706935767,0.001168546660798218,0.00044357337136337376,0.00022589832335311228,0.0009644888611410195,0.05485014083666656,0.02484598729273129,0.008677023901775556,0.00016336073836521083,0.0006445071858471484,0.00037145184342877313,0.0009683301888261829,0.00031541021859270233,0.0016258426890422336,0.0003618168189765576,0.0010436140356423669,0.000802570480119945,0.0003002676868407155,0.006155465272715512,0.0015622286048968112,0.004701184723235833,0.0036588913944408073,0.0005615730246211015,0.0009142869281280098,0.0015838389419464754,0.012861410987130794,0.00212139470153086,0.0001867300717904677,0.0009846115754070387,0.057590155777974474,0.00421515486756974,0.016077747182911828,0.0010225016147178741,0.000986757031634409,0.07610327180930528,0.0004354169134171206,0.00016670681583457367
2023-12-25,0.0005470326582610527,0.03201428513368265,0.0005099720770537323,0.0005970847005976342,0.00041363294946282746,0.0028693704191266236,0.0004214016583809334,0.0008848997725865145,0.015402256064256367,0.0005212776652981701,0.0025341101333241456,0.0004496762393955928,0.0005432882816539644,0.0003103879646107845,0.0024954229641815278,0.00841149771925177,0.00021309925640548768,0.00029008969086541153,0.0005376379779948273,0.0008453605404294004,0.0005980074837633202,0.00011426075423677051,0.0003513101148129861,0.004198150770385479,0.0003545819876100782,0.00031744503721468204,0.00013714374000136417,0.00015937710775328244,0.012657195582424778,0.0006739735312112373,0.00022247714554836064,0.0009018668497210623,0.029633709827920664,0.00021998795781952334,0.0009207691673475149,0.0008876107901934986,0.005284553574520204,0.008656925957597525,0.0014734264658852955,0.0013364983685568849,0.011755434323678123,0.00011364647871716299,0.0003014104606504486,0.0033175360336590584,0.00029036726681736414,0.0009784586532576697,0.00827026205324067,0.0010620644557951028,3.942511480667786e-05,0.0032172468513997,0.0003844172295283815,0.0038292982000826172,0.011345027547610638,0.001946765658266732,0.0009774329742395797,0.022676846343246366,0.06728513423306559,0.00018115334037522505,0.0016526929055960123,0.038480062796876206,0.0005591702738217662,0.00012577189864984123,0.00689151702099986,0.0003853865436011766,0.0007147888544447179,0.00046661126330119554,0.00037517427435051234,0.0008599765184515348,0.05571656500143949,0.026600521126331905,0.009311726762748215,0.00015376489051456107,0.0005771432334989484,0.0005310240910208489,0.0012002196652956805,0.00038422614448513386,0.0013881964594279336,0.0004828644172807943,0.0012278963882285244,0.000455932263938245,0.0002471744368980326,0.007000849503943614,0.00166114309677747,0.005157702523312333,0.003867153033433559,0.0007627285285838147,0.0015565479966961103,0.001585783192486475,0.014190272706210018,0.0018103827120631603,0.00024081747968178225,0.0007723942024530387,0.0596174635260541,0.0037791615737026397,0.019543663797146643,0.0013566078892825741,0.0009840713968174916,0.08108167174667463,0.0005058536236621207,0.00020990610226858877
