,0f259232e21f0c2fee6ad8d1d8f1027a,9274b3c3b5944720ff3a39acd9cf88fd,255b57e780bd487c9f2c9d8a6d98122e,81a7fd8b494dcdbef06baf399f2f6ab3,3679c0945f1a70a259b655406fc39172,456a12b90d15a721ad799e16006c6684,05b2f1f50c1ce311f0dbd14eee459bff,85e40ab41dbb322d6265279032519a63,fb99ada28bdcb8a828a19ba2293b5607,ec5c0d5f42ed96fb66f585f2072f51c8,5a238bc5400490331b6b4c08ea0fe0ab,f3b0f9ecd412b62d07cc9a0c8e80470c,f7e1531894d4de8cc0d90bc6c9ba8991,942619b5db45e2e562e61d92119ff838,94e09ab4773fbc3b2b67c2f34281220a,f0e3dfc632173c07417737b09c0ef573,05c65dfa276e4011e911260f8118f6c9,795c21f080ec8025792ef4d0dbbd8b71,af3df9ccd4174c841a11369f668d7eed,a107bcb0918d989fb9378c897e0ffddc,26946cac9ecc79ec658301e357330c5e,18583b9b1ebca580d6dd801f9dc66bd4,bca747f5e6237a7773881a0467d2e683,ccb2a8fe516433ddfb606137a178f9ed,61768dc417b2b3ede0ed37eb320093a9,0bcb8976125dbc200aaac6e2843288d3,9f787e7ea88cf6d08f0a84ff9671c365,c4c7efcae8d0827a8d07ca016a3bfb6a,b08119580a4f62b96c89326c2e32b695,0da4b490e41e0fe2c7df72f01af5ec50,a05ee4cf2d1de48475756e7a2d0a7cf1,a693b13a81f3e3d78eca32b7cc36b60e,c6424732171a02f1c1062f50c3a73a77,cbaac4719cd0e31524598d62fe31fe48,27da4027d84eff5adb55c509efaafbe0,ff9858a350a257210e2851650a7cd6d2,565b7097a474e2e3750586bd4d6b0bb5,23edc5ff51cfadd333466861a4e1ea38,c5d9c0b2012bb566a6a73b4d9e07fe86,1f56c874da3dc7e3bed7f8f6529b64a2,ae6f5f4d844a09b756dc601df2c1e8d9,36493d4cdc4c7a595e50be5d6c71f09d,dd131a05ead3e4f70b991714a54de5ab,cfe26d6aea9efd71c5513cd733043333,7ba28aba612a440ff8dd711262154f44,2a73e11492c29b7696d32cab40401a30,3ac8acc7e11bbe6772fddad237e51d2e,0d96aee679fac13091dac1b352b9485f,630ee7e776797db7d8df48faa23d5a65,9c0a5f9ef978de85871f0df5f328cc04,762c8c28af0cb9ae3028f33c1520a885,0928147d7fed5d2704e5864f15310df3,2e300d5b9ced3d6eb1bd338e15f42705,9b0f782fc5e61f4bcd60aec45a951907,8c1269604d51124eea733d76d969419f,71e83ca83dd815fb28599128e3923a04,2e207747b7f6ba4806dacd5c8eefb008,47251289aa301e5e085ea87168b93c5b,d774007926d300cfdc0af21fd17631da,a755c8d149dbfd8145d7e0970920af69,0e9ec21c9c1d75db573e64780f4bdc04,c4c87cc56c600398a547bf1d240bac4a,876d491f272ea12d93db7be1c54c1e5e,f4010791f0c5aa854730550435ca5837,d73f5beea409541bfeaa2095570c500d,3dd952e6eff4eeed1f99f883d7760558,ea594b4481ccdee2d7ed446a2a0ae272,e853197616422fca1c71e49cdd101657,32e418063c86b6aba3701f86f27b15bb,e47da797deb91bee9d49736f2c03f5d4,200d22d4f0b96478bc89e527590483df,ce1dd76e18ef0012011b3032be8a83fe,72cf8a1a01fb55ce2780a3fe0f8038d1,5402c87773c8c6cb257b4394b0717185,281856e1516923676b43bd418e6f25a7,9c863871d4cf0e4b25504375945feaa9,7fc85a57ec35f1b6145953e32a673446,67c5e92a315327f8188d2c91faf5c3a1,1ba20e49a934c9f63888c0aca2e3bdb0,106479e4024061d5093f0dcd23bc6cf9,179d05e99c44e629c8e68aef8ee71784,e2a80f87817bef0d96786c7ce389aed6,8597f5e4b5aabc29c6fc71c001a9303a,6a3dd1d0444d504a669c0825857a9074,fe5f4acc019e16ac5a920b1014cc7229,1ccc72120e9ca6b9c58c97c139468900,7342f68949be41c06eb30d3be1f3499d,9d5cf228e9ec57d97be4213c970d5621,a5b2dafc7f7a3eabaaff5f337f5a7d42,796b462f075af0b2fa608735085c20e9,668beb724f47e5a18cece4da0cfd0a51,a2a8db06139e5d8b33b9696c575f0414,9a6473062b1e797bcc9732f0c9a07849,cae432c95e5232373cb67ff90e7793d8,19f6997d3ba451b2bc8107503d70ab73,83e59a57e4575c3cbd02a8451997959b,5876cef9666eaf04c8dda83ec6c83a60,66b960536d4f8c72e04621cc3b3cf8e8,cf83b57ee57ce2ce8c9cc50781da2080,13e68590206aad4467ab4aa1b71406f6
2023-01-02,0.0005969543423640315,0.03018022630347187,0.000378113796639981,0.0009829239950386753,0.0003382142389684135,0.003035257413886633,0.0003555747280562372,0.001471085977636546,0.015662163814086656,0.000523483989739261,0.002506518457150308,0.00039792353220421663,0.0006718805410561274,0.0002823078978931808,0.0021878540970804677,0.009728913261961732,0.00026387125688379066,0.00024670288305753206,0.00045758756048815005,0.0006583313674028539,0.0004838673728109402,0.00015553895009309555,0.00025485758693818625,0.003597721656442134,0.0003440706044000119,0.0002960093155801043,0.00019668978391769,0.00014476473984434196,0.013026239438229968,0.0006103828123524839,0.00018128857734200097,0.0006055468555732394,0.027805430471787414,0.00022456060758544184,0.0007776604490380775,0.0009630877127024451,0.0036900022194149614,0.008647346214642363,0.002780505188166555,0.0011860206766074685,0.01099236021530426,0.0002224217639088969,0.00029752201134432326,0.004319239197300475,0.0003697593560267262,0.0009118086883503699,0.00856208509773275,0.0008619116053226444,0.00017990338824848312,0.0026468100279730335,0.0002901073146574038,0.005779639643363493,0.012698296445805626,0.0017549387359095964,0.0008815098338179428,0.02376345668151938,0.06370380938751641,0.0002542783143898413,0.0017503762187833561,0.038541032660813164,0.0006097666490958142,0.000164304025516753,0.006095484757152306,0.0004638536860978965,0.0007322182859835721,0.0003609667141776255,0.00026675491717383397,0.0008793358988207176,0.05871643625839408,0.023755111758782,0.007243171618585493,0.00012281792396216958,0.0007313691692563705,0.00046963097899536553,0.0011540506243447484,0.00035487017508227276,0.0012158967868922347,0.00041355363569313197,0.0011310756189494371,0.0005384077094069791,0.0003646260870653846,0.004610269143350748,0.0018361856016838496,0.004932141136814956,0.0035666280152910276,0.0006067868799746753,0.001011170833855654,0.002332357964545036,0.013429521466509033,0.0024751309223452482,0.0001681501786123443,0.0007396924582100701,0.06037646585961426,0.005929691823690747,0.020966732371192898,0.0012305072244320225,0.0015624216723082135,0.07892128504358834,0.00027402480545075437,0.00019395102563255005
2023-01-09,0.0005739639389415491,0.029903918932528164,0.0003784095913748206,0.0010760398374367371,0.0003147011606005191,0.002997923892636152,0.0003541400321564353,0.0013146447436475747,0.016083340742554998,0.0005455141942048397,0.0025850703598432863,0.00039970925450760563,0.0006645039655795646,0.0002755852193536,0.002164142037660215,0.01007745971130607,0.00025733553681347304,0.0002385626543394872,0.000454079741689956,0.0006906950492005263,0.0005083290394976421,0.00015102116680531778,0.0002581224677486865,0.00352917765883984,0.00034636507951081385,0.0002731513486356935,0.00020210380760305667,0.0001369638641397047,0.013472780801247999,0.0005328820507162968,0.00017261574101084395,0.0006763079364673656,0.02858841988601107,0.00021541251916683187,0.0008494010255437436,0.0009449762922168088,0.003859838281253482,0.008749826914177021,0.002640639107600643,0.0011214687195186038,0.011157453418771548,0.00023280642971659348,0.0003356365529848345,0.004528104211168361,0.0004344480125472191,0.0009413857151397847,0.008419604903202066,0.0009449979055639069,0.00019716006066745358,0.0026908587955711367,0.0002923543508198925,0.005997890729771575,0.012291995702976507,0.0017400423969104876,0.0008630034190342992,0.02401020566000507,0.06414301050806706,0.0002566420082879069,0.0016998978015265128,0.03984586217495241,0.0005930906916185459,0.0001662974336613306,0.006193085618047531,0.0004877750022302878,0.000718241656626648,0.00038814034438956356,0.0002655409916953482,0.000881252595155553,0.058342065474773275,0.02422275635885479,0.007341660838132109,0.00014179680100908764,0.000731324051299616,0.00046674683663133683,0.0012114693010520708,0.0002996432659797719,0.0013325923132069067,0.0004220404327574545,0.0011421502440086082,0.0005422395464149543,0.0003770890678323136,0.0050027163785232726,0.0018985446441243102,0.005154112962668602,0.0033909621626343036,0.0006553551598616672,0.0010444448538843875,0.0023527599514314374,0.013504977595425204,0.002431904150577196,0.00016773910962444117,0.0007780088112791217,0.059265818940818775,0.006127582145809565,0.020295515929892642,0.0011835879116983883,0.0016070017010431405,0.07956966418025949,0.00027217916114754523,0.00022518904015474703
2023-01-16,0.0005555805075238773,0.029762999388574473,0.0003826767175938967,0.0009898084077572744,0.0003336281977645945,0.0031894687930321625,0.00035938347552151004,0.0015057504434489873,0.016042870093287462,0.0005264946481355219,0.002561610180541491,0.00040104370803313756,0.0006781951228382408,0.0002739408326561126,0.00226432614981651,0.00983801597899165,0.0002564870511399639,0.000281112043772483,0.00045290717811203327,0.0006993102666696645,0.0004821353718125124,0.0001790486557166116,0.00026531874022318587,0.0036700734562197072,0.0003149258146629893,0.00026784949880378985,0.0001986002014265972,0.000133326243153848,0.013373679679784766,0.0005848254637991115,0.00018633448516713747,0.0006355708838966156,0.028560801698098968,0.0002119952423297278,0.0008804320812356083,0.0009289299186599974,0.003812145938605708,0.00894210551584743,0.002878294364374755,0.0011649424100765287,0.010919315888641704,0.00022422552031043822,0.00034451467764471815,0.004249684456911007,0.00042370267599882146,0.0009531486108746136,0.008565744805954319,0.0009532887934419055,0.00018179184739256255,0.002643179391045373,0.00030601051793915923,0.006270883128639351,0.012261876200408238,0.0017402806019056621,0.0008472688241323938,0.0243137676297286,0.06692620974905426,0.0002899663639291076,0.0017098769873557425,0.040100845132230306,0.0005771684253760163,0.00018901567684767595,0.006354992947415269,0.00045270937432697765,0.000727139226971708,0.0003979706342198547,0.00023902741652460918,0.0009235982964505729,0.05739453037613964,0.024718347667936763,0.00746625476179124,0.00012937123202537074,0.0007112899669363522,0.0004630630535063302,0.0011177170270998986,0.0002888507558069693,0.0012360232869223849,0.0004224695527044184,0.001166448108435561,0.0005491319995052068,0.0003650728016476642,0.004924831404803558,0.0018836819528693662,0.005413061240690964,0.003584799671775013,0.0006404350984320303,0.001106602787165483,0.0023801137468139177,0.013659166296590447,0.002530242521960519,0.00018564985732956967,0.0008123470536922263,0.061454265833338614,0.0060168404599707775,0.020585299560263517,0.0012630401024897693,0.0015965188613877284,0.07823472981775748,0.00027416217896752753,0.00021997477483441804
2023-01-23,0.000630033519040295,0.03065399375622725,0.0004004373300409679,0.0011337108373318929,0.00035537460104767744,0.0030810827781390764,0.0003791735316328422,0.0014929724398249193,0.016017730686105174,0.0005597037298953638,0.002546030793640285,0.00039658323896885886,0.0006624851507867598,0.0002713874050965448,0.002139380209958201,0.009935524785306302,0.00028231548903355036,0.00026528233138126264,0.00045854589828667127,0.0007213251572970624,0.0005034699379858173,0.00017549553084904513,0.0002733941817610695,0.003658166408384308,0.0003269174133416464,0.0002935810890322804,0.00020992458808572146,0.00015350029716775028,0.013878196995665951,0.0006129233268982845,0.00018432826067091594,0.0006967576475442695,0.029088619882947087,0.0002180672573359165,0.0008443016410694164,0.0009410162941892642,0.0038617843777308414,0.009006416668268262,0.002925785668124373,0.0012464566978080082,0.011438460332803798,0.00023295409300810418,0.0003138288869474169,0.004553238829207919,0.0003968951417485275,0.0009742568643385555,0.008559144479438698,0.000947387453953384,0.00018832267978817285,0.0026774233639454354,0.00032164179376207013,0.006081285076740066,0.012713634649783041,0.0018349692873657778,0.0008924570594413766,0.02427485135273125,0.06590325456376976,0.00027840134531216033,0.0017960994819063458,0.03990787710545992,0.0006213255365261904,0.0001894208616881124,0.005954270009234279,0.00046999463607007644,0.0007122516520872626,0.00038764309063537444,0.00023528961700641603,0.0009326685628229918,0.05823824445727122,0.02428290012731808,0.007585847922884319,0.00012403771317106454,0.0006937086944782887,0.0004683401334758039,0.001165554134508941,0.0003068401544287423,0.0013696395795656585,0.00044448486183949835,0.0011909456003090185,0.000541594354945676,0.0003839677375136512,0.00513143472829929,0.0018655941417146243,0.0054077095787857105,0.003544714317212429,0.0006527350161129389,0.0010343192182534027,0.002370800894862638,0.013893525865445806,0.002602610980167911,0.00016889651125744884,0.000852450136732262,0.05965151615456607,0.005851585855796062,0.021248181888256123,0.0012172797750273324,0.0016728526518090129,0.07986398735860928,0.0002770351415913268,0.00021416185825690496
2023-01-30,0.0006068983920541613,0.02939752819306437,0.00040172661113636074,0.001125440608010361,0.00031892010286991825,0.00328926002249924,0.00037505951669700583,0.0014425507015463543,0.016025421768249132,0.0005684007458463455,0.0026279281416367846,0.0004312316912451248,0.0006463337829937723,0.0002826046869568838,0.0022282330450753614,0.01008314721974856,0.0002850468242304213,0.00025812425063433326,0.0004627239255271632,0.0007498999979261075,0.0005129829218317255,0.0002056911229282685,0.0003039282112058233,0.003751962026494488,0.00034080912493617563,0.0002733607130057466,0.00017593395784561944,0.00017526646843364678,0.013885833137849168,0.0005756831546379279,0.00018032233581315627,0.0006762266482651294,0.029534787589453184,0.00022267331890476056,0.0008809690269892513,0.0009836481642106494,0.0038940955421092075,0.009051777467186193,0.0027613815936474422,0.0012505735038730536,0.011607332826430347,0.0002452755116273491,0.00034309840848753537,0.004428542084180858,0.0003829197842609888,0.0009977917125251331,0.009087444002776798,0.0009573384847045424,0.00020676579847609373,0.002847768356447837,0.00031720955868455423,0.006080127957492153,0.012307367822178901,0.0017404860450781147,0.0008926451856226713,0.024219921265394274,0.06630906034634046,0.00027005260311733495,0.0018459759021703134,0.040378548167062614,0.0006128738866960304,0.00018785491038053256,0.006170395771261123,0.0004726456218302502,0.0007253978585770093,0.00039332285643585777,0.0002469926956514334,0.0009498306881776515,0.05945335987250226,0.02430709192354505,0.007680430082112596,0.00013744585101396292,0.000800560445957722,0.00046913909341108587,0.0011654374455076272,0.0003119679363043767,0.0012530012083486802,0.0004709181342150475,0.0012047164409247969,0.0005386545412249461,0.0003849251977044623,0.00499658176543966,0.0019427397401573026,0.0053178781413733296,0.00361485651382877,0.0007032232768187798,0.0010796832133319137,0.00237850385070141,0.01400376193677155,0.0025655587956602546,0.00016819557283479392,0.0008328903707620917,0.06166322246810805,0.005909488477885029,0.020142140557332742,0.0012847082279196537,0.0018328486304415178,0.08242924914729358,0.0002624696988874215,0.00022786635116370702
2023-02-06,0.0005981317050485601,0.03163562723393957,0.0004233400357592392,0.0010918165682720729,0.0003226482429290971,0.003317736867355053,0.00039255461426735035,0.0015128150619424133,0.015833859150104386,0.000548967081892364,0.0026344110104561864,0.0004279891863165884,0.000663921614137589,0.00033321951796880635,0.002174494239655012,0.009974764302742935,0.00029587009513625505,0.00027395930804852576,0.00047784283177550727,0.0007132623533771115,0.0004758407035183362,0.00019194791026666655,0.00026336698275527756,0.0037658096581764952,0.0003344355087559173,0.00030334958007954875,0.00019701577472645054,0.00016485003294980456,0.013725212798232512,0.0005871527534080762,0.00018648015914053277,0.0006757213170720737,0.028334420544458883,0.0002273246310699716,0.0009352844933493832,0.0009791231701628859,0.003780889511080621,0.009308885667044969,0.0029807682395678664,0.0012665898557341,0.011722303712770867,0.00022688200406557367,0.000325399149973127,0.004526028358018679,0.00040783503837419304,0.0009645319378299056,0.009024634389244389,0.0009237911666034203,0.00019031901071049265,0.002684681430081557,0.00030636191657114993,0.006461143370819136,0.012996249523828853,0.001768445188214223,0.0008357462021755857,0.024275236722649918,0.06625780223778087,0.0002801975502009108,0.0018415498018758483,0.0411774534490954,0.000613605696204978,0.00018251283124970786,0.006366044648198605,0.00046264697045178646,0.0007093904231366978,0.0003952969692945513,0.0002577034536425714,0.0009394806189093473,0.06222646950549294,0.02510077571229817,0.007598568028956405,0.00013362103075439334,0.0007512343558953287,0.0004746514700354051,0.0011545123095013424,0.00033696471915559774,0.0012484956411418459,0.0004565554269826703,0.0012394490560857444,0.0005515677967566687,0.0004359419904753564,0.005150630219397708,0.001888936942500068,0.005434579898854271,0.003728083238672008,0.0006898719894263598,0.001020837157598934,0.0025112401805184093,0.014270354532340995,0.0025026099136587817,0.00017459145675379994,0.000823073671098677,0.06126747877309138,0.006153410048148801,0.021266737280645417,0.001290659783338485,0.0017787245162581265,0.08361819280242233,0.00024433070264708295,0.00023178528729487575
2023-02-13,0.0005675261364445569,0.03095801886828159,0.0003998733183391436,0.0011962976446440489,0.00031832673725537406,0.003270156946985304,0.000389675395304999,0.0016411013408372047,0.01674180705501401,0.0005891360123565662,0.002626477211128278,0.0004571063913600494,0.0006765735960671876,0.0002840115759424751,0.0023056652787545595,0.010254594257673078,0.0003002246735468574,0.0002843626436197793,0.0004896004329950448,0.0007326343215186297,0.0004501308107277063,0.00020615016317321647,0.0002794889063030111,0.0037604100439192207,0.00033414614574697564,0.00030977582879211657,0.0002114189194870238,0.00015371636440594268,0.014716449814834467,0.0006470395042631017,0.00019552741109212955,0.0006703104256894261,0.03001730370283396,0.00023134026429717523,0.000880413863006764,0.0009897760317521878,0.0038897231279130273,0.009557919820238332,0.0029957081438468465,0.0013336085946247687,0.012042308227091868,0.00021913389296791596,0.00032741960946057745,0.004599321873401362,0.0003801777640790676,0.0009642905986447337,0.009052600209962864,0.0009509468879559448,0.00019856438195683007,0.002550113148929821,0.00030126526171952983,0.006569776228501096,0.012849692096941449,0.0017786629134865545,0.0008847657450672805,0.025540103954492535,0.06664253814342583,0.0002649480467737966,0.0018339107155240925,0.04261531444561468,0.0005916875361202808,0.00020041457533684896,0.006386263195416379,0.0004969275386665391,0.0007275062333861456,0.0003969488960271055,0.00028444777384014475,0.0009947045335889889,0.06105458850585769,0.025130715990909547,0.007565193540553258,0.0001389135221087589,0.0007752819182027214,0.00048795826865899244,0.0011634387727382123,0.0003597045542008317,0.00123887037358852,0.0004617711754793883,0.0012010407635675278,0.0005323652746116612,0.00037841767058960504,0.00498514758143381,0.001971173946541534,0.005419805021508686,0.0036806606095301352,0.0006722076919298828,0.001064906276619375,0.002641070985324326,0.013577350889023596,0.00276817824365959,0.00019087093437770438,0.0008294514460334216,0.06309283401314632,0.006539795022495253,0.021404565836331726,0.0012836066287143094,0.0018280212999021326,0.08695923056501977,0.00025004439432590276,0.00022346347214520195
2023-02-20,0.0006803467433556649,0.03155597912153111,0.0004235871928131665,0.0012166071290051251,0.0003205848218970191,0.0032812562490297783,0.0003918615298284513,0.0015191615886876856,0.01702226489778214,0.0006142574688559085,0.0027517957094150346,0.00044568305713602177,0.0006911380628171239,0.0003230688001515607,0.0022236123292330772,0.010019135077113007,0.0002878592552421891,0.00029792314321140965,0.0004627370296204383,0.0007354615852004879,0.0004883535617597836,0.00019282913653199886,0.0002857399773277281,0.0037385387725988725,0.000361048049674389,0.00030729274404312813,0.0002165960077658832,0.0001698774286548614,0.0143795600021603,0.0007154645675615976,0.00019886129824050837,0.0007296613464409452,0.028282585892261576,0.000214432286241222,0.0008874944965862688,0.0009664269817954557,0.0037840082745736565,0.009344934339852626,0.003080413981919734,0.0013099049565846997,0.011897077136535296,0.00022380293366846036,0.00033675348925901434,0.004530640021423702,0.0003839392077196964,0.0009638345583965393,0.008860996146618755,0.0009697087211635591,0.00021486879151317705,0.002671534191977682,0.0003167938436268405,0.006547616223326559,0.012756591325891877,0.0017292489216925609,0.0008999252672557965,0.02508648705149033,0.0687173849355884,0.00029595961225090816,0.0018479678617193294,0.04279927654284628,0.0006180088037713186,0.00020888739812875416,0.006540545326605208,0.0005079379497493624,0.0006888582225359032,0.000423231044726193,0.0002714156430400569,0.000968685185847667,0.05954037372022067,0.026063554196093162,0.00794841697790836,0.00016631082578687277,0.0007782565608042647,0.0004802729599585634,0.0011806303921420617,0.0004191862228418355,0.0012529234383823968,0.0004571834299402958,0.0012334851802486325,0.0005274857163907881,0.0004416086542237785,0.005123910592071572,0.001956805130553017,0.005588135838101212,0.003559177770551305,0.0007463431326952283,0.0011440902881068719,0.0028420177390950786,0.014991076164173578,0.002713893185007402,0.0001998658640911376,0.0008501050619640367,0.0630521079967501,0.006374636017748641,0.021879163700388844,0.0013138358245845722,0.0018293153552857893,0.08467535660459155,0.0002622190457613271,0.0002377491226889109
2023-02-27,0.000597109719292404,0.03142116434597105,0.00038157879560332024,0.0011603282923123431,0.0003349366779363215,0.0032175560892436835,0.0003806934417417773,0.0015977820727266045,0.016750121857909885,0.0006252207973468975,0.0026966535185647114,0.0004608828723154745,0.0007029641133598307,0.00028977787314554996,0.00237069757301168,0.010183756607420557,0.0002797013402949264,0.0002992782086099176,0.0004974047535527593,0.0008017421230898228,0.0005035064865441389,0.0002108759204781913,0.00028578628005791247,0.003791868562970376,0.0003376557186085317,0.00031100751354468635,0.00021764235171577216,0.00017389434471888843,0.014409377584636897,0.0006918800359271089,0.00020487092133596876,0.0007269558638172261,0.030354233667993558,0.00021312887501176466,0.0008917239248082342,0.0010082054195581348,0.003751394489124554,0.009604006885402043,0.0029454133786119357,0.0013059841336543884,0.012165766053978365,0.0002445270989285089,0.0003159425038644049,0.004733125276469214,0.000375833785997874,0.0009598149599394428,0.009563361625851082,0.0009447443065903132,0.0002196823983388014,0.0026888585487540835,0.0003091679386972378,0.006491131379936334,0.01317610126619094,0.0017068136182201606,0.000871519273000241,0.02587340025583545,0.0673568304668474,0.0002953781848292473,0.0018692164167594303,0.04299401830630298,0.0005910155312388483,0.00018579689366470176,0.006179233100025057,0.0005096264824659856,0.0006890448313662506,0.000413528960613212,0.0002879868554388321,0.0009944255932201808,0.06219087102079203,0.02625794847447631,0.008024871797347649,0.00014364146196508228,0.0008066800738943015,0.0005044960519049972,0.0011360653799490396,0.00037658367260625313,0.0013173474440210955,0.0004900200589090777,0.0012482127902535259,0.000516176932833543,0.0004341325426163693,0.005176634644476757,0.002049114232578174,0.005585415957582558,0.003699136753616737,0.0006722285902414711,0.0010592720790108792,0.00280246034905492,0.013753348246885701,0.0027757490267890745,0.00017386921902144632,0.0008558853198985231,0.06622342089850074,0.006636406519995782,0.021770346408603945,0.0013029593427101418,0.0018400265576559646,0.08840192278245405,0.0002709428249927854,0.00023850905633214888
2023-03-06,0.000675602346632237,0.031546015914155394,0.00040426541867291655,0.0013129437180569934,0.00029750494778273774,0.00336729355436097,0.0004242650320984347,0.0016372463338487678,0.017104410643625965,0.0006104174278986371,0.002830961394413175,0.0004211397727605422,0.0006963411810284425,0.000315023041790675,0.0023075269675075795,0.01093332246148709,0.00033614789091415643,0.0002847450633102332,0.00048040298558401414,0.0007737468661972722,0.00048230160911882464,0.00018675872651937697,0.0002765703803435234,0.003626550570818343,0.0003640472461667956,0.000294917909734403,0.00023848365728762494,0.00018150752108460555,0.014843102427858641,0.0006819035506942094,0.00019445018974298216,0.0006879917508867961,0.02967626945526786,0.00023554137802091392,0.0008919448459105027,0.0010532376943546188,0.0036794267989289807,0.00981126702215492,0.00301886093744515,0.0012775315303333507,0.012607765057385754,0.00025158491492760905,0.00031318556428696194,0.004925596947340577,0.0003760610129377297,0.0009946984676078362,0.009257992953002937,0.0009744301040005963,0.00018286129599352357,0.002627544834012253,0.0003115740167523734,0.00697950873916469,0.013219611890974417,0.0017398945505495687,0.0009061435737830538,0.02584732896670615,0.06899319576155466,0.0003093824093044776,0.0018420348059746538,0.044815676040359693,0.0005928828477614128,0.00019021374072628532,0.006682303463431039,0.0005069674369631795,0.0006771923364587085,0.00039458823389676765,0.0002923091244660949,0.0009678516175881769,0.0648890091777676,0.02787430698131373,0.007811974088551253,0.00014375498463638312,0.0008000881524209872,0.0005381649758352676,0.0011692425300425075,0.000387908475888702,0.001332615099653093,0.0004776668901190374,0.0013107516317729794,0.0005355531074683069,0.0004458629735927237,0.0049813064071696335,0.0019891479531807944,0.005716017621337225,0.003866648065929299,0.0007086069525278447,0.0010489269444812314,0.0028081966281173435,0.014284926581759191,0.002709807089644795,0.00019236129837581347,0.0008466446499534861,0.06537963466577061,0.006651583361504251,0.021932834104176024,0.0013339210154881802,0.0019407276407902487,0.08801958424099458,0.00026052586872432127,0.0002956670372216081
2023-03-13,0.0007066808840807201,0.03310977909936451,0.00041479501054251676,0.0012972691125501623,0.0003346815622920647,0.003524025662423026,0.0003786385101538708,0.0015617008942891684,0.016364416055145967,0.0006387456741927851,0.002705298154379482,0.00047140716035131336,0.00071647703465707,0.00031238083919956104,0.002298937476220845,0.011223361761470218,0.0003074183055918816,0.00035015071748622953,0.00047995109849315753,0.0007963141860158765,0.0004952183680190924,0.00021637429846121573,0.00029146891030121334,0.0036503094446591723,0.000371026348199303,0.0003075680361302837,0.0002542851610576643,0.00017210104261228295,0.014656230639510454,0.0006932626704046026,0.0001840269127463457,0.0007239917805610412,0.0301473367463254,0.0002306698387227806,0.000897276032747011,0.001023202887502975,0.003979099926602023,0.009617252787862747,0.0031860615132263503,0.0013583245140781992,0.012876890368843083,0.00027236749086213276,0.00030621738106299443,0.00469641686272963,0.0003537771629027751,0.0009728022736566014,0.009459485806208487,0.0009256123126997557,0.00022789077346094532,0.002668000221004647,0.00031634726919917855,0.006896185434631713,0.013670633597308158,0.0017678223499662693,0.0008878907593876751,0.027265679571928436,0.06827567148262476,0.00030134665375132193,0.0019841011435740275,0.044843886577656845,0.0005821815124858127,0.00017904772649657112,0.006742084290422864,0.00048244564089313123,0.0007130822665610082,0.0003814695291988041,0.00027331829916420034,0.0009448530628778633,0.06386600959470506,0.02661811216997169,0.007921548584225037,0.00016210173527308485,0.000815486661341253,0.0004911212146360512,0.0011825022788244108,0.00036547722407702897,0.0013466365793318724,0.0004996626667388564,0.0013219827193653873,0.000538558542224939,0.0004440118569530955,0.004998480460633383,0.0021410081122476316,0.005582837425719471,0.003931703595515863,0.0006980219266986013,0.0010148087120733663,0.002948327548021904,0.014404017850448099,0.002895151569337534,0.00018000540295082042,0.0008647561342632665,0.06573885331556151,0.006747780224275916,0.023247640687075743,0.0013501054467270005,0.0019447164183803549,0.08719512763187245,0.00026104614414809127,0.0002490444810055871
2023-03-20,0.0007329069613501351,0.03156713028383747,0.00042820479899483824,0.0013139289360827122,0.0003103434907433061,0.003580961836050385,0.00038167580538307294,0.0016832947941472953,0.017118547348411964,0.0006353086554603319,0.0027978178473939616,0.000445771843283491,0.0007385523697062948,0.00032532670967972115,0.0023821271144020897,0.011110025438768259,0.0003130342310941409,0.0003104969756892381,0.0004908730049698341,0.0008141209511506589,0.00047947291683454713,0.00019000866638683946,0.000299517404539682,0.003674243341388302,0.0003566976050534398,0.00030142208620392874,0.00022714844899494375,0.00017134565759801857,0.015371215184792824,0.0007909176527272226,0.0002038313770477753,0.0007184068194124785,0.030656708122446245,0.000216410323377104,0.0008661134752617312,0.0010360071964436953,0.0038780931986384273,0.010053699337794177,0.0030892289268976305,0.0013913888606456857,0.01255003486816127,0.00027739571703648455,0.0003173421939755426,0.004794328085577919,0.0003671384589722596,0.000980409671258366,0.009565383043287693,0.0009138819317732189,0.00024950499106709157,0.0026775556155349297,0.0003122187927124891,0.00715037988042668,0.013152836117552868,0.0017393650162273694,0.0009064710624978997,0.02667973610408147,0.06849084102672089,0.0003169590368154091,0.002026153445100599,0.043955342970358864,0.0006081458558378686,0.0001873824307615922,0.006473193972165808,0.0005172859598972083,0.0007162861998262596,0.0004104274517603511,0.0002443244823515474,0.001002050861040052,0.06496256111727328,0.027405216955435793,0.008393454429011151,0.00016677634990535487,0.0008533007279696295,0.0005188440842094633,0.0011942826484032157,0.00038397339124848843,0.0013334452669671697,0.0005117922549812152,0.0012934172016277736,0.000532929337514267,0.0004809636811180536,0.004944144718806213,0.002123964523650788,0.005463814904769517,0.003832968990262764,0.0007139230741159222,0.0010429029334627117,0.002574371794193675,0.015417468031640312,0.0028262747903149404,0.00019638364939533122,0.000910557920433179,0.06618694751418372,0.007083159939406195,0.02214685538507602,0.001353252742856889,0.0020438084616219215,0.08714020637474165,0.0002544642622967065,0.00027828643542839883
2023-03-27,0.0007771671392040732,0.03195149869534049,0.0004246952588010268,0.0012810425664794478,0.00033590940066420875,0.0034535067007711185,0.00038322779183026545,0.001761163845390081,0.017477661241523914,0.0006481497502599554,0.0029354548050714207,0.0004686746031241592,0.0007362492331966192,0.0003204680141704705,0.0024365574514382555,0.011188541007768029,0.00031828494685035783,0.00031470095689096,0.0004848836160973569,0.0007802084122562888,0.0004918454247031031,0.00021272254587918424,0.0002997673578042892,0.0037338147361468893,0.0003772087436349474,0.0003299861483204041,0.00020454894664807897,0.00017500675385768706,0.01463659778280963,0.0007628328540199923,0.0001916887848037663,0.0007445579764129805,0.031185877243442673,0.0002155446167922629,0.0008710627002599306,0.0010730048961882135,0.0038642675457494675,0.009805357072033439,0.0033585412620252757,0.0013370213793797172,0.012756738516846127,0.00026738126156098654,0.000312507536442293,0.005273640637092388,0.00037910756553128614,0.0009764851346949348,0.009725694146174507,0.0009342141133195539,0.00022825476123039523,0.0026943468226493877,0.00031145421508467746,0.0069010729049233605,0.0138147948700698,0.0018183311902421294,0.0009474239948028647,0.02711938638992603,0.06878898328916798,0.00034271401128987446,0.0018418078868713897,0.04591231798070712,0.0006251155002400296,0.00018595702416973053,0.006687313509160986,0.0005166138655281134,0.0006583020923780732,0.00042958077291278026,0.00026556018152808594,0.0010067920078654187,0.064468320182425,0.02745339691055254,0.007907689279191112,0.00015908407259779394,0.0008630844572844066,0.0005115532796840384,0.0011991603140884429,0.0004474937074185326,0.0013252119029987701,0.0005092795174904866,0.0013828038439934155,0.0005170596602900184,0.00044621811787281856,0.00506617289221781,0.002147495957571805,0.00565811291933676,0.003772693594601231,0.0007184657803363363,0.0010131670428437725,0.0029225208526048995,0.015311236351732316,0.002917322666455285,0.00018212955048254738,0.0008832200262635512,0.0664307705659117,0.0068824966163050305,0.022481622838040158,0.0013409338059944148,0.001965596024136086,0.08879361168324387,0.00027139307510775474,0.00025730646542113485
2023-04-03,0.0007307082948722439,0.03301699245492575,0.0004165376787296779,0.0012956149690458644,0.00032668486996784455,0.003536806735302606,0.00040000466153041565,0.001942723837765149,0.017049698853318442,0.0006135961543200024,0.0028512829162321593,0.0004437550699216359,0.0007521241393448468,0.00032499443977215516,0.002301839204483845,0.011218937711947256,0.00029611902747133376,0.0003304282972449794,0.0004962218967556062,0.0008134590747512844,0.0005027869001559015,0.00021616453438168268,0.00028217042485935705,0.003705468145136807,0.00037817541863617414,0.0003262306880028282,0.0002520461898980755,0.00018366246635863483,0.015272255886183708,0.0008161651760035163,0.00018793135058845365,0.0007330119419877625,0.03075213407049351,0.00023181475158114853,0.0009124513683671486,0.0010858983065651093,0.0039184450936041275,0.009800278403824936,0.0032546831808310246,0.0013742347285509106,0.013188477598182528,0.00026499265420382206,0.0003212935529115881,0.005148239997955242,0.0003648288568601935,0.000987429299551052,0.00953896003479779,0.0009391492111502928,0.0002130976524433981,0.002659522252574224,0.0003174186866145088,0.007324387108991124,0.013892566133353488,0.0017232734343040682,0.0009146273599504795,0.02758033951922205,0.06886623392394468,0.0003241727846893676,0.0020646383995427692,0.04490308765523937,0.0006111323697605884,0.00018330833115174413,0.006921576804808993,0.0005019834385089687,0.0007090417790183926,0.00041735106161089455,0.0002974093342095375,0.0010550240461071575,0.0631739611452924,0.02734312928890903,0.008138685565293695,0.00016299407170138215,0.0008794056256144582,0.0005449812472527073,0.0011334417585407543,0.000381910433149548,0.0013551656108057386,0.0005281825186449595,0.0013292540516162256,0.0005241488896110546,0.0005234805666546372,0.004707242190084792,0.002248201018798947,0.005568034906105312,0.003812814657786693,0.0007198776836574705,0.0010141400583321876,0.002893790469422607,0.015978669069779197,0.003000081731135375,0.00020255465753129235,0.0009578537373674833,0.06961932216499277,0.006990606230034167,0.023370252013772255,0.0013784029713978252,0.002011431773682607,0.09105363616149965,0.0002768133374136787,0.00025131271288727423
2023-04-10,0.0007163493102136872,0.03284720967063714,0.00043172031005484857,0.001352280795742059,0.0003212221269343702,0.00378565802792258,0.00037761275928963875,0.0018481551877852851,0.01717852867192612,0.0006423518657130114,0.0029036342494385687,0.0004566553269962273,0.0007238776495841685,0.000318938906399429,0.0024991678261827633,0.01131128028184565,0.00030873072427949587,0.000321922853129172,0.0004805416773754128,0.0007898810927897394,0.0005057769631202763,0.00021983892235641654,0.00029028924050658085,0.0035851605572108985,0.0003979886698860843,0.00031847868871369563,0.0002242975355910934,0.0001735913296302368,0.01511529469150642,0.0008062790928477767,0.00020184908071435852,0.0007461954332540805,0.03124393546237159,0.00024044888266205457,0.0008947012247659397,0.001026244100747647,0.003952422830119235,0.0101123408601572,0.0034043888444527173,0.0014959575076829124,0.012561748231613379,0.00027620161752194656,0.0003082890980144043,0.005054861315738201,0.00036805224520365817,0.0009404167840229738,0.009750243531970952,0.0008694359826885399,0.00023327632012664986,0.002818068852896122,0.0003083493405809577,0.007129157884672629,0.014138409598705323,0.0017533344247216713,0.00090880867997473,0.027347296188089433,0.06913850074078397,0.0003339230872278349,0.001933315597320618,0.045653916179816297,0.0006192900967662096,0.00018975245086541248,0.0067873572557773775,0.0005327961085524473,0.0007147445812790533,0.0004167370692294855,0.0002696097290293846,0.0010049224865553393,0.06861742502575865,0.028351437407841695,0.008189376989033296,0.00015380422632123216,0.0008977492175794012,0.0005262972629181124,0.0011758539947248283,0.0003932593573700103,0.0013222116197796898,0.0005276081122568878,0.0013637492303903117,0.0005378387813966808,0.00047592831202324814,0.00497000500145962,0.002208989244350669,0.005663294572811054,0.003952675865850364,0.0007734952102264451,0.001032450045931926,0.0030489991682181665,0.01514925752293747,0.0030055586817006033,0.00021576032291432325,0.0009587312380954969,0.06614087772469625,0.00698675483291905,0.023399977770915605,0.0013661441057262445,0.002045804516220711,0.09385919083231758,0.0002554474849422301,0.0002775891006879191
2023-04-17,0.0007660924320650609,0.033423788747253685,0.00041071525262670506,0.0014901621637095318,0.00031567816482136365,0.0036284264563702954,0.00039517539282170935,0.0019127975972099028,0.01669136754603381,0.0006706983586036259,0.0028926389781535936,0.0004896812767377808,0.0007394459651384775,0.0003209128996552993,0.0024304978540057778,0.01143754051293195,0.00032232492892172017,0.00033645862454257356,0.00049219641241823,0.0008180738614584138,0.0005241736701790871,0.00023651912987004427,0.0002960444570661161,0.0036418743870115606,0.00038454628564370534,0.0003237991763349262,0.00025791405129180634,0.0001671107069604575,0.015716625322511717,0.0008574432735359312,0.00018652543730151362,0.0007384710855449768,0.031453985541122075,0.00022714380395916358,0.0009409228297797957,0.0010901818700137064,0.003935462532143641,0.010135618743491118,0.0031604130597196432,0.0013894614796385485,0.012850477587824715,0.0002622147554087399,0.0003180334390190121,0.005013335444737654,0.0003576048439080618,0.0009420038100796567,0.009906449905631482,0.0009415202181578135,0.00023832574030161814,0.0026004637314983197,0.0003182083831058159,0.007317222541687481,0.013368732961021706,0.001752956591092476,0.0009321588915942343,0.02734488018913441,0.06852887357274594,0.00032884084864628655,0.002043992656882261,0.04511089857155304,0.0006096954155371702,0.00019847322805106188,0.007291859480065473,0.0005355430486053711,0.000739090846343937,0.0004071205369187605,0.0002645898730705779,0.0010568552677678517,0.06676650277015453,0.028608783653496856,0.007938700808536396,0.00016079593216786344,0.0008768676353279038,0.0005324668635097148,0.001197044996929286,0.0004315899155563458,0.001264870375279104,0.0005242810295961493,0.0014257865014903667,0.0004970462361846945,0.0004734671391812271,0.0048195136185206705,0.0019523280016374833,0.005744659929530572,0.003910265242910562,0.0007037372020777392,0.0009821452739839686,0.0028490806440593106,0.015539717954170402,0.003016574874422674,0.00019991207941900236,0.0009783128569591578,0.06961399130712873,0.006682906131230354,0.02296710810783334,0.0014209711747132224,0.0020647135815867815,0.09034215072514142,0.00023831532720114767,0.0002954897423583396
2023-04-24,0.0007599839623030815,0.03259418231282379,0.0004226971452342557,0.0013473630050127336,0.00031333370767397243,0.0037202463369640313,0.00038689012987356083,0.0018572889246525966,0.017361281901469985,0.0007034685726428515,0.002971624995778149,0.0004567160960230207,0.0006959755615849698,0.00031993948236764527,0.0025119809754657746,0.011553078366550543,0.0003205515059650786,0.00033810283155703,0.0004932638878738803,0.0008681249363215339,0.0005469508783102046,0.00022660165077807837,0.0002925621393861885,0.003591133476862831,0.00039574200567934917,0.00034373613467414914,0.0002465188443203282,0.00020296817174966764,0.016431140920341838,0.0008853700602385129,0.0001795349189125289,0.0006857254830819196,0.03174446807026693,0.000232796926612589,0.0008920558271189372,0.0010579937190988847,0.0038744682559989857,0.010092734214005717,0.0033384877997502563,0.0013602535024951118,0.014035076466691014,0.00028961897061956736,0.0003028751481628845,0.005109843955166352,0.00037115582748897883,0.0009229993017009005,0.01035069506371983,0.000924366527472764,0.0002835995211512416,0.0026615342276146,0.0003060869553186392,0.007150982370134178,0.01399814883770251,0.0018092647830528711,0.0009419916582492379,0.028431831763775655,0.0681793343143695,0.00035063182831190047,0.0019921678247598424,0.04724879503163161,0.0005919210605009538,0.00020043786609622206,0.007011321527239494,0.0005577381117602135,0.0007011504305669601,0.00041954079276322994,0.0002661190834465958,0.0011005660509811506,0.06704072373910043,0.028144240330282788,0.008178278153293394,0.00016746484819405284,0.0009586064599110211,0.0005513433173371923,0.0012599601166932734,0.0003925702171362355,0.0013601929118999098,0.0005501020739217244,0.001427704497706579,0.0005325198431373136,0.0005134841062232449,0.00468897907418158,0.0022245796821789175,0.00580442734734716,0.004101645811779871,0.0007298245745957512,0.0011075555437648522,0.003165144939335691,0.015645159406492186,0.0029888997349952514,0.00019861784976823592,0.0009210454327762712,0.06891227531304883,0.007075217776065285,0.023167216319884783,0.0014228250015204597,0.002020631944460916,0.09024503542894224,0.00026880491776775544,0.00026893846778963535
2023-05-01,0.0008122552492502009,0.03386634300614516,0.0004630504469611922,0.0014029747469767753,0.00031736066527356924,0.003711016380909489,0.000403871447141015,0.0019173161549536867,0.017536193264263766,0.0006877199233743605,0.002888534285515621,0.0004749210714788919,0.0007517258558732333,0.00033265442396229934,0.0024254417098913293,0.01184416759514362,0.00031483344826744447,0.0003495243754453529,0.0004722476427976397,0.0008463132120601916,0.0004826237543661695,0.0002392711419314676,0.0002910593205523703,0.003635956425600909,0.0004057615372208398,0.00033922704596187,0.00024267433991430006,0.00017111519113945355,0.016682843288706607,0.0009014261483735562,0.0001936980170204893,0.0007501904473949626,0.031035226203312075,0.000226313664045726,0.000940817790751928,0.0010770011798322866,0.003862169392343308,0.010673473782995116,0.003298498452543944,0.0014389212488009821,0.013508715820244266,0.00028898082626244983,0.00030703847477965443,0.005323844559561076,0.0003718223826829652,0.0009553583886503274,0.010535717138493274,0.0008778508466054835,0.00025628163140768847,0.002777044730606916,0.0002850974357852417,0.007573671463087346,0.013773272373166962,0.0017242196001076766,0.0009369386852230566,0.02942030518260615,0.07164507212399356,0.00034881315078991165,0.0020577484119874557,0.045462442166163894,0.0005643151891255093,0.0001969071597194156,0.007279047593281512,0.0005529861937614489,0.0007338421995518795,0.0004143273612136014,0.00030707037578634453,0.001035535816030898,0.0647928280095799,0.02848218950816642,0.008116417443121063,0.00016385423405546723,0.0009041082610915383,0.0005740309819370004,0.0012053067180052364,0.00040976423507397663,0.0013255360192015648,0.0005217625871808734,0.001338739878991599,0.00051704111206694,0.0004877512982002387,0.004890458946169338,0.0021970464308646693,0.0058998002964787185,0.003942152750926769,0.0007371736218858127,0.001040332538613852,0.0030986301259433146,0.015725128091453218,0.0030695114876191426,0.00021368633970573526,0.0009943692437494086,0.07026331296410475,0.007202626740491244,0.02311370636573523,0.0014769162299231673,0.0021219385367103553,0.09466861073693394,0.0002590250095115582,0.00028350901289966277
2023-05-08,0.0007887155340132127,0.03344471317292247,0.0004011154868464461,0.0014188070715822141,0.00032847836451696684,0.003831753105860929,0.00039170014346446647,0.001838651523157324,0.01752933248845442,0.0007008241730919535,0.0028730724294937465,0.00048720422858741503,0.0007381352629414228,0.0003217801305825582,0.002511204176236275,0.01163862465613317,0.00033005802921216306,0.0003232930349207728,0.0004963512595027404,0.0008339658557419357,0.0004837583037041416,0.0002373447008098485,0.00031588279548060475,0.003622713949613264,0.0004060677337666132,0.0003287808088921355,0.00027157636030291315,0.00018535489574683992,0.016134728897216517,0.0008818101022781003,0.000181900065297894,0.0007362073365294653,0.031133454669436584,0.00022253580028448896,0.0009193549975711798,0.0010649615258357264,0.003915061194577208,0.010508651582785031,0.003331636744421638,0.001427095365881536,0.014162351932360354,0.0002656884781964175,0.00030292566152371174,0.005421170759070255,0.0003550012282204243,0.0010097197695095024,0.009879163922545122,0.0008774732160132629,0.00028508422908084106,0.002863818580427221,0.000311901344127744,0.007730466854428715,0.01398896729060401,0.001875156626296,0.0009364575285003214,0.028557990043615197,0.0696201451293361,0.00038458310072838725,0.002058640324257326,0.04654009244562785,0.0005895497077794329,0.00021313665959884362,0.007087060794632018,0.0005406386132697935,0.0007237920198949817,0.000435591706207539,0.0002856161069460914,0.0010894148358991241,0.06582231542663146,0.029022188929733718,0.008106692829632786,0.00019083722664802084,0.0009267715607145518,0.0005380085784368955,0.0010547177847820138,0.0004359752958480442,0.0013454095551811989,0.0005292824342734954,0.0014513592695263866,0.0005168590035566702,0.0005479719291198596,0.00488180833442547,0.002232259192399515,0.005885603617382868,0.0039539113783576794,0.0007447123052135386,0.0010378163330731123,0.0030572753967295025,0.01579448511659218,0.0032462525177694344,0.00020752444336832754,0.0009518206035467271,0.06902460100074645,0.00719816259303657,0.02357936799591316,0.0014397808827545154,0.002046532999606642,0.09157992972324572,0.00024795571388585983,0.00026917106131971755
2023-05-15,0.0007849061635740475,0.03359541795234534,0.0004059945706184424,0.0014644230719892124,0.00031101634059086823,0.0038583536889912748,0.0003816066892242226,0.0019098977717781134,0.017318555124192964,0.000671968115175114,0.0029508221553215625,0.0004862713458286956,0.0007267940575358022,0.0003198724577062333,0.0025444254151606254,0.012249727880861401,0.00030615858232258946,0.0003304767921929863,0.00048130148546807617,0.0008337214179082867,0.0005272516060409023,0.00023597107305668255,0.00028286364988822365,0.0035354027450025262,0.00039840006688839514,0.0003398872692630833,0.00026818178896127515,0.00018416065218504102,0.016076384454756114,0.000950820549197336,0.00018854036073613433,0.0007669053238233529,0.030408751062007265,0.0002503585046580557,0.0009019564457246427,0.0010241068267149032,0.003996547287758882,0.010237509254976124,0.0033041353912951956,0.001500585240426602,0.014121672987580115,0.00027383972107841416,0.0002863721505284993,0.005551895203898457,0.00036883033785921956,0.0009658260026380282,0.010209924215721977,0.0008981292492513958,0.0003038248750594803,0.002747622962075887,0.00031654267395309624,0.007513845319464713,0.014882279272081928,0.0017113772928552349,0.0009693717440547658,0.028278925769186405,0.06879939264212567,0.00035541313575579057,0.0019908137392192302,0.04808264391111014,0.0006015891878646282,0.00019776811943883298,0.006974639436817181,0.0005511956416709813,0.0006909803211654968,0.0004197408163970884,0.00029410896395503787,0.0010659192667261846,0.06640700701929675,0.028375234067776735,0.007912353218415952,0.0001786462728613345,0.0009673487565055037,0.0005743526556067573,0.0012032757018462642,0.0004181400362754488,0.001328105528771867,0.0005296080164017485,0.0014718738585064862,0.000531055691873103,0.0005039251048540685,0.00490843960687227,0.0023041379698123393,0.006233088385806329,0.004021770356276281,0.0007599416508946834,0.0010116060135608122,0.0028738700533535457,0.015628342812870656,0.003143003452120955,0.0002209960878631701,0.0009661363372880458,0.06869731779408371,0.0075630527647036075,0.023736440950645664,0.0014594766941762444,0.001869548606230126,0.09541935243430408,0.000268606276886319,0.0002695442632796647
2023-05-22,0.0007743782062812084,0.034393154336733976,0.00042787937997093784,0.0014830573897353426,0.00031935111751872365,0.003850338153102766,0.000398000718745296,0.0018746446879940324,0.01779699574664654,0.0006858414785973479,0.0029623525926996586,0.0004602802948175138,0.0007060126108718286,0.00035053932644720073,0.002665074853313479,0.01232059425315593,0.0003239665730119108,0.00033632304098242646,0.00048386481497358783,0.000839160632878058,0.000518191306384066,0.000244984530728458,0.00031140629997929295,0.0036019864774695684,0.00043987364980157135,0.0003236072519728888,0.0002532369587119321,0.00019343908941723558,0.0170484241242008,0.0009232947629326928,0.00019217622282933727,0.0007849877154450654,0.0312360080507686,0.00021992944105146136,0.0009375925337257089,0.001087248613280759,0.004076304816682583,0.010456834254833555,0.003523161226402896,0.0014788430834439077,0.01402119645358546,0.00030158020342614683,0.0002895266660154291,0.005419578786468678,0.00035932221369701573,0.0009873814842441002,0.010642868797094791,0.0008878053010650608,0.0002811091742030774,0.0027898770441956355,0.0003062029268218316,0.007973351282171956,0.015207867682016684,0.0017399458568002468,0.0009436080003294441,0.02890470566922249,0.06996269004431786,0.0003680063853457067,0.002109247995408496,0.04748209048828968,0.0005974741300350861,0.0002016145579349231,0.0072076038877952955,0.0005501597786367144,0.0006967638696274979,0.00042687359289988384,0.0003117062200531686,0.0010566784160763426,0.06727256842631534,0.028811424525316154,0.008189718260531954,0.00017612455933010163,0.0009180311771351141,0.0005697105197209293,0.001185906796056068,0.0004414793094323512,0.0013076277403306401,0.0005224751855233698,0.0014289279146769223,0.0005348192436195347,0.000538524315977479,0.004767270598415117,0.0022256652708138517,0.005987635046343846,0.004102686913920564,0.0007680568909022435,0.001061091386128619,0.003062573191382038,0.01624991638112489,0.0031398351745665076,0.00021088467035963092,0.0010112019036828475,0.06979154515404884,0.007625676195244146,0.024004442818657573,0.0015361653266489528,0.0021239022451960844,0.09260603009799792,0.0002521921685796987,0.0002786241045801345
2023-05-29,0.0008385358927588147,0.03247520210725402,0.0004082748144291714,0.001582929660182027,0.0003294050912622278,0.0039441694073535285,0.0004225043398685296,0.0019559168190326224,0.01754374377673448,0.000712216009010746,0.002891946615403546,0.0004462360775355714,0.0007385388634425663,0.0003259796605820791,0.0024799339880265977,0.012130114528833124,0.0003134854007911483,0.0003603558881867049,0.00047478672373707243,0.0008799217013858364,0.0004831632951291351,0.0002610717746468673,0.0002803578869253018,0.0037667183362441663,0.00044268901766771193,0.0003541036209390083,0.00026825122721751456,0.00018604801474703605,0.017061087711205635,0.0009136507752624406,0.00019459402343404933,0.0007220878417143007,0.03191506370602713,0.0002534290936950674,0.000923061208196214,0.0010551952369413998,0.003996299982734784,0.010896941872009123,0.0034645026229227043,0.0014889710400802236,0.013966936481742583,0.00031478667903973574,0.0002858224510311969,0.005552528969851977,0.0003330503841000042,0.0009510224349739911,0.01053049465847825,0.0008779025023620493,0.0002806158567242403,0.002678974763970756,0.0003072203995935351,0.007396395721627933,0.0139562889277922,0.0017553932198410096,0.0009623657170639592,0.029573744863826183,0.0723181811140496,0.00036272684486939993,0.002066118326433302,0.04792316562700158,0.0005899338256134778,0.00021316450301022232,0.007163724383148744,0.000547692470689008,0.0007215446345205162,0.00043155059026512416,0.000291540635168133,0.0010699104727513774,0.06718312266498341,0.029708514924658428,0.008251894937539628,0.00018640642682265973,0.0009209295393851764,0.0005489060052698534,0.001206421546314081,0.0004673552516525291,0.0013727995245914908,0.0005212649463810256,0.0014257958685701846,0.0005251549967777955,0.0005860114039505073,0.004812351314218069,0.002263865600061882,0.005980649268487741,0.004172445768827218,0.0007778429616812956,0.001025064622849169,0.0031949432007920575,0.016671863613307317,0.003343340420650956,0.00020124426940473076,0.0010241267489813576,0.06979006146840443,0.007441457702965278,0.02346760729317658,0.0015610638368343094,0.002011550109006268,0.09491786999149529,0.00027570546385436454,0.000272172828638365
2023-06-05,0.0007945549602374159,0.03384639918656624,0.0004245250618501273,0.0015502400656739299,0.0003223720084600288,0.0041241142951149844,0.0004039888275101369,0.001963237471966089,0.018231863734396645,0.0006739928509435409,0.0030385973080769265,0.0004706190910264994,0.0007413128557005998,0.0003168659842113249,0.002700417128823546,0.01212261523864482,0.0003023841483578176,0.0003439067191835059,0.0005081434841584401,0.0009117776901671432,0.0005209204282777718,0.0002538075355712759,0.0002893080436302976,0.0035299095567612963,0.00042663075898080637,0.0003608536078839291,0.0002677819118224698,0.0001978178564540879,0.017039644751449635,0.0009272151145357392,0.00018163246366974064,0.0007785360793169578,0.03124840732560675,0.00025279319253383037,0.0009229359829504396,0.00116244125604691,0.003937548950586383,0.010331598207816393,0.003489174786751854,0.0015572451750699057,0.013751337950702078,0.000301766763515109,0.00030697540267099965,0.005584496959068839,0.00037710106063873646,0.0010483329995408452,0.010412373824683815,0.0009080460651502389,0.0003074188546333082,0.002750187333093403,0.0003071545046470451,0.007585926033941776,0.014341962778638084,0.0017397355411702528,0.0009484884986136065,0.031641920170213916,0.07104190559984758,0.0003886554809576846,0.0021240943453468266,0.04926413741100629,0.0005828004074089959,0.00021263664962275304,0.007286866513754059,0.0005745495059673923,0.0006572693888599801,0.00043436860128681626,0.00030512835216945397,0.0010149141393102556,0.06713331456639013,0.02952583800853271,0.008129004012184346,0.00017106659019425332,0.0009310477076587783,0.0005955296839746472,0.0011429561725529458,0.0004868664510858696,0.0013708647121760363,0.0005031114673229183,0.001423903783047488,0.0005459779472921535,0.0005663785352872647,0.005008386833318175,0.0023126652057576438,0.006109654082478791,0.004256205691316511,0.000792170308497396,0.001067027792632382,0.0032198058770324762,0.01597108360703272,0.0032968046569049215,0.000209172237166217,0.001011422828400798,0.06985722534622288,0.007600870119867048,0.024623867622956392,0.0014762978696179242,0.002162486540216397,0.09427913282159939,0.0002387290285157655,0.0003134587581485287
2023-06-12,0.0008826686357274898,0.03279660226744044,0.00041896533341173657,0.0015302014407514953,0.00032552348192986335,0.003951743895042544,0.0004030147740423495,0.00205850674441333,0.018098756984380265,0.0007399299293479949,0.002980308143879688,0.00046461009735056366,0.0007587394744028876,0.0003314302248994417,0.0025538872467232923,0.01297241644525936,0.000300445722322728,0.00036872032948296295,0.0004887582409289902,0.0009127060518261939,0.0005268075410572956,0.0002648095863819523,0.0003002593864277868,0.0038146708295339117,0.00044181303506154047,0.0003505747215416713,0.0002802241839624403,0.00020107869265775116,0.017220565811140644,0.000973496138943978,0.00020907724966316206,0.0007589081879020973,0.03197422085755826,0.0002466302558028761,0.0008890884721933382,0.0011275398884713053,0.003940468427032837,0.01061944322222174,0.0036236291712104553,0.0015055375490870663,0.01418848580564741,0.0003115007600058072,0.00029283136721007486,0.005815392645615386,0.00037161668953103125,0.0009902871004047915,0.01022874331955903,0.0009112872498929598,0.0003217619546528737,0.002889799301600773,0.00028628891558491116,0.00792313767861775,0.015152219504780722,0.001654683049538746,0.0009476810152659716,0.030383595712510748,0.06868942668073896,0.0003764062961858542,0.0020819237523473397,0.05042781107328433,0.0006063346508931878,0.00020885316532215468,0.0071699903727869135,0.0005821486996012337,0.0006904806910713411,0.0004447588763470414,0.00029279358626377094,0.001138279041333125,0.0701884136130438,0.030301811418141592,0.008222980732887217,0.00016177699465817595,0.0009549933073822322,0.0005076917434018202,0.0011811005981088702,0.000501042843941959,0.0013822974167490283,0.0005180791513103593,0.0013875511857551978,0.0005176241865362138,0.0005595008757581849,0.005003036050018773,0.0023012940042125007,0.005833290793689107,0.0041738311143654765,0.000794208330255052,0.0010387482051683334,0.0031426526600824103,0.01680479706530145,0.00322911179439722,0.00023892498450385532,0.0010605496315644802,0.07235601947317288,0.0074993274087136914,0.024659522486564646,0.0014728186139995826,0.0022041747125786408,0.09461666454354435,0.00027965442978952586,0.00028267651310734935
2023-06-19,0.0008848247624722038,0.03375587597454871,0.00040795259554417555,0.0016862485384157482,0.0003348637211760635,0.004105238248460244,0.0003862094341801161,0.0019785157910687827,0.018123333655484502,0.0006847483699740808,0.003039640296271309,0.0004877549538648863,0.0007411403322941047,0.0003298028380699918,0.002623338243947636,0.0122275515883419,0.00034261151400457853,0.00037888722666391003,0.0004717726745741764,0.000892242497555533,0.0005227739581187896,0.00025615152053336764,0.000316801342569742,0.0035194743002923217,0.0004366914000319457,0.00037073746204820243,0.0002736390723448285,0.00020855280053986468,0.017730865128760424,0.0009760228509303987,0.00019589147154772127,0.0007659014311453149,0.03263461839334455,0.00026783204474574196,0.0009374242706608764,0.0010732748054742827,0.004017664126363344,0.010741953117789844,0.003665608322311465,0.0015540711329668775,0.014135294551897458,0.00029611169882485497,0.0002777087933042905,0.005874754693249881,0.0003823215158623813,0.001003737480816965,0.010226709391400466,0.0009178612813901599,0.00034286037925411667,0.002582872215150468,0.0003088540785215635,0.008002959837438414,0.014820293719821135,0.0017099951511865459,0.0010002514692496033,0.029899128320683383,0.07198196059176212,0.00039499259643295136,0.002200282328569507,0.05010247939838342,0.0006014983176940659,0.00021345529771677182,0.007426533816576873,0.0005775104715917737,0.0006736098684504911,0.0004394732609725346,0.00033167646881512375,0.0011371077016452237,0.06849152816727028,0.029435839848499675,0.008172029064251398,0.00018463322774850998,0.000935220490851177,0.0006035538626841863,0.0012078622918959977,0.000510729304788747,0.0013775658542863622,0.0005074251699793712,0.0013683067757348153,0.0005496792082847344,0.0005587936618489305,0.004937222291113654,0.0023538046935732367,0.006010602634216999,0.004247205598835179,0.0008037567544731212,0.0010836627509972223,0.003224846198887817,0.015518727957006033,0.003328898469561323,0.00021068168156708353,0.0010009653832992345,0.07380549131097527,0.007929019726828268,0.02456870755723573,0.0015543974371519233,0.002230988480569105,0.09676351055175911,0.00025949950651116965,0.00033686343690760684
2023-06-26,0.0008430109694730637,0.03375607044582928,0.0004220425515388801,0.0016392750751439444,0.00031420350319090104,0.004261817289187208,0.0004004918279870024,0.0019912929677446483,0.01774474362069751,0.0007425383580665694,0.003059708302713841,0.0004666802708551636,0.0007720691240896545,0.00032402908091993556,0.002738614591082091,0.01262272906963799,0.00034032273729773854,0.00037144168854004163,0.0005060818035955378,0.0008907572252667821,0.0005570180125700653,0.00028007722320921207,0.00029673705940838266,0.0037661392318983898,0.00044187472905916284,0.00037996265353837795,0.0002798917525038257,0.0001990023645463236,0.01730928265433744,0.0009564529835059916,0.00018872593357307198,0.0007782343804257008,0.03180215729789958,0.00024593702612226906,0.0009310820246669034,0.0011635618205495732,0.004024482554771714,0.010963150353543501,0.003597814015153777,0.0015438194964212558,0.014204408953484796,0.0003146677337261311,0.00028428881164975197,0.005471859233884184,0.00035709722295241186,0.0009910486596113335,0.010780599191085862,0.0009170782525965296,0.0003409597761389875,0.0028151646975396556,0.00030015990847786177,0.007938545411886329,0.014677777944205739,0.0016767052304263997,0.0010331346209629852,0.03087698398483669,0.07265961327058136,0.0003756060193881271,0.0021637504216102687,0.04850804191320093,0.0006026869346659317,0.00021660839891484796,0.0072760423415208384,0.000545772762054618,0.0006423240525787876,0.00043479949860812726,0.00029073775391331384,0.0011278278955300827,0.06768378660178939,0.029247354846139537,0.008137570794283639,0.00017998486975133058,0.0009166525717318485,0.0005906980561788819,0.001206695491106002,0.0004814571857971337,0.0013790809447337062,0.000499347730200523,0.0013737609649742786,0.0005489496882821164,0.0005450325470421909,0.004914361302407019,0.002397261769235479,0.006581121611603136,0.004070182920784165,0.0007913923186351836,0.001070560181103591,0.0030791730606416342,0.01638800707226321,0.003239651890979489,0.000218426045763867,0.0009799740120768864,0.07438865437423688,0.008413913218948297,0.02446346562786336,0.001575591681633281,0.0023465441365762545,0.0949357810327432,0.00025720957820340773,0.00033309779509470023
2023-07-03,0.0008352247053560647,0.03450077024631507,0.00041908052478018676,0.0016325286017975702,0.0003503662825676188,0.004220229867831019,0.0003777951339981647,0.0020749179731562243,0.018585822783604246,0.0007322385446306062,0.0030082928775387956,0.00047777676457584677,0.0007839647310485787,0.00034924748609846423,0.002584758480164279,0.01219306446117365,0.0003397822472905045,0.00037539684778694976,0.00048562930727871805,0.0008917821451102007,0.0005122001767984529,0.0002696412042698976,0.00033760418226776444,0.003651733350747422,0.00045136492749050643,0.00035818785388912574,0.0002860276891752073,0.00021754432194462405,0.018163022666098063,0.0009357802177703996,0.00019764559554249648,0.0007674270289939012,0.031795874199707516,0.00025269339082945155,0.0009362490181635334,0.0011415911668493626,0.003879021338872228,0.010904177009307835,0.0038341480648866875,0.0015494239541906409,0.014255640906590697,0.0003241360075745865,0.00026978288511012396,0.005728455900777846,0.00035635000759889516,0.0010031292314640213,0.010717188274822797,0.0008699133343464268,0.0003376974698187244,0.0024770049514152613,0.0002968095905859427,0.008226461240261634,0.014754134942607841,0.0016626490085561278,0.0010003730207321037,0.031234450638884713,0.06918252502052716,0.00039967747105253804,0.00216464407035185,0.05032897216211105,0.0005839180511252755,0.00021753615858511775,0.0074248266835848795,0.0005791967544008819,0.0006641449111385471,0.00044108785567573567,0.0003252099543766122,0.0011064847283966477,0.06743858473502769,0.030306142624588053,0.00805173495844742,0.00018680540054692517,0.0009447402078684811,0.0006318455470276255,0.0012135262811458327,0.0004959983639774905,0.001438935706463006,0.0005119407296954462,0.001443627734699559,0.0005153274792386084,0.0005723060819048471,0.004957282981133487,0.0023668877830502516,0.006107006614528736,0.004318495073763432,0.0007865097832125639,0.0011360674184362712,0.0032920021947458866,0.016870045674203353,0.0033151421143915493,0.00020701011556866834,0.0010227596869131347,0.07216129776698661,0.008004834643312258,0.02484911067621095,0.001588032127674043,0.0022514144921846123,0.09817830945973409,0.00026852324851635393,0.000297177382114355
2023-07-10,0.0008983978310897402,0.03446328879940626,0.0004210977369395257,0.0016843836984893842,0.00032377429361684913,0.004303930266586541,0.00040346467446064974,0.001991110869991616,0.01824912026263568,0.0007195078960771172,0.0031398862049737335,0.00044670935983018534,0.0007784881524530958,0.00032478861717499075,0.00265274724111173,0.012374272562645743,0.00033796187277478616,0.0003658416587905825,0.0005083857266039223,0.0009321212975242647,0.0005537895435552059,0.0002815846154582323,0.0003125992632126096,0.0036510037372612545,0.0004586716649559596,0.000365834545962072,0.0002857261325818307,0.000215574573178873,0.01770066493205273,0.0009487120969411179,0.00020720589389216614,0.0007812851200077905,0.03263797109106283,0.0002630129180482735,0.000932437625210457,0.0011643370694692252,0.003959565276210083,0.010641437814102499,0.0037575306562889657,0.0015089147230683039,0.014544942542261642,0.000308709116360389,0.0002785146677029311,0.005746791073395457,0.000345877948167102,0.0010302710929779558,0.010340741401483687,0.0008797306959620779,0.00033734441307852554,0.0026147580299396753,0.0003175890530900753,0.008105945226563544,0.015555080624191989,0.0017132847508978036,0.0009962281180289027,0.031743256908809525,0.071697315417565,0.0004207113947159296,0.0021824124340876962,0.051295212163944344,0.0005834012763454309,0.00022379599568973286,0.007837267876152772,0.0005876645204641462,0.0006475212370400322,0.00046311435648836767,0.0003270632280970514,0.0011506812241783193,0.07062563096926622,0.02994666524182122,0.00861100941690868,0.00018324250558357513,0.0009846364275163516,0.0005610163440128292,0.0012029491600111868,0.0005417747094001153,0.001411115697342187,0.0004967708605573233,0.001486358839121177,0.0005290872490293679,0.0005960780535883131,0.004978031225604091,0.002375924976200831,0.006286445680249498,0.004433591635934888,0.0007520690369371089,0.001140674135241569,0.0032646935627419628,0.016567151801448132,0.003362864640984946,0.00022886429754978552,0.0010318788456341818,0.07523949540305394,0.008080420010006674,0.025253516602539706,0.0015665249885767009,0.002399729033975869,0.09401224244667714,0.0002778399800850124,0.00030768502494039006
2023-07-17,0.0008556213646660575,0.034075093891306876,0.00044549703413611363,0.0018704305156924165,0.00032834668154853417,0.004344984557185153,0.0004053623082367098,0.001980012229018203,0.01836328974680142,0.0007330102543774148,0.0030878823232257254,0.00046096726144447973,0.0007741478410733593,0.00033834649650651104,0.0026884158765350277,0.012152902029515803,0.0003447037495570631,0.00038161248313357257,0.0004963176575708663,0.0008701968938234848,0.0005136854163941594,0.00026529793027412586,0.00030583894727681624,0.0036722420442807423,0.0004765962322551538,0.00037829383750872034,0.0003031435434054312,0.00020497743824289145,0.017843724316190333,0.0009652171576098045,0.00020194065110611359,0.0007823556248774497,0.031895852812950425,0.0002707084443265512,0.0009287795252306563,0.0011421613343102145,0.004044409725176752,0.010953390169798417,0.003691613236517756,0.00158607109270189,0.013733506126210084,0.00030971426781463933,0.0002962199218684762,0.005860047113199508,0.0003616513237908442,0.0009746934335626632,0.010327463028149783,0.0008731237946408698,0.0003483452886342757,0.0026777407610774732,0.000315678502567587,0.007930018886312375,0.015217139224034285,0.0017386464378248904,0.0010724470665626111,0.030415954045653646,0.07116199583595954,0.00040389860715359463,0.0021520818149033697,0.05106394147202634,0.0005954821934236298,0.00020073752849446514,0.007368969168579968,0.0005604069740960863,0.0006427755016046131,0.00042914936230200955,0.0003173235603133485,0.0010887850558767894,0.0679776716245354,0.030673799056083088,0.008314259360014278,0.0001915343175547936,0.0009367464906988305,0.0005602899812352775,0.0012157668081165178,0.0005324647720475403,0.0013426944546476994,0.0005206817394327592,0.001445607952991428,0.0005387166147864891,0.0005892324839527112,0.004921854888311758,0.0023936854977908446,0.006438588556901953,0.0043081072541949345,0.0007602303237679429,0.0011688267044394198,0.0032500117118391286,0.016896100845162052,0.003326938190072384,0.00023908939404293595,0.0009855916204976629,0.0773838915866032,0.007811788272577592,0.024872970029680988,0.0015453808842010228,0.0023026356481514305,0.09516795231363488,0.00028097594874301236,0.00030968416388503435
2023-07-24,0.0009106605819251425,0.03377643369156893,0.0003912669792789364,0.0017060385055553977,0.00032946432559702456,0.004324175163872145,0.00039074483945139994,0.001980839459134801,0.018940530380376956,0.000732090435884312,0.0032107437336906727,0.0004817914247732365,0.0008471406170756914,0.00033024169937559297,0.002750430569429623,0.012096917211794797,0.0003680496847036215,0.00037892324061209506,0.0004851638974168084,0.0009469620190725627,0.0005729066481066231,0.0002988415879553214,0.00032122794032266635,0.003760430955288405,0.0004609683048687468,0.0003741039469816291,0.00028383426548630536,0.00021536910922040014,0.016905122050988815,0.0009421521200968946,0.0001962749845602379,0.0008139571069024585,0.032197185372281785,0.0002802269131409201,0.0009526894937037705,0.001167899942471765,0.004019054740261425,0.010682913641319545,0.0040165295062585555,0.0015988990428444547,0.014389554442875778,0.0003167192036797864,0.000285192110026105,0.006001090970850055,0.00037325123160692576,0.00099048123581015,0.010328671748785302,0.0008960251803411784,0.00031657636818747085,0.0027599759889542215,0.0003193928709591453,0.007893234047972207,0.015194439687864575,0.00169167561987165,0.0010329301666824459,0.030009491039704125,0.07233187468786662,0.0004389087903335579,0.002198819811695348,0.05128908301744025,0.0006047954382404313,0.00021633019053276276,0.007545865204325835,0.0006027800437628161,0.0006629630578742166,0.0004474903665629892,0.0003437634852330762,0.00111713168443625,0.06940141286522346,0.02868318467087011,0.008308805180702093,0.0001942431699337814,0.0009138330185993448,0.0005567575610359687,0.0012487022081023827,0.000569617341468919,0.0014356441830766446,0.0005613270572135511,0.001422574385937711,0.0005320523584142023,0.0005856493480192599,0.004984336792588421,0.0024637424488751294,0.006439254133549743,0.004421497748878709,0.0007688536868537742,0.0011138047946206203,0.0030979241563031173,0.016763154643922164,0.0034173325203606117,0.0002173487279974701,0.001035809809646018,0.07469582377176548,0.00784533218508867,0.025690339365290596,0.0016571146175914635,0.0024546626141194036,0.09671946029774332,0.00024732943164335123,0.00031150687750641277
2023-07-31,0.0009104864970985141,0.034829625633569145,0.0004087098731428472,0.0017039264495617467,0.00034674507760571317,0.004279322854592602,0.00041427323609760885,0.0020322395335196815,0.018487437543304275,0.000721637056684824,0.003205833412656846,0.0004891294943131703,0.0007899659627796549,0.00032912788818297814,0.0026844888427803152,0.012580139567131492,0.00036931190602018595,0.0003956195380515446,0.0004890053094610585,0.0009149850861989942,0.0004910988861961891,0.00028811444333544297,0.0003129406649444724,0.0036571971049185813,0.000439724461437817,0.00037283787262790656,0.0003211139021542984,0.0002272246355572701,0.017350804850060294,0.0009568890881410629,0.00020008667828286237,0.000779990018162094,0.032386538995105844,0.0002626603734141191,0.0009637279061412191,0.0011684781734585328,0.004007970383119968,0.011107064348949992,0.0038207044286305567,0.001639935153129951,0.015153822260079355,0.0003230325354914145,0.0002913212232865221,0.005923368108007968,0.00034173144779653706,0.0009947012378257731,0.010285070344517868,0.0008627804491454737,0.00035147499192552127,0.0026868201100303116,0.0003223378645366573,0.008122372294145894,0.015809245287824587,0.0017066076296233564,0.0010348877623593611,0.03179288587796923,0.07292001326843432,0.00043201909831996237,0.002186340136801549,0.05078386347947183,0.0005891614901722286,0.00020807325754040062,0.007501449590523642,0.0005852662812461446,0.0006435882966675033,0.0004363144137754841,0.0003368559697568937,0.0011614626454338744,0.06945886366289071,0.030159872880022826,0.008191781208904314,0.00019780575803879914,0.0009674035770895554,0.0005990442599520858,0.0011618784235322907,0.0005236523114008634,0.0014419378382718759,0.0005397543366459304,0.001398878081836729,0.0004957369140769056,0.0005831620651089147,0.004982459153011823,0.0024314519961231447,0.006416862369743747,0.004364899579789421,0.0007741256266852872,0.0011677798295680526,0.003281456810845776,0.01713222375881252,0.0031439445746555173,0.0002386713142496623,0.0010173335308065457,0.07735798520634825,0.008222789420336404,0.02603530601378968,0.001571689526091216,0.0023954485259169954,0.09859257289487908,0.00024109894477183783,0.00033403228556953693
2023-08-07,0.0009638735373819769,0.033745804213364546,0.00041438321844045067,0.0017787075726107262,0.000323131125580013,0.004188483616086342,0.0003922576968910646,0.0020119964805294342,0.018404766414495136,0.0007383870112004801,0.0033958671099470782,0.00045624760989853663,0.0007680618968700989,0.0003306445546486001,0.0026112283740540886,0.01211998027306993,0.00036006615838145506,0.000400877286820386,0.000473301814376013,0.0009087271366615606,0.00053598386772829,0.0002685125386500717,0.0003028968696537078,0.003584978109907909,0.0004881468837554313,0.0003957963767317251,0.00032808468741184394,0.00021028457707403922,0.017838804187358007,0.0009775166381918957,0.00020673518193597862,0.000837836524563708,0.03176517580993423,0.00026450227691253377,0.0009648166817599574,0.0011552114329859095,0.004012817835269881,0.010964510389340822,0.0037652264725171304,0.001622662483628573,0.014817724889798461,0.00031933537656156586,0.00028201932386298797,0.006104362068830757,0.0003605096609441452,0.0009768452569114705,0.01051986850136564,0.0008874899419486913,0.0003865873049992858,0.002741301850669682,0.00031490328770073336,0.008091068597818357,0.015400754398685783,0.0016795758533315363,0.0010391196048360391,0.03055340775232725,0.07206584845938174,0.00044006933229705334,0.0022341368830454556,0.05132552755185467,0.0005880575937111859,0.00022074135153158568,0.007534453290620714,0.0005662937240276162,0.0006240762254037549,0.0004466407088611851,0.00034803740840327874,0.001175597537645249,0.06939405656699105,0.030206673930864576,0.008233534900053546,0.0001942052873297171,0.0009469696694034187,0.000601224884260454,0.0012548352285476354,0.0005374368157748097,0.0013516674549389767,0.0005218876863720611,0.0015253428884500347,0.000507193468040572,0.0006012379071788072,0.004825050901456798,0.0024311041251026187,0.006506349063127113,0.004473398670711375,0.0007699594980568068,0.0011386083725744376,0.0032452720208081287,0.01708360642816802,0.0035409219694201876,0.00024755236913709655,0.0010160071280357536,0.07796778294148274,0.008020317798233768,0.02611048876066614,0.0015668233767319507,0.0023865872434042134,0.1020087374167241,0.00026253342663522673,0.0003180112388210238
2023-08-14,0.0009716739867858678,0.03392269993816401,0.0004210678757924736,0.001632892089549928,0.00033534187434072814,0.004314954258148764,0.0004139344950618571,0.0020447219219556553,0.0186891893092383,0.0007525998039464215,0.0031149498927301234,0.0004841159026423245,0.0007626948479754947,0.0003384226194014781,0.0027969301274500067,0.012805171344429274,0.00038719552541140845,0.00042189284535805373,0.0004754789353469926,0.000979971581838564,0.0005245399766390137,0.00028217137828478095,0.00034669514589733013,0.003637819646167824,0.00045377321237699287,0.0003526509018247801,0.00031701953355484157,0.0002221411582375179,0.017073357592058153,0.0010479761085225008,0.0002003318608958349,0.0007612084076580486,0.03175925262416648,0.0002717213816257692,0.0009425759596988757,0.0011674414204069271,0.004012028690079806,0.010778054243159698,0.003865275470357073,0.0016616401040149466,0.014886587598806709,0.000335773051852558,0.0002889750500510669,0.005882986997987889,0.00036258173580748683,0.0010362749808090217,0.010756951456278875,0.0008964226639958537,0.0003790316683210647,0.002765166078618943,0.00031671341491256843,0.00813638133272685,0.015668114796965844,0.0017286982976287646,0.0010489651967716992,0.030760998013036164,0.07079402079828694,0.0004382356954351477,0.0022339698344668417,0.053375012593012305,0.0005780564736609004,0.0002267611455445717,0.007813125812140243,0.0005689216867046054,0.0006337657535973982,0.00043944287551375477,0.0003514473254262606,0.001137974751493183,0.07076447074576077,0.031013400571278004,0.008284357701323025,0.00020191797780671824,0.0009349564995975272,0.000602429215501859,0.0011710352906670015,0.0005558284417176889,0.0014357819380635783,0.0005334232522408618,0.0014766793378273024,0.00049967899066053,0.0004903142691360565,0.00482776786319171,0.00251974255247127,0.006548863444543083,0.0045710529586258245,0.0007248674663936506,0.0012447310391561217,0.003229848075291827,0.01729304725772689,0.0034974788096261223,0.00025304520804864144,0.0010561829045230508,0.07761155690637926,0.008213134063368235,0.025494639391184917,0.0016300754181247513,0.0024638556182515737,0.10115333812389263,0.0002514103786493322,0.0003184320784546727
2023-08-21,0.0009002628426630213,0.034684996069545254,0.00043230227184358494,0.0016358052626027015,0.00032264096078307014,0.004477578431171626,0.00039078985011896085,0.00211478914447825,0.018389765938034743,0.0007543546473957405,0.0031866654889666115,0.00045358810800979213,0.0007767508973356111,0.0003229335085117962,0.002705386023885271,0.01275903113292065,0.0003798833451699691,0.0003903792209244619,0.0004842363576251253,0.0009340135947044754,0.000541133149157441,0.00028979965449476376,0.0003294554354866913,0.0035580484398858654,0.0004988063595820388,0.00039077374806081866,0.0003276023112510664,0.00021043257570536062,0.01758912250640658,0.001015089050242144,0.00020553951071041707,0.0007726328846437256,0.032151673246520504,0.00024958282821529993,0.0009519372251080075,0.0011500721304129327,0.003960086756421864,0.010852471329592012,0.003894432631905773,0.0016523345973232409,0.014555217451697928,0.000311684670647599,0.00030562504820350164,0.005622604241055516,0.0003662127836802229,0.0009451641639851222,0.010702927385466542,0.0007933429070229904,0.00038774920360994174,0.0027739358158415505,0.0003337539258158415,0.007991746536807669,0.015596376291287255,0.001621954061362642,0.0010789166345882416,0.03141982421814369,0.0737901479209972,0.00044941873634487276,0.002191374877980654,0.05021154334649124,0.0005522339629374294,0.00019058254355670942,0.007854794989074147,0.0006014373106025012,0.0006358505049133799,0.0004309555736282678,0.0003648503405674779,0.0011694072387665453,0.06827605374606767,0.030886462238918826,0.008655636285540497,0.0001934060358429184,0.0009844567027450543,0.0006127171725936816,0.0012485529377831285,0.0005096904900982214,0.0014309898820462678,0.0005395586168190755,0.0015181107349648616,0.0005225423036314487,0.0005970235533396354,0.005116381044353473,0.0024633355563024695,0.006622867181825334,0.004425004053658331,0.0007509589456450897,0.0011762658568191921,0.0033491606472233404,0.017315597796418777,0.003289708998884972,0.0002532369938326902,0.0010375718702817156,0.07854794551372518,0.0077877153731762275,0.025984154147996773,0.0016520767607866775,0.002603300128106784,0.10115944567209258,0.0002547409470413283,0.0003159292285481368
2023-08-28,0.0009289483911003,0.033536397679296746,0.00041387665587761945,0.001823908690777706,0.0003387673212664963,0.004347158854517568,0.0003921038821663532,0.002085499000937743,0.01841434142756092,0.0007684104317515532,0.0032674271760638153,0.0004757430844194561,0.000769355875509471,0.0003095032462635632,0.0026237842085923284,0.012422960699116168,0.0003605977810539751,0.0003978228381806997,0.0004941099192672764,0.0009440074606386576,0.0005461037139998048,0.0002739980934507489,0.00033073434787534177,0.003639277071950796,0.0004882747088514171,0.0003590915568691371,0.0003286433944982815,0.00020629887526679998,0.017242500028304138,0.0009618499365437352,0.00019677432270036324,0.0008285198107750262,0.03198415807201783,0.0002652171173987559,0.0009666113731446984,0.001179022144185486,0.004075862454174689,0.011002785090300357,0.003952157972988198,0.0016786231315691446,0.015003183656755693,0.000345370658683613,0.0002888331297767037,0.005996500971736347,0.0003743489173321586,0.0009989413713147927,0.01020303184606643,0.0008476409216768383,0.0003873657147365385,0.002725818056438936,0.0003200486254600904,0.00796384954337576,0.015362055213819203,0.0016338545116638533,0.0010855736006502006,0.03061582375597305,0.07211356880783845,0.0004328588122659539,0.0022118384270092763,0.05225746754739782,0.0005802936564250986,0.00023055462144312596,0.007849016276180037,0.0005906939772657256,0.0006301190095691105,0.0004412486549743867,0.0003536508163941262,0.0011480396894904498,0.0708448251505282,0.030335184263609077,0.008488636286611447,0.00020854567569777633,0.0009656461360696685,0.0005837315676406832,0.0012450737705213201,0.000548686799904812,0.0014444022984631492,0.0005472457594730816,0.0014914107299007868,0.0005052534918686338,0.0005977344387182978,0.004823271898591262,0.002535515177911917,0.006521352222367087,0.004480371875133179,0.0007473031219838194,0.001108468297798567,0.003468435744150366,0.018190019159173856,0.003572783074673155,0.0002699479252789347,0.0009872865597713553,0.07781308239338469,0.007887787471163298,0.026070539262668727,0.0016494299060479571,0.002497644391149419,0.10107579542965864,0.0002456064431764109,0.0003189750649695884
2023-09-04,0.0009989712444416741,0.034955914219262495,0.00041308314411831577,0.001760166685084882,0.00032178169761854967,0.0043158380338810705,0.00039382360237987386,0.002123240245001588,0.019029766920259098,0.000751623511967068,0.003313114157893998,0.0004613519855918941,0.0008000966268260758,0.00034616896426634044,0.0028193816019262317,0.01272576084479455,0.00037999274424534006,0.00041092259168838414,0.00047434454788596226,0.0009546982919317289,0.0004965806910996737,0.0002873605738326843,0.00029558419542834044,0.0034323772614899333,0.00048665189643453413,0.00036612694505843254,0.0003564166557776619,0.0002141024920854816,0.017078265602050727,0.000978046103432347,0.00021697996080833064,0.0008071296744182386,0.03194932010572328,0.00026964289959010434,0.0009625264201586078,0.001178917400879548,0.004149069053803108,0.01123878410471351,0.004017561221038351,0.0017024606015802594,0.014859438390994541,0.0003163852291724793,0.0003003060384170805,0.005697148810654378,0.0003649296569585097,0.0010082378068728332,0.010660594315311063,0.0008832517244042913,0.0003628961996717104,0.0026799655482384888,0.0003177839648525223,0.008072438716191671,0.015454924247136822,0.0016795683446562952,0.001071523778745335,0.030537977088650185,0.0735301647321877,0.00041696587089294797,0.0022856256474927477,0.05396803486649335,0.0005430911637493874,0.0002175113257218033,0.008031740336844895,0.0005663711836439197,0.0006336821971663889,0.00044108684825536524,0.00034405046585531086,0.0011609341059002562,0.0701735431888764,0.0310009492261889,0.008332751070343597,0.00020908546801184642,0.0009485016825235269,0.000601120388497182,0.0012734840849444446,0.0005087583497220736,0.0013423757220331618,0.0005174271069978337,0.0015599680053586125,0.0004982913924450429,0.0006373044157537094,0.005069659712252672,0.0026858126521525534,0.0065210908926991475,0.004566088481126791,0.0007753317629350554,0.001252970942065865,0.003405527412030743,0.01786500770026582,0.003102643283079218,0.00025759238411012414,0.0010070701671363652,0.07512077750956113,0.0079766904310571,0.026796013919275517,0.0016376921388125327,0.0025528565334777533,0.1022672634160765,0.000276773678077127,0.00031631077312837424
2023-09-11,0.000995386924028315,0.03359160206967556,0.0004189135586404498,0.0016793833180579584,0.00032187997652324997,0.004552336412760568,0.0003863189102368858,0.001978946255196706,0.018455985383838122,0.0007424543330602346,0.0033244140580588467,0.00046953043388722125,0.0007828299109680692,0.00033032845904261323,0.002565510837669775,0.013320737692320853,0.0003792851132490613,0.00041552721994405446,0.00048163487458699976,0.0009408488989906711,0.000520851073968037,0.0003101874641722086,0.0003426732959681348,0.003669310147313026,0.0004962215471298644,0.0003688307315360407,0.00035271918604059437,0.00019463579738048631,0.01754564534605644,0.0009805826693682063,0.0001858674907526604,0.0008330460604910852,0.032448204509262564,0.00026191615720787606,0.0009483969465316348,0.0011869237173271988,0.0041121093925909945,0.011348869099252784,0.0041990573367056425,0.001702304235657887,0.015291120758237504,0.00033593475306859725,0.00028193578088830907,0.005731081862476607,0.00035593535519938253,0.0010199551560663937,0.010678663738194238,0.0008770837580646862,0.0003749340184435225,0.0028233505296267366,0.00031414598169711536,0.008691925123853007,0.015858934962231674,0.001638103603713711,0.0010372088071832083,0.030633708839394445,0.07210731169371076,0.000443350707625725,0.0022759109867041445,0.05373764819644655,0.0005748681109858461,0.00022959622166449908,0.008160517327463992,0.0005648218166485048,0.0006433490199816842,0.00044112579279592933,0.000332058800528753,0.0011532967011138675,0.07346910105589227,0.030575696169958807,0.008360889708291108,0.00022749670363327517,0.0009872327232221447,0.0006031121221086269,0.001166703150152311,0.0004813000983790307,0.0014361241567021484,0.0005316849254483122,0.0015386178023854146,0.0005023401900889316,0.000577002342886653,0.004925408663241261,0.0025300399967806307,0.006433709102952817,0.0043803772515267235,0.0007716572348066913,0.0012303392421407844,0.003529163811663478,0.0177013604690679,0.0036057565072345975,0.0002673636181894009,0.0009773651653748132,0.07889976882615472,0.008136497813167156,0.026837349046695144,0.0016419776080711544,0.002518588567886063,0.10424094816541489,0.0002514762863220973,0.00030863443675712717
2023-09-18,0.0009327662814665282,0.03437600982711169,0.00039587904400601934,0.001839075858197984,0.0003469794412384595,0.004530039202753874,0.0003698923852094758,0.0021598348231888693,0.019457594389402512,0.0007273480755143594,0.0032849019361718148,0.00046512385271692757,0.0007908901636496636,0.00034047253303349536,0.0027837997906261947,0.012922661927676406,0.0003832154946418246,0.00038933399518658847,0.00045769014870451996,0.0009990252607969632,0.0005356103004184082,0.0002740809150373323,0.00030603202728443315,0.003566801517284583,0.0005290345886847361,0.00038698536319298703,0.0003230236916369479,0.0001985297759147624,0.017592143256330524,0.0009968944180454443,0.00020742487546302946,0.0008194094493590631,0.03167085229633979,0.00027286916147678953,0.0009549961870584562,0.0011146607939665789,0.00411254545222101,0.01113565458798763,0.004106455037320039,0.0016818723714437757,0.01537827621269426,0.00032911176852901065,0.0002971497349413296,0.005641926507598024,0.000339349589962739,0.0009743483916053606,0.010450832867569293,0.0009111565931762236,0.00041076837388449026,0.002726420205477409,0.00030791344131475865,0.008061182229238285,0.015600219234125738,0.0016412627561008673,0.001059072977896477,0.030628240183546537,0.0709927702579825,0.0004441657318342922,0.0022830804329568005,0.052764791166662675,0.0005611084181435905,0.00021651411434721638,0.008006326535387758,0.0005920140949046607,0.0006312840892751043,0.0004299764440485869,0.0003528240072076201,0.0011506100725237427,0.07175626292294539,0.03173230529593071,0.008198641965737849,0.00021322776252779776,0.000992280391084907,0.0006240507571628604,0.0011467641122284216,0.0005351708588518732,0.0014858712170476198,0.0005333990970190644,0.0016469993645091376,0.000516642144277167,0.000631284148207386,0.00509708917953088,0.0025060103055935,0.006382630684614625,0.004588020734831845,0.0006936167042797645,0.001208814623340439,0.003232684959988909,0.01769636273652709,0.00343488233878422,0.0002681724537082473,0.0010449392350697138,0.07868280788149352,0.008311744132375391,0.025939519607466658,0.0016923509803535917,0.0026296706657866005,0.1057730383770597,0.00023188083887249226,0.0003063855138045097
2023-09-25,0.0009763852144287271,0.03565707022242498,0.0004265038996068405,0.0017573217913729692,0.0003204155195185576,0.004200825065011146,0.0003849954635413636,0.002159403106892219,0.01891527515055416,0.000729882726800972,0.00348219586568114,0.00048549989693733573,0.0007779402787489096,0.00033530667088235136,0.0028000077060801685,0.013731340542550072,0.00037901357569383845,0.00040635363867718615,0.00045521659691772335,0.0009795405767540825,0.0005042391678703843,0.00029450554682805514,0.00033572856434067335,0.003754375356651588,0.0005047111480385399,0.00038168190279390016,0.0003629317320371208,0.0002005106637451771,0.017722075811114,0.001019822144698107,0.00020245466948234242,0.0008112114639920008,0.03215827877436547,0.00025974174515987507,0.0009548775345140164,0.0012150419889804807,0.004017156412963771,0.011629168116166662,0.004119586933593276,0.0017168002800159966,0.01511503030636614,0.0003143949960834767,0.0003109704495614445,0.005878426428487252,0.0003694515043641826,0.0010180361716755344,0.010642124155286946,0.0008692587835459934,0.0003806013034464345,0.0028283331867832266,0.0003120434441788864,0.008060632834403645,0.015711353752101035,0.0016197275118935497,0.0010388842117494315,0.03218125711841241,0.07386165653236754,0.00045181149713090636,0.0022729083553199685,0.052819982873099136,0.0005839457815353951,0.00024248768786710903,0.00807639748909061,0.0005922040894052554,0.0006397858483516199,0.0004368104988581816,0.0003528090934797845,0.0011699900929741714,0.07393080307920888,0.03135446108810055,0.00836284316923621,0.00023517116181343884,0.001024363623176978,0.000593115810979051,0.0012339661731863593,0.0005015131965119358,0.0014400114675207241,0.0005409508886012349,0.0015277704567447379,0.0005161691428694397,0.000655247712431272,0.005030593474446841,0.0026163622913257098,0.006621335749270937,0.00456050220020203,0.0007460714307334675,0.001237132502128833,0.003502336084413747,0.017702149258133022,0.003652396195494934,0.0002448658917497161,0.0009972760614488508,0.0786623748179722,0.00812055574393671,0.02625584972450998,0.0017112903401906244,0.002669711063047722,0.10224681082673542,0.0002806203787606593,0.0003045204098864077
2023-10-02,0.0009275902668047655,0.03470134302558414,0.0004324785555336575,0.0017234996883400177,0.00034915000182112615,0.004432613098153761,0.00040752361204156085,0.002179795805791764,0.019222786033463897,0.0007596847970437245,0.003233618681820728,0.0004843753633206045,0.0008053295793333939,0.00033803635858103477,0.002687276704033435,0.012943136124634614,0.000366713628037508,0.0004033835203022816,0.00047924597215045106,0.0010007248610100774,0.0005186756236435356,0.00031015659739752735,0.000337087373861693,0.0035483268497874827,0.00053924069802522,0.00037685034482199894,0.0003418528738298164,0.00020416671908176663,0.01824793189355509,0.0010278753639659571,0.0002045689817785311,0.0008069833491910444,0.03283880715235481,0.00026296158135232943,0.0009353121025163263,0.0011550940309296527,0.004252295099706803,0.011447385896067485,0.003972657127658585,0.0016018302731618875,0.015331159956624835,0.00034270019298441267,0.00030342707996958336,0.005809146275846534,0.0003599044528305602,0.0009891421809504546,0.010936241483497401,0.000912955440704091,0.0003834216019089052,0.0027839656186759362,0.0003197618181913738,0.008696978126135298,0.01604067491300389,0.0015837934284190693,0.0009844555318117864,0.030709568571491198,0.07381418621402051,0.00045238835585074277,0.0023089645596288716,0.052034130588271686,0.0005628214969699747,0.0002463268803755734,0.008068062566926014,0.0005641175103410417,0.0006541578578623097,0.00043899388533769274,0.0003649473985168795,0.0010802243234927975,0.07192823068745376,0.03274389796532558,0.008504041529385789,0.00022317070696593644,0.000980611862984746,0.0006155319860378472,0.0012333903121469964,0.0005883158094675914,0.0013321911513551662,0.0005270526733919723,0.0015240229435753469,0.0005194245659722442,0.000622541059443873,0.005064586685995989,0.0025483399604583515,0.006774517045951913,0.004589664938664514,0.0007711154628165403,0.001143854854423546,0.0035272406724986493,0.016735994124639345,0.0036096649647477754,0.00026621342251160844,0.0010064072615266538,0.07593207612427955,0.008638721287694152,0.027127278387746357,0.001640164470117197,0.002591111884975416,0.1057344944395773,0.00023746314226710436,0.00029736236367579154
2023-10-09,0.001046021349363563,0.03441606779212468,0.00042450072852554937,0.0017323354839625142,0.00032243104435484296,0.0044999766420946415,0.00038063872367377714,0.0021464028221755485,0.019736551932962816,0.0007687797647191243,0.0033932871175798222,0.0004611579785295036,0.0007862319888699539,0.00034312909027947743,0.002755223850359143,0.013774724817772378,0.0003576534616685483,0.0004260354805897402,0.0004718339509334495,0.0009806229015858411,0.0005393748898766042,0.00030137791202909593,0.00033557284667934124,0.003577657241641088,0.0005137013636947346,0.0003821914475471117,0.0003493818962285962,0.0002086062068176852,0.01755527327780518,0.001032917035844522,0.00020231782645888566,0.0008292593155142421,0.03292568391576769,0.0002449640969880826,0.0009431733685727892,0.0012002075101989,0.004034214032349754,0.011672185269385455,0.004243754283135325,0.0017530232472212966,0.015973864403441593,0.0003248064938213961,0.00029469670528414136,0.005936525124285776,0.00035839910166991546,0.0009997567816011426,0.01093167912403483,0.0008951266347362223,0.0004008559381167285,0.002869826103867937,0.0002988919818181072,0.00843387370477864,0.015583614013868513,0.0016187801825179914,0.0010659767703920145,0.03273252118108276,0.07435265813874006,0.0004691186607183528,0.0023572054387124165,0.051091360305461644,0.0005702492772604054,0.00021583863955517945,0.008036624615004732,0.0005667706732298368,0.0006552390697766204,0.00046597178382989403,0.00035827012519401086,0.0011453001890213282,0.07178192794711487,0.03140857415678742,0.008537443241989072,0.00024179758022659114,0.0010488536318653235,0.0006187548336950918,0.0011896927719676927,0.0005605186978501985,0.001439882426332501,0.0005355663507638366,0.0015751238935220084,0.0005011072327965329,0.000653014486759713,0.004901255361435937,0.002505089392506765,0.0067029044165716695,0.004652112233875787,0.0007430610636202715,0.0012723698679523736,0.003688266208187588,0.018893227205709826,0.0035988480031606913,0.00024629356922383367,0.0009518176523626749,0.07988069402897278,0.008379732393774503,0.02699785305600809,0.0017207440935371483,0.0027048009868096967,0.10392046073167313,0.00027274070216836376,0.0003004488087676617
2023-10-16,0.0010400820616686692,0.03525587295243407,0.000429858463105714,0.0017596974286211375,0.0003393409811894381,0.004580970562256647,0.00034567069287696274,0.0021894953819665934,0.019043418206098877,0.0007877239107363107,0.0032089360973210673,0.0005329757193796908,0.0008258107173557118,0.0003686595255742483,0.0027896983867459315,0.012667662275225748,0.00036850700604822205,0.0004385584619919242,0.0004588217270287578,0.0009885389119992172,0.0005094958571082285,0.00029903047221038623,0.00033040927172848876,0.003477128558036541,0.0005109531515770254,0.0003860778959803731,0.0003511692704892492,0.00018861395133262676,0.017371807640104427,0.0010190954129977938,0.00020240115822472954,0.0008692373630410144,0.033042071941595426,0.00030068274609070455,0.0009781600297366186,0.001183917493212536,0.0041498735829911615,0.012171048157473042,0.004180433065262466,0.0016434105906087807,0.015252094170481114,0.0003370064298948409,0.000289906597580142,0.005935558622809194,0.00037840244324044593,0.0009815069405180784,0.010806162346976548,0.000879508810755104,0.0003789027013187774,0.0028993736751363195,0.00030291679262716266,0.008626095559470606,0.016309814050696276,0.001661538779107545,0.0010921226100271552,0.03120322950617341,0.07335091112137115,0.00045224836854452805,0.0023075689573146085,0.05431603037227818,0.0005867338957212953,0.00020997370224183263,0.008044219242372566,0.0005690512310560614,0.0006499449323917969,0.0004345104112702757,0.00038240609196039965,0.0012102891064759641,0.07361470453646504,0.03242821121972127,0.008251454772980409,0.0002588968130057066,0.0009920249734355236,0.0006011998309729482,0.001201453036598138,0.000549452553867462,0.0013962788744588642,0.0005139200297217461,0.0015892779857126123,0.0005157601407950506,0.0006140163798037987,0.00515251666494502,0.0025769370258527306,0.006683553132724456,0.004848443210111628,0.000760808625958928,0.001113545826769184,0.003600743204501295,0.018348837627646615,0.003409436675745914,0.0002759816385479044,0.0009728923863185044,0.07969736668412958,0.008177629405351633,0.02728723168861358,0.0017141761807515634,0.002710184590366456,0.1028679861608637,0.00027303789860456756,0.0002819354972774561
2023-10-23,0.0009738506864588424,0.035595795118762964,0.0004131934279255065,0.0017801409620110313,0.0003307235234997473,0.0047374287051560335,0.0003793968051696752,0.002232933209077149,0.019293402074040723,0.0007618939711384294,0.0033827706612314288,0.0004937097524210094,0.0007883272243486698,0.000365047502671537,0.0026487268731265772,0.013317681884701522,0.00032538243431588283,0.00042354058324272,0.00047948311054899677,0.000991963340313903,0.0005599501646369497,0.00028788622128048444,0.0003407164036363426,0.003476629716446017,0.0005273664858199805,0.0003948165713310534,0.00036508921891254003,0.00020654868021319098,0.017671880946081377,0.0011619034647339075,0.00018748712457048274,0.0008603850888972212,0.032556861227121744,0.0002839769614396005,0.0009034282531563257,0.0012321740099369748,0.0042185639218223605,0.01177898238919897,0.00415366829504345,0.0017938272476862816,0.014875268545798688,0.0003249504146542564,0.00029643423963031585,0.005704061248622363,0.0003630639957962316,0.001019764053835642,0.01131657391730991,0.0009030011640994965,0.000398260876285453,0.0026746300085563166,0.00031665512341145434,0.008271840001012606,0.01579263356714924,0.0015126924644535366,0.0011040488670102857,0.03152454916962949,0.07252030196978723,0.0004647096637553445,0.0023301681702511613,0.05273248571019746,0.0005637805591827981,0.00021863881042564847,0.00827624290463897,0.0005799202764156887,0.0006487182511740824,0.0004484594027804167,0.0003902794471516702,0.0011757619900438752,0.07232676476098066,0.03148582681560134,0.008419444219313465,0.00018148275579289188,0.001062298642686001,0.0005899610239292844,0.0011686980755496942,0.0006085398733969527,0.0014544087301124997,0.0005293490792174957,0.0016201506240185789,0.0005031211557095021,0.0006291050414430474,0.004896176185758364,0.0025270206555860868,0.006745481546891217,0.004710535456581059,0.0007323986864656505,0.0011604581456239468,0.0035987157082814475,0.018103564013373884,0.003412779863161635,0.00026158673516036803,0.0009962114398772296,0.07987283530891479,0.008569225606113798,0.026832175211103173,0.0016735391106412372,0.0026448400228503556,0.1067103303722729,0.0002394920213738898,0.0003097262864946216
2023-10-30,0.0009919452524911217,0.035578148032171165,0.00041606128403647746,0.0016985273508857539,0.00034785637157476137,0.004515399823552359,0.0003580200082546089,0.002342519670681661,0.0190425013396428,0.0007686501172174781,0.0032802081405673097,0.000463747067342911,0.0008368610390389709,0.0003630251618257287,0.0027914232951655707,0.013057641416713566,0.00035122594731994784,0.00043033510905203965,0.00047212703232704266,0.0010080158779276675,0.0005378925722110949,0.00027459989686872717,0.00035094211390325475,0.0035011312953444774,0.0005334901148296255,0.00036916987453576474,0.00035872840628060193,0.00021960569232771273,0.017563227776744093,0.0009985734677582425,0.00019652436168436223,0.0008391673464989083,0.0324435667620668,0.00030060298986060783,0.0009590779110139494,0.0011967441625442094,0.004117788036761038,0.011543184991048984,0.0041615923213141615,0.001673495494385272,0.015590296617323028,0.0003411403204126708,0.0002970897623701821,0.005992889361176318,0.00036524742503079563,0.0010084624085602268,0.011204102602740426,0.000902253306128714,0.0004010105140314175,0.002976948888946056,0.0003058823780791839,0.00878462445634618,0.01604697475300569,0.001572873287485879,0.0010333304367964242,0.03217331545569374,0.07352582765016337,0.000444372354532862,0.0022551690888100995,0.05316795591483503,0.0005746872003607184,0.0002231371014852194,0.007999810597222016,0.0005539711729123099,0.0006668863780002934,0.000485517271700201,0.0003853732383685117,0.001118411463285552,0.07507475572215351,0.03118185456735663,0.008449031812249111,0.00021354181704615714,0.0010169257084487828,0.0006593400284053206,0.001196285737718239,0.0005518545438793057,0.001419876044780601,0.000525327956588566,0.0016412998811067647,0.0005054641104891623,0.0006710338037081392,0.005032028995259196,0.0025511734968989373,0.0068416642539167296,0.004756413936165823,0.0007950823531194575,0.0012065951985639326,0.003648866209585292,0.018513703032352294,0.003590098061564622,0.0002651947300241501,0.0010287924723758625,0.08219550702662456,0.008409864802404559,0.027637368059191536,0.0016854612790811745,0.00273402930568703,0.10667068288982252,0.0002420793500874424,0.00032126261996244515
2023-11-06,0.000942900227843598,0.035677832421016714,0.0004288389377022423,0.0017085944955005704,0.0003453957699109059,0.00464581374574232,0.0003639914700585869,0.0022546463692342798,0.018937296284509058,0.000785766943751799,0.003205326323782312,0.000522557502875164,0.0007694296330351844,0.0003760230433706005,0.0027359441066153512,0.013491928019707548,0.0003781719353663029,0.00045030264928612104,0.0004818754979134402,0.0010433668803684073,0.0005533171290080454,0.00030695090075433154,0.0003337272189339668,0.0034549475700087337,0.0005239116997167489,0.00038539691321726936,0.0003643739679737179,0.00019000913712097773,0.018096410220283254,0.0010583132178407907,0.00018153504772408402,0.0008259093090391311,0.03349799784666068,0.0002783257276836267,0.0009765637231133782,0.0011655088151781307,0.004120230982466892,0.012097272606224499,0.004386906703281185,0.0017933987581661248,0.015596124418634052,0.0003554085156394446,0.00029909022207848354,0.006249830454729309,0.00036121051900161197,0.0009220218581263229,0.010863200266620148,0.0009019620463625134,0.000352063549124217,0.00287242863337843,0.00033842741859435794,0.008880281880565983,0.01578467483783543,0.0015485753962142387,0.001043441647189793,0.03182493716171367,0.07618514983286297,0.00048534334764033823,0.002373865623951583,0.0535349335419757,0.0005413283385683284,0.00022790143755233657,0.008256095371299833,0.0005839635847949732,0.0006427743838996312,0.000474146468486215,0.0003680502916558855,0.0011811542396529978,0.07124104232495863,0.03230565476356951,0.00853886340392486,0.0002515703026434541,0.0010229822434963654,0.0005767047930852123,0.0012568632706018207,0.0005633803473501531,0.001406608568798549,0.0005079945121854363,0.0016672936744213027,0.0005003955660016085,0.0006677906467494192,0.004876190371087276,0.0025996904237785925,0.006872488430598821,0.004627277427260551,0.0007357645609980767,0.0012023019701261864,0.0036820670653716983,0.019340573981708818,0.0036747806765138097,0.000258061873787155,0.0009925451622390656,0.07885973553558034,0.0086856130542055,0.028262930134534767,0.0015974452745628207,0.0027180457501463457,0.10786730127447898,0.00023869201440979384,0.00030813540588821607
2023-11-13,0.0010326495703586905,0.03466260541291786,0.00042341559857051955,0.0018082500623772802,0.00035618872212282997,0.004391620564683768,0.0003677897283416854,0.0023253287613438094,0.01922783468780489,0.0008051534271348576,0.003274165207784358,0.0005063386595406571,0.0008274814565134129,0.00033691629650902066,0.002835971726171792,0.013256893412336752,0.0003704919996798767,0.00042146316954002136,0.0004669700930103341,0.0010671774513340763,0.0005271867665530779,0.0003370282506835144,0.0003512015564285275,0.003612014137965237,0.0005322065942408469,0.00039915078241127783,0.0003587584525830723,0.00019432260835763955,0.01790103790059491,0.0010628555956082783,0.0001942660083491388,0.0008585808970639288,0.03288055154625086,0.0002964966551267731,0.0009103878840685298,0.0011875380078456548,0.004059575983603788,0.011679764471172749,0.0044202067261509765,0.00182645459633901,0.015026957049745516,0.00032210188662524245,0.0002955589976893269,0.006111724797490057,0.00036159673333506775,0.001003286418399677,0.011176238565194122,0.0008521867838777291,0.0004067045139794928,0.0028515754513452093,0.0003110804422243987,0.008708740743703276,0.016383118678850346,0.0016254164515085005,0.0011091962046821005,0.03184119529320129,0.07484284880674798,0.0004225456597233915,0.0022398666055026308,0.05376832300913995,0.0005624904402873556,0.00020556518586810482,0.008311492252727695,0.000593028112834123,0.0006714167795873284,0.00046114077048977275,0.00038320347688603943,0.0012304824741951974,0.0715978178912066,0.031809863650323754,0.008602077812070475,0.00023578225168883674,0.0010210565723455403,0.0006482462921401968,0.0012584983144494654,0.000517519916319496,0.0014014132370773818,0.0005299992707805066,0.00168631063177626,0.0004914472791227427,0.0006460589002973827,0.004948600392400995,0.002495002849858655,0.00713022363911172,0.004805168859287168,0.0007087281235806119,0.0011687730855450694,0.003409110085126971,0.01858348698798615,0.0036147592444227446,0.00026208736642739156,0.0010083304870464446,0.08094968307816199,0.008323862409751937,0.027845823851893853,0.0016762925173454733,0.002787080937469842,0.10783496512525573,0.0002539419599251668,0.0003162195503160288
2023-11-20,0.000980745766986239,0.03530817667237245,0.00041979864412964267,0.0018252701736640323,0.00034252757252285445,0.004635184345252976,0.00036641659359511446,0.0022058131843568896,0.019404063262380932,0.0007884719551458461,0.0031793673435606376,0.0004962020167166959,0.0008101458590919798,0.00034701467681330753,0.00292122258683464,0.013260258943843427,0.000337944492743764,0.0004773764039412455,0.00046732095020003597,0.001022013619778582,0.0005563166711439634,0.00029691373983744434,0.000361578168504742,0.003550736577565857,0.0005451207713731606,0.00038694245843232767,0.0003693772761141966,0.00018981472611887394,0.017750742668318976,0.0010075647806692335,0.0002069916122085676,0.0008604207803641185,0.032577349906578366,0.0003013544048475283,0.0009343090777219755,0.001188603443660745,0.004211226874377036,0.011470356677664105,0.004299080870847598,0.0017620405743461445,0.01585394635434325,0.0003455948308042339,0.0002933941072485997,0.006166121844417636,0.00037969129891835343,0.0009863365189005358,0.01091132054971868,0.0009108673120467066,0.000432343508681152,0.0029347572905232136,0.00032315609290933426,0.008260932541182642,0.015807546787269047,0.0016035010101664636,0.0010148624514263146,0.0324604228059777,0.07385530067847307,0.0004977840245973368,0.002413008130212836,0.05349567007714578,0.0006085484145166601,0.00021676618299824022,0.008178490558530668,0.0005726761086224845,0.0006865852257501364,0.0004620911814044404,0.000400066329047016,0.0011892312159860943,0.07513968464527682,0.031709806484624695,0.008382289221594171,0.0002467730043248594,0.0010547623305482328,0.0006052375007060849,0.001185937221148038,0.0005892682966406766,0.0014093173232229462,0.0005220827500167962,0.0016198224297310853,0.0005070377990738938,0.0006489238309969132,0.004770759263276245,0.0025477968633845424,0.007010872781430203,0.004592962478035788,0.0007687145899394864,0.0012439422857157584,0.003722883701506266,0.019170125253552942,0.0035998271536680764,0.00026331799473563333,0.0010003620929219343,0.0781899999922385,0.00855799089780555,0.02835972586754938,0.0017002909823414052,0.002457154556350119,0.10984531964991517,0.00028769112471943234,0.0003451109733088397
2023-11-27,0.0010370355772026712,0.035607078376667566,0.00041581544248161,0.0018105107981422099,0.00032269590761157684,0.0045384924423468205,0.000385237948948497,0.0022731756566492225,0.019703231126858727,0.0007854312099793009,0.0034038287003563135,0.0005394652190882288,0.0008521306293805381,0.00033581256289470237,0.002768607581014365,0.013160453404119726,0.000360550985279211,0.00045026501837569147,0.00047225706912802683,0.00102347211684101,0.0005503859932647077,0.00029949205957243086,0.0003398007874686157,0.003534999014996633,0.0005256939184084999,0.0004005650539158885,0.00034179259672709346,0.000190413211056864,0.018507388830029704,0.0011306009707343979,0.000200649797763666,0.0008086045391585984,0.03292754871606918,0.00030131640780517,0.0009570613909591684,0.0011928293574757596,0.0041610481708053955,0.011430157582739096,0.004323940679914265,0.0017402080579710698,0.015731638700690588,0.0003464152903599262,0.00030085922823986614,0.006342236841219472,0.0003693399196534844,0.0010104368706930823,0.011368044679349935,0.0008776005935287538,0.0004023114190186578,0.002979765400058146,0.00027603289404837917,0.00833495491085612,0.01591332976536967,0.0015683477198321731,0.0010676305383879887,0.03276261096574555,0.07755505152790033,0.00046118092236312603,0.0023869254351693895,0.05261382229506595,0.000557934168774948,0.00020970772851798168,0.008287032119543788,0.0005916181735639338,0.0006893180703163076,0.00047462570043193907,0.00035149061958841235,0.001146717066187478,0.0740987436881029,0.03302000272347816,0.008529707730076719,0.00022830209170194925,0.001085523973722111,0.0006528428319212491,0.0012307713452127025,0.0005249488318435835,0.0014050952815852602,0.0005178670423700894,0.001715087405059463,0.0004974731566244697,0.0006512381782082388,0.005103787128763302,0.0024067500334828255,0.007257791394305809,0.004656590597793887,0.0007817264729255438,0.0012536613635325124,0.0036092322151212446,0.019333881191815297,0.003639897931414556,0.00026711545212198845,0.0010038339604890659,0.07736824439749569,0.008484822431171428,0.02898455339344597,0.001645978696415262,0.0027198375645553666,0.10845983035091716,0.0002518930981729153,0.0003263345927285412
2023-12-04,0.0010375217153016378,0.034470003944033316,0.00042564726434083766,0.0018642860768023882,0.00035526164059093343,0.004300094883624925,0.0003759073972461988,0.0021661770724740862,0.019486694522459533,0.0008066051092979671,0.003299617313734443,0.0005365668361158406,0.0008598131344723111,0.0003383867403209802,0.0027708187049938007,0.013454498651640862,0.0003748717546681603,0.0004576413043497116,0.0004768285231859035,0.0010279656192419605,0.0005642450893121382,0.00030344703346414724,0.0003436599505544333,0.0033953933963777098,0.0005414879568949409,0.00038134752907064106,0.00035476648077692143,0.00020288384781029625,0.01793845122111505,0.0010683428745630495,0.00021005098889451384,0.0008524763598974116,0.0332416649756173,0.00030711937620830096,0.0009473245166861282,0.001164715065315821,0.004032629480558028,0.011490326418939389,0.004348436726305719,0.0017544869690658202,0.015273656302616269,0.00034271888058040134,0.0003001941766973003,0.006013728060464687,0.0003751549401257019,0.000981029105442671,0.010778192373698637,0.0008386847450038199,0.0004124284350243801,0.0029628208906969473,0.0003178472147101596,0.009183904038551766,0.01613182703697318,0.0015813838163567537,0.0011099033217043797,0.03282913595502142,0.07348979399667865,0.00048367160217738215,0.002578399602366534,0.053307484738713114,0.0005461887742037026,0.00021752037399885827,0.008115442097599825,0.0005703344705898412,0.0006837980607218415,0.000475530520386071,0.00038018464986383564,0.001178159425676401,0.07261632491728727,0.0329023904221578,0.008540259276337,0.0002262114669073712,0.0010986705971602604,0.0006160419409557191,0.001168925817623751,0.0005687712778272143,0.0014953905555955486,0.0005218202231303586,0.001695728135260346,0.0005180480300849631,0.0006526997359430336,0.00482223658209037,0.0025097167682406234,0.007308381960520546,0.004860444112658977,0.0007408943403041207,0.0012044297238897716,0.003792880062778509,0.01886066557564839,0.0034836589824560667,0.00027132751419264135,0.0010040487988007085,0.08151389925853374,0.008522993310843068,0.028925234814869877,0.0016814127502968162,0.0027752878482881194,0.10922072989311868,0.00025392587182400053,0.00035566627064982024
2023-12-11,0.001023429686821766,0.03615425345602573,0.0004297552475499483,0.0018990550903741983,0.0003359671106191394,0.004535829714106378,0.00037004919731862716,0.0023388991598914475,0.019571139009353703,0.0007629923393926622,0.003176206206419378,0.0005427616893219824,0.0008191524319542889,0.00035290893568393054,0.0029749575045025594,0.013947802676918242,0.0003857526694351887,0.0004632012475868246,0.0005021685665967121,0.0010545143765007905,0.0005613656492569079,0.00031599696442971103,0.0003807950499718666,0.0034726794445853067,0.0005202332562901877,0.00039478918544643055,0.0003474558148579735,0.00020598595054857963,0.018507816028139057,0.0010774570396260752,0.00018880544446880159,0.0008261212880622862,0.033343359755057825,0.0002980165086519639,0.0009450592752952366,0.0012258294130656601,0.004035967517855126,0.01168996809739043,0.004374670083596333,0.0017923791769369408,0.015573110153538558,0.0003636128708096705,0.0002962174218960826,0.006277853408571228,0.00035883079328450057,0.0010239293119418352,0.011102828285808126,0.0009231960638309863,0.00038367509834883736,0.0028128999141298723,0.00030541628782570373,0.008364700986205535,0.01631052096573178,0.0016211332340750415,0.0010811312544057635,0.032734168806506966,0.07618022722678752,0.0005011044315561359,0.0024265316237330513,0.05385146768562747,0.0005786038177810881,0.00022841587297222986,0.008243943121317883,0.0005760265182660502,0.0006601904868795434,0.00046624092312682903,0.0003964423245425662,0.0012038388684015378,0.07321558519355673,0.03279107155270771,0.008965156356464388,0.00025391514355824554,0.0011065244044719436,0.000608478725166591,0.0012476031574194329,0.0005742256726128785,0.001393384436405793,0.0005342932030556802,0.001674224867155588,0.0004833701723093259,0.0006746904286129483,0.004783797683605964,0.002445661222670825,0.007158282661521241,0.004909700213023362,0.0007329382407001952,0.001214909181661958,0.0037014476121931222,0.019640493331322555,0.0037444780489391018,0.00026135551846627437,0.0010002786447421445,0.0803242874666056,0.008750501953428639,0.02837608086982695,0.0016796113318958345,0.002805148371312639,0.10957802247147724,0.00024113871246723257,0.00033282450957436237
2023-12-18,0.0010682570872292546,0.035301126912391456,0.0004438484752521591,0.0018036240397753798,0.00034088149482744943,0.004537346669358935,0.0003750260298248944,0.002247508232226516,0.01881011988785819,0.0008050652442581533,0.0032479620988296112,0.0005366606875584264,0.0008595826307567832,0.00032743227064720317,0.002892999156956875,0.01337531668462724,0.00038234421680699614,0.0004344593957060604,0.0004730911204303154,0.0010153422653611174,0.0005094326886908513,0.00032290593331920747,0.0003765757071655472,0.0035489974194077172,0.0005300708941472817,0.00039740758065078685,0.0003585621570062433,0.0001950848234339926,0.01812387667578329,0.0010351041790929256,0.0002056115041364667,0.0008010228063559178,0.03586160745645049,0.0003051981781407243,0.0009205544104779342,0.001155549189732394,0.003977926181462499,0.011248459073771805,0.004447328811556087,0.0017424513252135639,0.016142770582955854,0.00033496046249147587,0.00031112149179075144,0.006473349584792177,0.00036965003927394403,0.0009931516647486817,0.010914422360064431,0.0008881714600108912,0.00040221325077480707,0.0030105303675902056,0.00031325389466957464,0.008829878737040187,0.01656615036488365,0.0015742857547485195,0.0011409128313844615,0.03279487792142692,0.07633506279752257,0.00047877720204221006,0.0025708568826448707,0.05365113760533813,0.0005366642324470176,0.00021804616015916426,0.008087658996064456,0.0006131652009725541,0.0007028692851898792,0.0004764618557720763,0.00036897238025470974,0.0011690327678795798,0.0738786061696163,0.03347878247118753,0.008515582596878412,0.00024263998193033135,0.0011067669134894988,0.0006384009815613516,0.001252509419122186,0.0005713645418427737,0.0014983049226835257,0.0005544070763752482,0.0016721131456340728,0.0005031338542197594,0.0006571094546099638,0.00484129437535624,0.002341046995458359,0.007045059865843772,0.0044867117628744155,0.0008054733331789915,0.0012265954141654645,0.0037287925267336414,0.020257556035909684,0.0037706689443279956,0.00027760126486003065,0.0010081119942619001,0.08104533207659707,0.008841897955579044,0.028353369860785075,0.0017515942027625012,0.0026465659642103535,0.10607210462841107,0.0002726706003709681,0.0003337693742553059
2023-12-25,0.0010882694789364987,0.03698719960521494,0.0003961177695970607,0.0019402107128990809,0.000344000538393466,0.004437143429278662,0.00037987417773082224,0.0022597997412833757,0.019602512346128892,0.000816082339867062,0.003322852231478713,0.0005401369163496518,0.000850430485961178,0.00034131275641363987,0.0027459267573168864,0.01353561498405454,0.0003700271356254089,0.0004839680908845469,0.0004960551761373616,0.0010307962303159222,0.0005611455565749511,0.00030442479782756657,0.00037828384386918247,0.0035554914538942425,0.0005464917897588192,0.0004104098830385116,0.0003680207679107615,0.00019452805676878143,0.018680560876579537,0.00105827581735731,0.00019801234267481988,0.000830293799295375,0.03367492430953984,0.0003252978936702051,0.000951571121822337,0.0011535949283769267,0.004089145437571634,0.011569503782658683,0.004436401078770578,0.0016791839846371315,0.015879175038345385,0.0003591540466294299,0.00031254488078365916,0.006417472260867367,0.00036811717140514577,0.001016121101058361,0.011286495383468528,0.0008772422602021663,0.0004120114024610308,0.0029231648606463092,0.0003294557038332266,0.008532567112290133,0.015772188208581752,0.0015760836006772196,0.0010947315019564326,0.03190213047490468,0.07538136111243657,0.00045296576884662574,0.002486742623299039,0.05632788197692432,0.0005391107924160483,0.00022893724667179765,0.007811485814640408,0.0006040887413536253,0.0006717606255578182,0.00046779309448761563,0.00038175348084933927,0.0011834619159474104,0.0764027796820866,0.032337630616974984,0.008779634968213598,0.00024135306574348342,0.0011011198596739625,0.0005923846645774057,0.0012750589923932983,0.000609861490256797,0.0014900451651136215,0.000561320935420363,0.0016310724746486673,0.0004965657054436334,0.0006419495819716171,0.004766486252079551,0.002431872277696664,0.007287842907046955,0.0049705977335466715,0.0007504302470552374,0.0012631303793128143,0.003944731373594402,0.01975966459306666,0.003675949408542905,0.0002515010355572064,0.0009886881158571851,0.0821355247978631,0.008778495525564289,0.028811627782819413,0.0016567091152423499,0.0027400752876333414,0.11027570051792086,0.0002566006652460331,0.00033742728883706067
