,0f259232e21f0c2fee6ad8d1d8f1027a,9274b3c3b5944720ff3a39acd9cf88fd,255b57e780bd487c9f2c9d8a6d98122e,81a7fd8b494dcdbef06baf399f2f6ab3,3679c0945f1a70a259b655406fc39172,456a12b90d15a721ad799e16006c6684,05b2f1f50c1ce311f0dbd14eee459bff,85e40ab41dbb322d6265279032519a63,fb99ada28bdcb8a828a19ba2293b5607,ec5c0d5f42ed96fb66f585f2072f51c8,5a238bc5400490331b6b4c08ea0fe0ab,f3b0f9ecd412b62d07cc9a0c8e80470c,f7e1531894d4de8cc0d90bc6c9ba8991,942619b5db45e2e562e61d92119ff838,94e09ab4773fbc3b2b67c2f34281220a,f0e3dfc632173c07417737b09c0ef573,05c65dfa276e4011e911260f8118f6c9,795c21f080ec8025792ef4d0dbbd8b71,af3df9ccd4174c841a11369f668d7eed,a107bcb0918d989fb9378c897e0ffddc,26946cac9ecc79ec658301e357330c5e,18583b9b1ebca580d6dd801f9dc66bd4,bca747f5e6237a7773881a0467d2e683,ccb2a8fe516433ddfb606137a178f9ed,61768dc417b2b3ede0ed37eb320093a9,0bcb8976125dbc200aaac6e2843288d3,9f787e7ea88cf6d08f0a84ff9671c365,c4c7efcae8d0827a8d07ca016a3bfb6a,b08119580a4f62b96c89326c2e32b695,0da4b490e41e0fe2c7df72f01af5ec50,a05ee4cf2d1de48475756e7a2d0a7cf1,a693b13a81f3e3d78eca32b7cc36b60e,c6424732171a02f1c1062f50c3a73a77,cbaac4719cd0e31524598d62fe31fe48,27da4027d84eff5adb55c509efaafbe0,ff9858a350a257210e2851650a7cd6d2,565b7097a474e2e3750586bd4d6b0bb5,23edc5ff51cfadd333466861a4e1ea38,c5d9c0b2012bb566a6a73b4d9e07fe86,1f56c874da3dc7e3bed7f8f6529b64a2,ae6f5f4d844a09b756dc601df2c1e8d9,36493d4cdc4c7a595e50be5d6c71f09d,dd131a05ead3e4f70b991714a54de5ab,cfe26d6aea9efd71c5513cd733043333,7ba28aba612a440ff8dd711262154f44,2a73e11492c29b7696d32cab40401a30,3ac8acc7e11bbe6772fddad237e51d2e,0d96aee679fac13091dac1b352b9485f,630ee7e776797db7d8df48faa23d5a65,9c0a5f9ef978de85871f0df5f328cc04,762c8c28af0cb9ae3028f33c1520a885,0928147d7fed5d2704e5864f15310df3,2e300d5b9ced3d6eb1bd338e15f42705,9b0f782fc5e61f4bcd60aec45a951907,8c1269604d51124eea733d76d969419f,71e83ca83dd815fb28599128e3923a04,2e207747b7f6ba4806dacd5c8eefb008,47251289aa301e5e085ea87168b93c5b,d774007926d300cfdc0af21fd17631da,a755c8d149dbfd8145d7e0970920af69,0e9ec21c9c1d75db573e64780f4bdc04,c4c87cc56c600398a547bf1d240bac4a,876d491f272ea12d93db7be1c54c1e5e,f4010791f0c5aa854730550435ca5837,d73f5beea409541bfeaa2095570c500d,3dd952e6eff4eeed1f99f883d7760558,ea594b4481ccdee2d7ed446a2a0ae272,e853197616422fca1c71e49cdd101657,32e418063c86b6aba3701f86f27b15bb,e47da797deb91bee9d49736f2c03f5d4,200d22d4f0b96478bc89e527590483df,ce1dd76e18ef0012011b3032be8a83fe,72cf8a1a01fb55ce2780a3fe0f8038d1,5402c87773c8c6cb257b4394b0717185,281856e1516923676b43bd418e6f25a7,9c863871d4cf0e4b25504375945feaa9,7fc85a57ec35f1b6145953e32a673446,67c5e92a315327f8188d2c91faf5c3a1,1ba20e49a934c9f63888c0aca2e3bdb0,106479e4024061d5093f0dcd23bc6cf9,179d05e99c44e629c8e68aef8ee71784,e2a80f87817bef0d96786c7ce389aed6,8597f5e4b5aabc29c6fc71c001a9303a,6a3dd1d0444d504a669c0825857a9074,fe5f4acc019e16ac5a920b1014cc7229,1ccc72120e9ca6b9c58c97c139468900,7342f68949be41c06eb30d3be1f3499d,9d5cf228e9ec57d97be4213c970d5621,a5b2dafc7f7a3eabaaff5f337f5a7d42,796b462f075af0b2fa608735085c20e9,668beb724f47e5a18cece4da0cfd0a51,a2a8db06139e5d8b33b9696c575f0414,9a6473062b1e797bcc9732f0c9a07849,cae432c95e5232373cb67ff90e7793d8,19f6997d3ba451b2bc8107503d70ab73,83e59a57e4575c3cbd02a8451997959b,5876cef9666eaf04c8dda83ec6c83a60,66b960536d4f8c72e04621cc3b3cf8e8,cf83b57ee57ce2ce8c9cc50781da2080,13e68590206aad4467ab4aa1b71406f6
2023-01-02,0.0008921143611477443,0.025216912192078406,0.00024889102878266153,4.207106503325165e-05,0.00020579702571396082,0.0027528225234744637,0.00021243856769942608,7.854470701481632e-05,0.014294467763585417,0.0004457652951137033,0.0020307750562554207,0.0002087995166237347,0.0008084055939252281,0.0002626507459110587,0.0026455340306252746,0.008021076756632927,0.00018771190565968962,0.00030639108754798377,0.0003070701336471982,0.0007234068449699868,0.0004914550312036779,0.00023973259581094153,0.00016934165601069503,0.0032204725281269942,0.0003250205031760946,0.0002087264832121103,0.0002421400872860886,0.00011847195036953492,0.011440285788737264,0.0006121713232154888,0.00015698186927111846,0.0005932790972961798,0.02042690265749248,0.00013854103817469954,0.0003849206071350025,0.0007428941265620048,0.0034438232181679992,0.008746767230250101,0.0017960831335168581,0.0010373785459557266,0.013241345948140167,0.00027406475057666546,0.0001411466392096142,0.002974615050398283,0.0001867746385476634,0.0006421361195036587,0.0070545762432223675,0.0005497604581039947,7.455459239909121e-05,0.002452478092316738,0.0001799686254265573,0.0034709601854064384,0.010223099985414858,0.0013305168341638835,0.0006640637145677022,0.022209339382791494,0.05162141703110958,0.00028225329989291903,0.0018004673674598434,0.028038487193875077,0.00032783825863333686,0.00011733740614606298,0.005988694390177317,0.00039257097726822274,0.0004389898039772773,0.0002614319688347408,0.0002401335740492193,0.0007307077802429787,0.04529530472991429,0.02770074850722344,0.007745243104100768,0.00011407266329436549,0.0007183725472613787,0.00034765004448147413,0.001177694938899008,0.0003070868849904279,0.0014331509128572275,0.0003445259026622911,0.0009303096792532345,0.00024938043333542614,0.00013693504926683332,0.004427390081875987,0.0016602470102807074,0.006040006030616158,0.003140377959054373,0.00043777008155931614,0.0008553291709998913,0.0013403374460648663,0.01587810934737945,0.00164207844072576,0.000136209004203424,0.000406031332057807,0.057571292693475835,0.0034606173053160984,0.01936649194664713,0.0010475163825349645,2.876005742745956e-05,0.07603315996520736,7.44698286252859e-05,0.00021397777844740676
2023-01-09,0.0009028705588711499,0.026798816656663615,0.00028946067162159846,0.00019087240880319195,0.00022488383598873843,0.003135704297655506,0.00022726001836730422,0.0002559651588339305,0.014017792509506891,0.00037064395378882855,0.0023642018163144676,0.0002589516548255357,0.0008200289010431157,0.00029979771051613153,0.0028559213023794444,0.008993656455771767,0.00017796316480770563,0.00034042296637430973,0.0003565543919994032,0.0008087826506692818,0.00047058222683396,0.00027547856836919216,0.0002128216249997331,0.0036786765864549494,0.00033617716417424603,0.00019176506639095474,0.00025434789381679416,0.0001452502095892435,0.01261252506521639,0.0006513526514626963,0.00016589459585422613,0.0005229685726240742,0.02209575505778484,0.0001678216379946183,0.0005190566329492879,0.0008478853108632805,0.0035911634850136235,0.008663586950234801,0.00165729767573148,0.0010239662926540423,0.013718981183168406,0.00030556306702964156,8.776179042173572e-05,0.003114881631015465,0.00019817378598657113,0.0007629966174967653,0.007455508903337573,0.0006458792468799413,0.00010972868940829642,0.002901422021232787,0.0002635531802928094,0.0034004533613197184,0.011240108759372865,0.0012014447669425952,0.0007339042214744218,0.023293203402458752,0.05510019047592079,0.0003278297992270827,0.0018395603595002977,0.0300059343926801,0.0003790025116519984,0.00013964951173435833,0.005930628896934309,0.0003749804407879375,0.00042612713430009925,0.00034966081555175456,0.0002303247097383282,0.0006438402955509632,0.04917161169668384,0.0288394301869851,0.007921612535982945,0.00016153159802789765,0.0007500977709223422,0.00027940625299280233,0.0011502634645071089,0.0003574302363219324,0.0016187313422606254,0.0003212548588668331,0.0010269524179078553,0.0003127722212890823,0.00017997360508701537,0.004790664103190173,0.0017723348157481914,0.005665503534796889,0.0034534792630690073,0.000534213715012107,0.00100388473716175,0.0013017969016071312,0.016484566606349022,0.001685799718676044,0.00015217820178218432,0.00045411692487152183,0.06011257050333185,0.0034963013779832587,0.020236152966881405,0.0011387208249461185,0.0002280158933554836,0.07868359611227765,0.00014576662158699612,0.00018166687312886124
2023-01-16,0.00097626831964113,0.02741701880075956,0.00039026750964914046,0.0004616270659993989,0.0003399874496828505,0.002950550404127475,0.00022676198904842914,0.0007102298688334806,0.01479455107277679,0.0004682059902334333,0.0021362186512038344,0.00028955872555674054,0.0008151108497039918,0.00028273755706286754,0.0027900133935977642,0.008653335117541896,0.00020773907400481776,0.00032014639866948154,0.0003910544897440533,0.0007160691845197249,0.0005310526446488753,0.00028527860381491986,0.00018895763888088668,0.003745926318241949,0.0003628718289601004,0.0002160534309905667,0.0002898767735580596,0.0001380207400480771,0.01247799448460256,0.0008213466703792064,0.00018984350009306928,0.0006909893808335613,0.023575669293495964,0.00021839652524499657,0.00038620901143973505,0.000826506285621373,0.0037327558881830444,0.009151884846347179,0.0018518461473728128,0.0010121334319072054,0.013887436672874268,0.00028157097674090043,0.0001528037594676258,0.0033129398553596776,0.0002592316061085009,0.0007646137536019387,0.0075316250885371985,0.0004750001919621841,0.00013876278909646713,0.0028480468594816095,0.00024330274564967502,0.00416993007840124,0.011037290484073457,0.0013137689830119994,0.0007163612770371588,0.022944305471781553,0.05457424709897591,0.0002735247347172129,0.001765928524085577,0.0331592752599219,0.00036703659592744005,0.00012693444460547889,0.006252125573198053,0.00040438682783655166,0.000411538498585289,0.00045834807502164604,0.00028153047121512415,0.0008248521060695678,0.05165331112871948,0.029295887022819694,0.008181973416072501,0.00010979209787276685,0.0008227339963161331,0.0003242681246321192,0.0013518217005020284,0.00047349617703507346,0.0015892541014735867,0.0003455006569573957,0.0009656011007886587,0.00034474279857573764,0.0002463439456888068,0.004804305208264314,0.0016136378514358838,0.005863442249481653,0.0034107700938462364,0.0005857748598758582,0.0009932428822153712,0.0015713808167759913,0.016772369657440823,0.001872463975628204,0.00019289174619019367,0.0005563492529248349,0.06107042541285887,0.004208639247970851,0.020138565280524316,0.001189970079899065,0.0007289455687565904,0.08072608164590325,0.00014334890930238367,0.00021960841042871178
2023-01-23,0.0009749523156431141,0.027341284453294243,0.0003326944911220697,0.00029469846454754207,0.000289790746626182,0.0027277259935124805,0.00023147442763108507,0.0003024051469141056,0.015272375795288286,0.00045730011050452155,0.002588359299462183,0.0001788481733020068,0.0008512387756251388,0.00032174990747562283,0.002882239361394596,0.009091016135535713,0.00029374143679419855,0.0003264170411336353,0.00041346701843866335,0.0006746849206269649,0.0005494366828207109,0.0002521241986856164,0.0002561644522845977,0.0036383695440376207,0.00031446142416628254,0.00022964946740552177,0.00032987094154886406,0.00012816550319967352,0.013000039304167169,0.0007221259702873321,0.00015796156899141112,0.0007226058756996095,0.023749085578219434,0.00016393573407493878,0.0004714092661720426,0.000863346707574182,0.003687020690996133,0.009538028328943187,0.002147157745899633,0.0009127833896747712,0.014336379911581583,0.0002823045030752044,0.00014606505499240678,0.003512088913629411,0.0002484684132455354,0.0006895491761001051,0.0075875185260555564,0.0006453664071487997,0.00014476069329359212,0.002751914809320018,0.00026320462775478344,0.004555263141457695,0.011432935854418375,0.0012866534219118824,0.0007285215732751541,0.023186171077706867,0.05575849700491624,0.0002846205528213996,0.0018721435802159967,0.03262243364049003,0.0004019248992943536,0.00011155560879392486,0.005997185888776733,0.00033756930898976755,0.0004170773489823022,0.00037739275478014674,0.00023703395776165638,0.0008510188499223524,0.05371057126988374,0.02932216224221651,0.007959108465438725,0.00014999844568254134,0.0008993884291623577,0.0002812780779009255,0.0012506328124042513,0.0003353571172767329,0.0016842069541724777,0.0003430800557964785,0.001064043369169445,0.0003274727201050678,0.0002696432677272974,0.0047019353594931704,0.0016424820689981757,0.006054238172460824,0.0035125967164267185,0.0005411776700719335,0.000885549391648434,0.0016866844891260404,0.017102472271369563,0.0022912635407731203,0.0001425169101869346,0.0005988244081619916,0.06359895689564003,0.004626147464082632,0.02014701779660277,0.0012938978903969198,0.00028011547348354236,0.08288316485402625,7.655438767037291e-05,0.0002173885159658131
2023-01-30,0.0009292824976246863,0.027774153327616465,0.00030392251357303385,0.000281752964964779,0.00023431811664315527,0.0030901786941676577,0.0002834467687248985,0.00024505494198530093,0.01520856557946969,0.0004701678997774059,0.0026184438554376654,0.0003225532879782615,0.0008346240904594557,0.00026349271987012016,0.0028371494901928106,0.009418831320341865,0.0002923252779837896,0.00035483096192000593,0.0004138010240881782,0.0007397356222119456,0.0005136892063263446,0.0002696005932387756,0.00027921466092214813,0.0037180159148203456,0.0003246768049950944,0.0002644486231895928,0.00027544648168859265,0.0001443539430706552,0.013155243903823584,0.0007658651380823496,0.00014622050806508406,0.0006772948555828533,0.024268999560045138,0.00024751522807047577,0.00046186579602654974,0.0007662310867502071,0.003604522417822075,0.008875152254245124,0.0022729204915575753,0.0009593510234549439,0.01403652927713735,0.0002997998662094978,0.00013794624636764136,0.0036477371806582274,0.00019922411045210958,0.0006258546549277411,0.007923604272488708,0.0005941826772298644,0.00021892316947911194,0.002767970267836502,0.000205186126597487,0.004586815417957295,0.011678321472792135,0.001357441069702613,0.0006685717276480993,0.0240034226633386,0.05645733102325766,0.00023676671858550738,0.0020686016218857844,0.03385880034911497,0.0005739765848269253,0.000140389805715979,0.006446145605590901,0.00042108074825292766,0.00045691637792993813,0.00037450371291300965,0.00024657300269271263,0.0007963781874353759,0.053219906999229585,0.029246170304961495,0.007995382949963704,0.00018570434933694178,0.0009545209302687549,0.00024255350199044943,0.001305359031178636,0.00042115707413909386,0.0015623356862145582,0.0003686062206505684,0.0009927193910279097,0.00040667946897944183,0.000363608150364962,0.00472929788760647,0.001786220351315041,0.0058274168163895265,0.0034832164108440497,0.0006132448571263965,0.0010298349879111432,0.0019258399750728048,0.01695819193341282,0.002125773919180988,0.00020826562374662926,0.0004966637381587612,0.06407289426975613,0.004607992861985495,0.021037190605843022,0.001185277560999552,0.0002560572901858674,0.08462980434773026,0.0002271826306702383,0.00021668728551928686
2023-02-06,0.0009618865430801105,0.02936611787245564,0.00035344909156877105,0.0007755502280152533,0.00029865820283028483,0.0026699185836011764,0.00031175593894872984,0.0009569866604863061,0.015517689446699252,0.0005005387143307901,0.0025783606484618615,0.000389241693876167,0.0008445430539657573,0.000299289514985817,0.0029856431508802745,0.011260300775698995,0.0002764363916765228,0.0003748705845875159,0.0004229009345935803,0.0006708500501244402,0.0004711199880257367,0.00031501486457280854,0.00021001431736091875,0.003930546664440031,0.00031550023832798964,0.000287719226840459,0.00030779433766772176,0.0001347698868220562,0.015213035873212592,0.0007256150853171833,0.00015172933277970898,0.0007214486818521215,0.02719885110244271,0.0002772329575370038,0.0005410143962225672,0.0008949828031073941,0.0036779035458200217,0.009200273132250388,0.002373966432650812,0.0011767892027492392,0.01454558932222164,0.0003135452562940648,0.00013276514969622034,0.00361536096672592,0.000317105946750047,0.0008706214813764807,0.008837836692934668,0.0005710256927031357,0.0001998890888903073,0.002936407407908968,0.0002426903538850181,0.005500222656687465,0.01355650766500643,0.0014809014091262005,0.0008031135008255402,0.023952545712245973,0.05966222121492586,0.00033479010428922527,0.0019573462067897424,0.038576429486636546,0.0004998104119016183,0.0001845503196580842,0.006981155357369598,0.00045000869978928447,0.0005205445436073055,0.0003517939146368995,0.0002896789449444946,0.0009111199034483264,0.05879275319872889,0.030228386887189054,0.008055047878708895,0.00013145645270483465,0.000881804652518099,0.0004834035911829676,0.001157481729941503,0.0003614639689658923,0.0016725640057756771,0.0002120275154611656,0.0010991928116810565,0.0002846737771318065,0.000289367116218009,0.0048405807105437355,0.0017522827062588567,0.00636507294147018,0.0038135068472739996,0.0005564843417077311,0.0011467584566751975,0.0020315402182318346,0.017577485978850657,0.0021548980176114667,0.00023152265151560377,0.0008354409818113917,0.06788488201583795,0.00555546976069364,0.020666952952607183,0.0013507419472051836,0.0010587653411351426,0.09026532861167635,9.64544571707151e-05,0.00021289382312649984
2023-02-13,0.0009675637824243253,0.03192734850997593,0.00039797476342348496,0.0008095299748204439,0.00030558318041153793,0.003980846066581811,0.0002912366998166491,0.0009162743678829727,0.016616814056107192,0.0005779009000708181,0.002780396305230029,0.0003938341255416735,0.000921896949612271,0.0002861443916383839,0.003002594698617338,0.011760774659150793,0.0003298257319156676,0.00039243960371988036,0.00042989254405340587,0.000812310023788336,0.0005210413783059329,0.00026201295488556054,0.000320504586003951,0.0041176651268574485,0.0003341651752862322,0.000288481759594193,0.0002894182914080439,0.00014456640023841996,0.01630558541792535,0.0009494354401009218,0.00016855078817611775,0.0006675007262090522,0.027715753011168978,0.0002578438821905892,0.0006910552406284729,0.0010490367829050033,0.003858912066921695,0.009924873664377373,0.002758413018879161,0.001327831886202537,0.014967594445486143,0.0002741468422378415,0.00015606506578564661,0.004683368454452866,0.00037080936468343,0.0009490559139249422,0.00955515760542298,0.0007086679512217465,0.00018990873431171655,0.0030777334124567563,0.0002039042183993188,0.005887678524491798,0.014350089150400648,0.001591385465281379,0.0007785848589667965,0.027113460193172248,0.06628259067155762,0.00031297157281503775,0.0020259421750688875,0.04193186902088304,0.0004648395297397885,0.00018739612101284657,0.007148435870518191,0.0004880933046576908,0.0005966877528833006,0.00043195871406727956,0.0003180874452269388,0.0008628723663543073,0.06352910607125019,0.030676348381567634,0.008327132576426664,0.00016984819110805685,0.0009430252630876613,0.00042677593478900565,0.001253724771742716,0.0005129553010987236,0.001643187221687594,0.0003916539304017406,0.0011653928641363292,0.0004332308933520815,0.0004036664473022369,0.004912848307038419,0.0020771798215349683,0.006245258643711803,0.004199036312482284,0.0006263803530335486,0.0012436973505370657,0.0023700537995948166,0.017999937412883905,0.0023920603711705107,0.00023198679419275393,0.0006770389570120589,0.0709085195894299,0.0059012744007769305,0.023556566446148456,0.0014768424001815514,0.0009326041728949699,0.09372755238178694,0.00010790017487626965,0.00027212628159125403
2023-02-20,0.0009960431544405964,0.032152496134438484,0.0003175082569644045,0.0008877506014540147,0.0002619359507920998,0.003540753129974194,0.00030981565577325543,0.0008809820560541481,0.017266875078445983,0.0005674967793239526,0.0028140001891993754,0.00035571422393176574,0.0009275390382478823,0.00031487108169623814,0.003057035214849565,0.012235853849203376,0.000273350010479827,0.00040565993921105913,0.00043223371995384927,0.0008659369970433678,0.0004769137361264224,0.0002843146516777465,0.00022097176688684966,0.004096746082386131,0.0002970861938537285,0.0002927091646674511,0.0002968124200883087,0.00017017768637013586,0.01654100119639075,0.0007554120730242764,0.00020877847019652282,0.0007110771771838362,0.027776513040614067,0.0002876517104198153,0.0005908105902773463,0.0011542676957333592,0.0040556844191870865,0.00995150639555529,0.002475347080084231,0.0014261143443901924,0.015093700984053715,0.0003305185145743354,0.0002148297291602416,0.0044149965572360915,0.00023741562850137338,0.0008843997424696192,0.00903417920670246,0.0007476917416950691,0.00019918511852500592,0.003029543674226663,0.00021102364919712015,0.005555960845885406,0.014510906987549628,0.0015257527035628987,0.0009109431296904791,0.0275690756092435,0.0660988282137519,0.0003409651902470188,0.0020364002409865504,0.041394649697694005,0.00048739456796244865,0.00016835537667990452,0.007131358340062502,0.00044725378252182115,0.0005035330215238769,0.0003996626713712217,0.00033311878391420046,0.0009248595642316479,0.06185744182826947,0.03153736253878582,0.008748692171782774,0.0001980782776044387,0.0009613417790448766,0.00037730824946473785,0.00134537762565825,0.00042494916760520607,0.0017512624073201077,0.00038303350279018163,0.0012312061185545614,0.00037151150708763175,0.0003634205066992441,0.005185452386666886,0.001985551147572132,0.00677378102618515,0.003945816359293792,0.0005779664921636116,0.0010889060928404586,0.001997186943698569,0.018288776740039134,0.0021300133222067344,0.0002157347340944573,0.0005887395960462948,0.07235316370311236,0.005567539909414094,0.024105993717356552,0.0014556564175834182,0.001025074352434177,0.09699157520374815,0.00010625678698746708,0.00025454330378008196
2023-02-27,0.000995678520479639,0.03427144257880322,0.0004387494600760318,0.0011089526195376268,0.0003525245004788182,0.0036483248616802776,0.0002611289411719993,0.001306486924639302,0.01749513107070615,0.0005209817363564335,0.0029107994599260572,0.0003528815297877329,0.000879256194794669,0.0003204477730001345,0.0031099712348501966,0.012457673476406953,0.0003391371652846437,0.0003926111588367191,0.0004676506327309731,0.0008470774959806063,0.0006530546695762592,0.00031698918422519955,0.00030980563482951444,0.004175733963525782,0.00040733277285489764,0.0002630986935056514,0.00026708591659238616,0.00016457697717031875,0.016709869199944292,0.0009879965400280948,0.00020314058931958885,0.0008353550529674275,0.028817791591314958,0.00031030188267578833,0.000736458615944736,0.001098740469599692,0.004017629477447015,0.01083020324956116,0.003070295669745573,0.0013524129253090441,0.014945611816609639,0.00034589486114172126,0.00016899048524441967,0.004623431172756395,0.000290059580362253,0.0007802206447723686,0.00969462782727494,0.0008048486655128219,0.0002595712690209488,0.003221877250941369,0.00021930065727210048,0.006594699640937843,0.014917133399883346,0.0015785270641010508,0.000826310264124362,0.028486921001396603,0.0678641180752396,0.00030344339134538706,0.0021570336804636507,0.04625545264809116,0.00039152052768304886,0.0001570667687264947,0.007537821149030103,0.0004465361263932438,0.0005497490859253747,0.00043003041603903816,0.00033372169972651,0.0009200717213938311,0.06744833816843612,0.03140618011080213,0.008642997809977123,0.0001762132392036727,0.0009598625831691377,0.0004107090925239643,0.0012653094549897157,0.0005108174330088751,0.0016670430677149792,0.00043628397062483987,0.0013545619851701508,0.0003876973086053044,0.0005424859722058327,0.005212563909144875,0.002257841711671017,0.00668392778379565,0.00437613505040711,0.0006740172538996689,0.0011414639366825671,0.0023673176321843204,0.01793593694882641,0.0023858506380520068,0.000234339150136028,0.0007248895085714938,0.07306230628238632,0.006671975018638494,0.024714450774741728,0.0014011027062178858,0.0013906559348700813,0.09819449665925395,0.00014394302503417097,0.00019802217095177434
2023-03-06,0.0010393076016871731,0.03603879640836903,0.0003641261294940562,0.0014373394832947973,0.0002826794642355527,0.004217174215677741,0.0003365170327124275,0.0017422264787240592,0.01757103996787766,0.000709834682747298,0.0033011266300210533,0.0003822908865922553,0.0008957038354508237,0.0003283981187004451,0.00317734970141426,0.013260695461940667,0.0003830026054886112,0.00042775179300546786,0.0004333380126293783,0.00101627186637793,0.0004479715886793255,0.00029774438712371315,0.00034920760641171374,0.003459905910418417,0.00045052145188391533,0.000326533937314248,0.0003393285777480471,0.00018266737236606682,0.01783740985486686,0.0009319159589211585,0.00023098162053400184,0.0008279033956302004,0.03000574153469547,0.0002450169458946648,0.0007251439778494042,0.0011262667084800848,0.0038903442472844156,0.010980566778765133,0.0034348212483437074,0.0014395202594714314,0.015723628256493028,0.00031813819046326043,0.00024953136894818943,0.005360161927648371,0.00033783438084126864,0.0009812505292942791,0.01127478620873535,0.0007135059307263849,0.0004466838992967017,0.0026198642525756145,0.00025093311421152105,0.008091463679639662,0.015727982061273748,0.0015303164754129704,0.0010694225830482755,0.03022576890047588,0.0705706522979183,0.00034927345163190856,0.002491396493075048,0.05113575421218616,0.0003870514657459095,0.0002010817558131434,0.007573058529341402,0.00039604369651574444,0.0006828318730252846,0.0004260014847921786,0.000340336839690248,0.001036850624062096,0.0719838153922629,0.03230967120642439,0.0086989124967545,0.00021198739508531965,0.00092747367953432,0.000448486059719007,0.0010036198578162157,0.0005093528139948897,0.0015908084131213732,0.0003866323460114746,0.0013538141249130856,0.0004281038666068583,0.0006886912483171353,0.00514474201703575,0.002289764326975283,0.006729059555949933,0.004461584818672342,0.0008335182651007457,0.0010225480716209113,0.0029516356385353706,0.018982399569574714,0.0028447102818915325,0.00023488003631079278,0.0008133492944933992,0.0757683009080102,0.008060800877344027,0.026495854059047103,0.0015023337520512258,0.0020605919985464244,0.10142263776304364,0.0001645826562216799,0.0002478901978301519
2023-03-13,0.0010131000416267967,0.03723653785660985,0.00039130330430408856,0.0014294753864644073,0.00029288425325380875,0.004266751533751605,0.0003306957064731046,0.0018007788697830263,0.01806336500873033,0.0006383720882518039,0.003191378468864152,0.0005151803243540179,0.00096442812293825,0.0003684450828168619,0.0033680457664263504,0.013775138740602082,0.0003111709042495215,0.00045677900222627666,0.0005296069954748049,0.000951394721695555,0.0003991827023900095,0.0003241068820927938,0.00035316518501945463,0.003160328344999183,0.0005328326704546045,0.0002842055313961086,0.00032114110467278996,0.0001655971088833598,0.01821696272178057,0.000900237903310857,0.0002103221380405219,0.000795510707359888,0.0300488713479396,0.0002883788671199883,0.000766901445923778,0.001237973622067245,0.004060594424378019,0.010952134325916763,0.003276242550867592,0.0015522731112457666,0.016332858196559698,0.000315038446943627,0.00024442192632564253,0.005656900713553146,0.00023079265942653406,0.0009298952497525817,0.01123233646080852,0.0008321078312221008,0.00024016272542782424,0.0024238337268822244,0.00026947488554176515,0.00738798402517042,0.016226589859155392,0.0015261612586193465,0.0011438250829602279,0.0306566860785605,0.07138941684316549,0.0004869356872130009,0.002499758907564015,0.05132245956590376,0.00041032939583930016,0.00023592636499974017,0.0077356382992749915,0.00033884926831206604,0.0006275228405981582,0.0003995937678288911,0.00037012454034953215,0.00106090588568365,0.07251397806057051,0.033264670806452803,0.008565592934020542,0.00017843136642824847,0.000985535526155037,0.0005917445065533669,0.000883038139967844,0.00048334755949242084,0.0017653647407523355,0.000448304353350587,0.0014816202788163844,0.0005001195648054232,0.00038682678596270366,0.0051825821851203355,0.0024876387226083446,0.0071640488401570395,0.004583462324688023,0.0007125666830560304,0.0009537576578155313,0.0029139502079097526,0.01966795204815889,0.002944494264587433,0.00024409815074020926,0.0006828038547196201,0.07892393493830045,0.007421830448539118,0.026787686455474875,0.0015054727095139872,0.001926137975215049,0.10399419160252714,0.0001716236261701341,0.0003587028883798147
2023-03-20,0.0010269358138312392,0.03675335287736725,0.00035544860166969135,0.0013042169596361277,0.00028965950360034307,0.004220740570671811,0.0003397960892852245,0.0017049825233113533,0.018743521674774645,0.0005660883692882056,0.003126957462731222,0.0004054565058446256,0.0008905422093410602,0.0003331157646522621,0.0031308046070071863,0.013729120429817403,0.00030603811291703235,0.000439564791571042,0.00040380782122691986,0.0009550036131411887,0.00039432337684041296,0.0003586816775255682,0.00034379629226804603,0.0031818961094306365,0.00046600811485183,0.00022412614867485644,0.0003488836102747838,0.0001973743047862478,0.018428983052315093,0.0010249705178334817,0.00020906166583680263,0.0009301816332216868,0.03035313764809808,0.0002640805006989939,0.0008553137464821933,0.0010786302959513207,0.0040531748756450665,0.011585681811446214,0.003078674150063688,0.0014447089895787968,0.015473040397598078,0.00035262455588819675,0.000244812326823878,0.005074355270102165,0.0002757344302839992,0.0008460315809459689,0.010665009863825518,0.000684311122455399,0.0002492311189718794,0.002492605314478303,0.00028392390522696473,0.0069077859908703325,0.016399415964467836,0.0015620683873404843,0.0010753044822348285,0.03061211991278325,0.06941060433427183,0.00037014920719364794,0.002428648252776099,0.051367089455566325,0.0003493492816656888,0.00017626659366032287,0.00802187548399645,0.0003933442900508515,0.0005383312802799804,0.0004130757987837133,0.0003788833432079974,0.000949054286832805,0.07087984621255354,0.03211775911360332,0.00859502743302899,0.00019760566635205123,0.0008961210940795492,0.0006418757591752133,0.0009601621253966382,0.0005345233277846756,0.0017586185021667845,0.0003161914071405878,0.001402007333231216,0.0004249733624122388,0.00048492863585433265,0.0052107514678085025,0.002358526133877682,0.007033601378063198,0.00453213432078615,0.0006456344897236262,0.0009202254089542279,0.002712995427939456,0.018519603455966073,0.0024544089781243722,0.00032327233377781213,0.0009401716487228164,0.07660764343764288,0.006966790098720736,0.026638019556402756,0.0015557203685463428,0.001907751505216988,0.10263043358261027,0.000197170963303846,0.0004117332520154255
2023-03-27,0.00104279497195674,0.037263043310217625,0.00035185632697375726,0.0014994321636617835,0.0002445967772454852,0.004752600339829395,0.0003634431530980698,0.0017892208055452605,0.01828517489087332,0.0005867996431662476,0.003394136324202938,0.0004752537399201885,0.0009261787295513036,0.0003283411713245205,0.0032440499452836918,0.013247677553440845,0.00036790431753081843,0.0004203220239904898,0.00048621102332405944,0.0010767168834414028,0.0003534857391105473,0.00028479913133246446,0.0003521072104080012,0.0029813825666965077,0.00047970052462815196,0.00026207205006441113,0.00034290679580023135,0.00018774122244258085,0.017992802859476322,0.001022424088983177,0.000226549159640303,0.0009322048486308135,0.031015814067902804,0.0002838853252961491,0.000753000089323433,0.001252068014621395,0.003901645543871156,0.011545797059935695,0.003559105305412093,0.0014831131445761276,0.015594704933334591,0.00029313759186874657,0.00019984417724428855,0.0055302828285930606,0.0003318754284014414,0.0008916685690886833,0.011375938243629894,0.0006900026402390928,0.0003052839855257073,0.002189166881660216,0.00020864378016619293,0.007749106027063747,0.015878482726223695,0.001450066105180496,0.0011118943453141176,0.03177980528469468,0.07013361613728364,0.0003507688522431259,0.0022506952788827017,0.05260192735577221,0.000408842462496585,0.0001554244382134208,0.0075745959806572585,0.0004923298400047911,0.0005836269292088242,0.0004884351082082073,0.00039806469873531966,0.00098641686325581,0.07153548008465134,0.032020729383189964,0.008517847692572578,0.00017195236599128132,0.0008919422047812479,0.0006579583383577725,0.0009835618023319832,0.0005559599893012571,0.00179258772475004,0.00042317729942507475,0.0015763278602068766,0.0003895273036352968,0.0004907950246459843,0.005049827523003113,0.0023710497853918987,0.006994807260370911,0.00475548922864119,0.0007786777916413615,0.0008224018986494631,0.0030908482753180967,0.018760623948519958,0.002839319532854692,0.0002586124025818745,0.0008374739351352274,0.07687459871757991,0.007830107949781845,0.027421810449057313,0.0015531470276782837,0.0020692387171955605,0.10360745806692362,0.00015378712673375412,0.0003186447082848685
2023-04-03,0.0011372767285385066,0.04070511355055333,0.0004018441704540317,0.00171944760570027,0.000313249380931508,0.004806076468767233,0.00041350204540035557,0.0023480514159592587,0.019118414010317598,0.0006424221250335962,0.0031300111448353753,0.00048746091857380247,0.0009662476380126108,0.00035672150021497545,0.0034649885295281683,0.01378830063351948,0.00035482582619679643,0.000594892221669053,0.0004322079639428498,0.0010877645814943442,0.00035342612747564983,0.0002976442034899877,0.00036939629479511835,0.00311673032569814,0.0005017905330205052,0.000365379286320367,0.00040665098348745504,0.0002425358791355948,0.018438225485521844,0.00110297312576195,0.00021299130780136997,0.0009509619195295267,0.031945857426215016,0.0002868416841287667,0.0008429274483308113,0.0012878834589136372,0.004101228014884628,0.011795631599819988,0.0037143465762092404,0.0015889752570491613,0.01588858527142365,0.0003824946236820165,0.0003112151467834107,0.005508012500991907,0.000274502467601409,0.0009277942507243948,0.011318757554752144,0.0006730492677201427,0.00035883209413002307,0.00234963475040367,0.0002709720353517298,0.008013929769034516,0.01645184730592913,0.0015258082291807638,0.0009997695626905426,0.03253380483935473,0.07472201825639349,0.00048224291711491176,0.0026866176677990835,0.05547115429614629,0.00037482556550136266,0.00015168058525438747,0.008135566805348155,0.00040378196562829784,0.0006058269916338609,0.000407944620769517,0.00042712235393729673,0.0011096609293425905,0.0743626494445339,0.03313779836235188,0.00924533599620866,0.00018880477256587558,0.0009872805420551298,0.0006897934407427812,0.0009658946865390953,0.0006564260433714595,0.0018251632921329124,0.00039364860214445216,0.0016106386801329584,0.0004154194106128452,0.0005948176789999231,0.005338144925204847,0.002551108959272446,0.007100504870482579,0.005111483459881181,0.0009247959164924523,0.0008434387443928354,0.003266129138876817,0.019199990032676723,0.00327871527942138,0.0003633347378107774,0.0010584140207628172,0.07913617521777516,0.008068638344671947,0.028155025376305164,0.0015873718393532052,0.002544080379716446,0.10862714733181496,0.00016590050003388856,0.00040928506651360176
2023-04-10,0.0011412572345752578,0.04039639315338891,0.00034629990743138703,0.002131657325822981,0.000273301870801943,0.0043934971172123255,0.0002735302897691015,0.0026204987741678893,0.0191666216678527,0.0006591605493275086,0.0033225790136467807,0.000496058574632858,0.0009341183424213035,0.0003670189197952013,0.0033310111736813627,0.014551642968853508,0.0002542677993594726,0.0005553892892983261,0.0005130814188933078,0.001065052439057813,0.0004269613017012103,0.00036934392748693806,0.000379906746182739,0.0029279641283707237,0.000549668496590641,0.0003205916196798838,0.0003743486340283755,0.0001677452275985951,0.019607599380720757,0.0011669095126070237,0.0002112309469820427,0.001012750750377388,0.032693943327006716,0.0002905673546231,0.0008369443965630203,0.0012938708371526934,0.004113817427047111,0.01102263582385065,0.003415710546162465,0.001752497122229869,0.01592672511437963,0.00034012296053152074,0.00026303965543934664,0.00582245286392977,0.00025613541120996376,0.0009930133626470947,0.0113929193318589,0.0007571178741085651,0.00035315784546724655,0.002302477042562652,0.00022556345658131388,0.00781443324268003,0.017502312688615712,0.0015934262289280625,0.001114431339714444,0.031056829857863438,0.07225137510182894,0.0004368512359742314,0.0026209053151872723,0.05668678442350958,0.0004419033124462377,0.0003002261087080065,0.008146507425112737,0.00037753927607160327,0.0006144974069142143,0.00040922852504953085,0.0004039953730422948,0.001090554000013586,0.07835105028805989,0.03306237943013342,0.008930551448171727,0.00018383144415501398,0.0009762499114655526,0.0007023168436205822,0.0008842949041551763,0.0006026865058005021,0.0016182129577882536,0.0004870438076018046,0.0016063625258606695,0.0004358819215230824,0.0006480877910921059,0.0051670901688230285,0.0022835701101673457,0.006956133244635834,0.004928258548480058,0.0008336500704984604,0.0008298636025040583,0.002917732823002911,0.019184026736998032,0.0028649779746272707,0.00025108202439148776,0.000785380474035251,0.08260430091525789,0.00784592085939625,0.02692338537175218,0.0016408141510595282,0.002911411131508917,0.11103341754138285,0.0002004157849324436,0.00031460481903379945
2023-04-17,0.0010769780123122978,0.04079533711687672,0.00041883676569827726,0.0018451096656600277,0.0003315811725212865,0.00480247597379309,0.00031476590186235704,0.002329416460754473,0.018972135120015263,0.000654867873244894,0.003248096385397309,0.00047430485304223043,0.0009405553819233448,0.0003503847048282706,0.0033957316545562646,0.013379957749287697,0.00027091603215553643,0.0005528147434910777,0.00042270700013314065,0.0009554832724845328,0.0003426440175565807,0.0002587283652400421,0.0003429293000464364,0.002857616154827051,0.0005585756118895961,0.0002989220792808901,0.0003328172526860466,0.0002456142272654187,0.01819060628047947,0.0012071032340756744,0.00022908788716263204,0.0008965431568158166,0.0326834190147404,0.00029492457373518703,0.0007766013171119681,0.0011581822786968221,0.004174625450631501,0.011491719655618158,0.003616317121681043,0.0018088519170549302,0.01563003688560742,0.00032912765359922614,0.00022112415100183593,0.005779765064998753,0.00031278402351717376,0.0009391830116436376,0.011006753889290458,0.000733771296646515,0.00032305885921503645,0.00222024251732857,0.00031709491151228435,0.00790322269841176,0.016312369752166586,0.0015590264891308626,0.001036901059693019,0.033679656676325165,0.0741805663763317,0.0005134635858143617,0.0027194540234169898,0.05631650882026981,0.00038158139656926785,0.0002200915712553593,0.008024287866242565,0.00040918845038143657,0.0005427416872245379,0.0005237333728497977,0.0004610762168882291,0.0010554942549292675,0.07611999980771665,0.03283452188233425,0.00875975876847359,0.00020908701950911522,0.0010560800730267913,0.0005479960927138598,0.0007648668898232888,0.0006780183214755894,0.0016585237619698872,0.0004517417908001333,0.0016726717868703485,0.0003691911898758524,0.0005534705537709381,0.005215462840624955,0.002728909761701079,0.007787496069800398,0.0049691158843544955,0.0007363650434710305,0.000877807173477339,0.0032453211407001436,0.01880325324253404,0.002962589517496385,0.000251461818740519,0.001043726256042873,0.07927865287431882,0.007927722615056934,0.029102978910287458,0.0016235402656381156,0.002678148033483088,0.1092248455510998,0.00013053317384851025,0.00036184265524705065
2023-04-24,0.0010910848287766697,0.03932860469442834,0.0003196592637272044,0.001969960181142984,0.0002600557762100557,0.004769428537515489,0.0003569263709504105,0.0024545348000391573,0.018522468934896064,0.0007784968370769365,0.00340926283471232,0.0005272966236646136,0.0009322415209710331,0.0003032782143916624,0.0031514981651372706,0.014566509869669645,0.0003145625823829003,0.00045982508240578946,0.0004249151015230441,0.0010378929967462896,0.0002924803690119753,0.0003118184915765462,0.0003067438194207663,0.002718052388864083,0.0005060179653808401,0.00030426442785448253,0.00034946135707883267,0.0001866159195359165,0.019301570565481384,0.0012851830836026622,0.00022043555927683982,0.0008741729140438474,0.03178907816412473,0.00026038205583793354,0.0008499140072126294,0.0014368875178812639,0.004104771860322614,0.01114539449179716,0.003852162470066631,0.0017008575996759299,0.015949882027126428,0.00032397362982725743,0.0002463422735111194,0.005400696982022464,0.00026782591347985016,0.0008208030123173374,0.010486808554880446,0.0007226833002029851,0.0002275085039711957,0.002069873854763416,0.00022386541397645052,0.007520622882990883,0.017449244257660496,0.0015385574302682033,0.001070331109236561,0.03245832595899437,0.07110840401944706,0.0003957197256467169,0.0028680341345184786,0.0533767337398368,0.00041258287844232955,0.00019487746827173054,0.00807652809759102,0.0003806237801677169,0.0005560023462659985,0.0005659034201133819,0.0004392454018866312,0.001079168251287543,0.07553942967774506,0.03257693274743246,0.008754731259431481,0.00016428960197209036,0.000999620628198319,0.0005600085389892096,0.000809648998855411,0.0006911391076592422,0.0017677695025564062,0.0004766142308892337,0.0015760506729971333,0.0003987885774321514,0.00047462076019579464,0.005143420696970078,0.002592824332486716,0.00748497904227606,0.004907364679285139,0.0007092648020576638,0.000875202511248765,0.0029769437633917237,0.019160136804584157,0.0030885602854798574,0.00029286425613357707,0.0008303042311831678,0.07930365892043315,0.007583344153681217,0.028054338912741054,0.0016666408461623017,0.0026195849664549815,0.1105923050945945,0.0001231464071083403,0.0002904554676427164
2023-05-01,0.0010968311008580551,0.040792290714507164,0.00033119037081007316,0.002104434297702874,0.0002874886293442764,0.004761054542246981,0.000281683856380802,0.002630096396299596,0.018613165886321163,0.0006055712424522467,0.0033614636296305307,0.0004605174665570158,0.0009660515800302678,0.00033102308541672063,0.0033272007474320865,0.014573576294416881,0.0003740247793614743,0.0004837646379028627,0.00042809205859029666,0.0010855219879010087,0.00031318080807971646,0.0003360051075366028,0.00027868967406263534,0.002841293775320202,0.0004963546583613642,0.0002983773302766386,0.0003406747242007722,0.00022661559648696445,0.01946003711307438,0.0011774377597541634,0.00021659274169607686,0.0008789324314467581,0.03343964531015138,0.00030810612543922725,0.0009622715175904905,0.0011609779164050411,0.004215628652665861,0.011714087708191157,0.003582644997090745,0.001898821575994008,0.015938032995683096,0.00039388942748578475,0.00022819517505462704,0.005547289210920968,0.00026462630723710166,0.0009272244727723378,0.010855325589406719,0.0007533058573291298,0.00029854305686721516,0.0022027693162879995,0.00020418871437167898,0.00816401363445278,0.017398711598272044,0.0015462998713666467,0.0010115355659963314,0.0322832814708116,0.07569026570981846,0.00047703824008551836,0.0027349270753092235,0.055547851697924526,0.0004611301713998232,0.00025190782075480423,0.008309480451273492,0.00040188879296940513,0.0005366837507568503,0.0005172203620028961,0.00044836951109669166,0.0012842122705305067,0.07662858066637822,0.032928930393363226,0.009160351939163053,0.00025350191165714696,0.0010247076388830584,0.0006568547484762395,0.0008155758404590893,0.0006217984544596834,0.0017426843709799783,0.0004171103865584571,0.0018782987324795215,0.0004241816263533567,0.0005625896634854615,0.005452437473597198,0.0025203899020423775,0.00698417664854295,0.0050935757387599746,0.0007304458115183472,0.0008195174035015637,0.0032399400535260015,0.01926014822271176,0.003034011672882947,0.00031512295539068414,0.001047765741351314,0.08068066579011936,0.008124099326881976,0.027700597397327616,0.001414677458759248,0.0029846858661984116,0.1094288713352628,0.0001652599700483037,0.0003917784976745156
2023-05-08,0.0011469099098280417,0.04153107523046546,0.0003321606180188557,0.0021326189039230807,0.0002690102726956616,0.005055741941485863,0.0003273005735625519,0.0025504533953888803,0.018783287077033403,0.000615620229017266,0.003485852461728718,0.0005417783615592957,0.0009233719601490305,0.0003669907061665438,0.0034972611635317704,0.014174365213494031,0.00036544069281946995,0.0005295172287121544,0.0004795584108014175,0.0010568310583224916,0.0003889157440178842,0.00031915146645247175,0.0003434225949581507,0.0029750328226931175,0.0005517384344199831,0.0003781812798744393,0.000421965049484487,0.00021028825126290937,0.018630288421928626,0.001521914103203029,0.00022424878370489164,0.001001865605169667,0.0330294769169263,0.00025868311857430007,0.0008777369228202021,0.0012981270020609424,0.0041992562972905725,0.011664096440007335,0.003665713899340009,0.001968036602853184,0.016836198072855874,0.0003566263555546629,0.00024837942836851776,0.005798089646620258,0.00034055463747408786,0.0010251760270317402,0.011666989123201481,0.0006952849221147647,0.00033325927190454996,0.002333039817971914,0.0002522782910450532,0.008255840326306536,0.01698576782015447,0.0016257979517427525,0.0009637077529549608,0.033943063590499395,0.07525120844109584,0.0005075529256596484,0.0027043040221918302,0.0578860087509355,0.0006116592452686617,0.0002373222045991638,0.008067687680416165,0.00040780729843003236,0.0005776735974963521,0.0004239982231042756,0.0005289081184959082,0.0011427395425730093,0.07705526646985437,0.03405479223350376,0.009246583011345323,0.000201618615499581,0.0009999491699963887,0.0006810967914212675,0.0008516401298431596,0.0008680969206293168,0.0017618718087287538,0.00048712632324442715,0.0018195813809526265,0.00041400616832651095,0.0005728423620463703,0.005483435195016497,0.00283836328581586,0.007481171856974903,0.00537683574109607,0.00068779842346907,0.000876260135268507,0.003298357592243771,0.02012579635260191,0.0031182473401876586,0.000246866167390512,0.0009848656673745056,0.0811481452057367,0.008294310497852387,0.029287488359317673,0.001580525048264207,0.0028286028235074974,0.11256692330654788,0.0002193069285657969,0.0004559988124748397
2023-05-15,0.0011381174839352841,0.04106259242640733,0.0003800769960958906,0.0018911678029266419,0.00031091026414560043,0.004903718046936423,0.0003823903280703879,0.002414180505845358,0.019324406768259767,0.0006120643798106997,0.0036193922853337106,0.0006304185352459539,0.0009311241994388106,0.00034473106024077507,0.0033518544687297577,0.013998422736984508,0.00029839246031419873,0.00034298052294358064,0.00045807490313652677,0.0009382699349737788,0.0003907637445226024,0.00031486216631737714,0.00033668581082907183,0.0028964355868742082,0.000539100673528886,0.0003134011300618443,0.0003485792135911302,0.00024304766457419746,0.01894984368048304,0.0011076346986080106,0.0001900593350681805,0.0009029569553978276,0.03331137140264799,0.00026167123237546793,0.0006345697120042071,0.00134709375345773,0.004322813198273657,0.012214911035313015,0.0038695811694214495,0.0018398812773869839,0.016760684243681958,0.0003679669700961123,0.0002500424726562471,0.005864488156769888,0.00027609257737973476,0.0010408355074802175,0.010849245200791703,0.0006960048653496468,0.00037851017971287846,0.0022077654928358424,0.00027704534296035983,0.008112398651183819,0.016696381971508547,0.001507521112939213,0.0009466652238059653,0.03433541771784873,0.07413220584805286,0.0004773397980024687,0.0026343491012181287,0.05700235945252752,0.00043908494064915775,0.0001593060354962717,0.00803032588766519,0.00036324062127835615,0.0006333851503208441,0.0004090843328863222,0.0004165587851295035,0.001241289745942766,0.07540635846515124,0.03412808295662208,0.009277937223950443,0.00022734906004496613,0.0011246271607052037,0.0006111329161493451,0.0008774844868476191,0.0007330676263084422,0.0016467698713592484,0.0004023994257053933,0.0017972195719326766,0.0004716870123225852,0.0006038993873132318,0.0056401682903049,0.0025482977150862226,0.007381207061129338,0.005145694102333634,0.0007805050933792101,0.000778733166859106,0.003480020771678486,0.02011865002526853,0.0034903267572419586,0.00035885155932980424,0.0010997273747410138,0.08108077552983232,0.008141194828197761,0.0294948824157968,0.0015004085206515104,0.0027534331263399697,0.1101023278409193,0.0001864675471033911,0.00039123760128399217
2023-05-22,0.0011414743296774717,0.040550117494014826,0.00035218485527656774,0.001983402612827673,0.0002523879120866155,0.005263407312328048,0.0003381183618562026,0.0026965787084679282,0.019256617422309837,0.0007081019851476631,0.003530522887741614,0.0006054454245484489,0.0009566532038633074,0.0003569241837480678,0.0032789539493188885,0.014387872307380806,0.00030541871909248896,0.0005976118990913798,0.00040966733286176154,0.001157230487022981,0.00035177990696090263,0.00040496421815656265,0.00032470391612795613,0.002932338598654855,0.0005398032195314185,0.00042946182199963493,0.0003229478338722296,0.00018582302757351468,0.019292032499148765,0.001220852724207105,0.0002235744844362671,0.0009246847336220257,0.033788192854310645,0.0002943942069701819,0.0008816276315632984,0.0012810975867005863,0.0042216947424474445,0.011705242937865235,0.0037418605032309288,0.0019282455384565978,0.01644070343512395,0.00032766827931978955,0.0003176980681012133,0.0055621759882712625,0.00029725071352672424,0.0010678183115986803,0.011079111112740724,0.0006856482576360576,0.0003805792471808799,0.002279013413563927,0.0002564602624582314,0.007801236801858539,0.017245821854749654,0.0014842127996935904,0.0009569667267549653,0.033800396344738234,0.0735995406227428,0.0005809017876048381,0.0027258335817055427,0.056863433640457595,0.0005110712718015385,0.00020668661449167259,0.008202419990722595,0.00042681157833268635,0.0005275174930708931,0.0004631401311950902,0.00042049139165057194,0.001301279858272932,0.0764713799716581,0.03349298596236169,0.009098250577942994,0.0001692494714207669,0.0009633264894655227,0.0008097248537698996,0.000873919325794307,0.0007162370068951067,0.0018544035037758315,0.0005700027536484039,0.0018708500684352764,0.0004113980179378733,0.0005722443723834908,0.00544038916701437,0.0028558349144474993,0.007278669490195788,0.005239834535791191,0.0009343252115047953,0.0008780856377387438,0.0034104301171037138,0.019783157186867663,0.0031974184860426745,0.0003047882303896535,0.001133303898925179,0.08095581116960138,0.007824627783372265,0.029205612910986965,0.001633202581979909,0.002898509156788788,0.11173908069871778,0.0001577700937348995,0.00036448400807189915
2023-05-29,0.0011946163142247785,0.04243809939880497,0.00033279674919185325,0.0022621519547191223,0.00025507394015085005,0.005540205487722253,0.0003583882999979922,0.002849046113677663,0.019803782600569177,0.0006210916818091761,0.004055561817384882,0.0005443074976053781,0.0009066300918636668,0.0003706119459097429,0.0034472677722852427,0.013219081295653549,0.0003152239961800996,0.0004983808759337856,0.00039733882873253486,0.001173909883079734,0.0004502225259651632,0.00032671491376260104,0.0003162981060039894,0.003403018104104803,0.0004472945521499819,0.000411781058487554,0.00038764895222350603,0.00034765702966662074,0.01749126121510866,0.0010317142613750143,0.0002272373799337104,0.0010517338261576837,0.0337042107643426,0.00031268374360397865,0.000936166894884041,0.0011992982633324994,0.0042873176137162156,0.012549196176731971,0.00413842515312663,0.0020394244128508036,0.016240809633991087,0.0003639460211249837,0.0003475777113478098,0.006078951424278514,0.0003000983064999506,0.000635737128548243,0.011155414122228438,0.0007258812026373561,0.00040078795470095593,0.002629295689265701,0.00027512238400942483,0.008111964145376925,0.01574420303590094,0.0013965907600537253,0.0010285151071760402,0.036465301397996835,0.07821527647874323,0.00045348041789923174,0.0026764940264554626,0.05828993377301241,0.0006156664216375299,0.00027245501377949193,0.008039788878816618,0.0003629252292866406,0.0004926019091840383,0.0004555118734417062,0.00035175768560895146,0.0013805499758673834,0.07818859623617584,0.033848402612959905,0.00920947592827227,0.00021117377714771992,0.00109343718681052,0.0008411484734875581,0.0010478560813359976,0.0006012406522732596,0.0016293129856584266,0.0004180898506650206,0.0018698047898864647,0.0003452536118047572,0.0006041780373317872,0.005563012542371489,0.002814135266535003,0.007930362681592825,0.00528585634494305,0.0009099420446038064,0.0008945523304686186,0.0033867573949521138,0.019463517144822504,0.0036737852921362056,0.00030205492405396714,0.0009627019529607831,0.07979529589353979,0.008080512873176281,0.031219061206187313,0.0016853328494370009,0.00322918934409122,0.11068220523360732,0.00022570106991565193,0.00033658723857054457
2023-06-05,0.0010390913437274007,0.041050813852110166,0.0003216010547437439,0.0018417530179984823,0.00022326890286877084,0.004843642197226532,0.00035010136261459294,0.0023993695829757616,0.019419562383032267,0.0006627777091792902,0.0038517458459069553,0.0006592981714301035,0.0009391789185917575,0.0003606455200968583,0.003298564015564011,0.013880531169675725,0.0002187971810644797,0.000531410917623165,0.0005636321265394594,0.0012108761430223028,0.0003563777191495812,0.00031587444518495325,0.0003850054982384806,0.0027935874600615225,0.00046567842769210024,0.0003519309170091052,0.00037163353777603834,0.00016077408026506508,0.01863023177881051,0.0010793899535594073,0.00021399140284368754,0.0009368442801271135,0.03270025159092232,0.0003056354761731312,0.0007751597631600838,0.0014787225370296033,0.004176628030846416,0.012065373399343979,0.0039170166838564825,0.001889833518004057,0.01576576536057251,0.0003519720399213234,0.00029260802947410195,0.005701986366247171,0.0003618075517979137,0.0008190119460405097,0.010299363714343018,0.000655883621993004,0.000331450237878766,0.0021511225094888132,0.00024380348560028815,0.007554613439320771,0.01679186771689324,0.001511424985610358,0.0010225263084306356,0.0340134267572234,0.07431039166239052,0.00043913358270353936,0.0025519279406177476,0.05542541708618655,0.0005246356212051839,0.00019760018460593425,0.00807004099652291,0.0003074670110695368,0.0005387125505945657,0.000470793079256639,0.0003905671079100507,0.0012732276259591595,0.07541117641398205,0.032468587033922316,0.00904255850799201,0.00023406138984853803,0.0011618872205184359,0.0007587908403096521,0.0008074251301018626,0.0006218300964563856,0.0017473724416494254,0.0004788796616170374,0.0017994278533575896,0.0003759417584169243,0.0005523818881060969,0.005336629457192257,0.0029578934703470153,0.00745742696556206,0.005421591756981549,0.0007629604042504675,0.0008657408828046594,0.003135673574316162,0.018980667464867904,0.00305945133387131,0.0002981305824695828,0.001040437246366542,0.07954117891682766,0.007527748869404187,0.02933377716703503,0.0015286481261912487,0.002748580005749619,0.11037086734647175,0.00015449056195662974,0.00040975369842368223
2023-06-12,0.0011527068282894321,0.042058243393856914,0.00039331714168875005,0.0018557092258182542,0.00030786297689257194,0.005063219027189084,0.0003206491125663858,0.0023349365705225586,0.01896851439987405,0.0006228048319360457,0.0034032762085541048,0.0004492585734739539,0.0009259949502451379,0.0003326871136104503,0.003478021921521983,0.013062979007440865,0.0003421168454131022,0.0004963491348942831,0.0004594680852499335,0.001046754054108124,0.00046611565598994543,0.0003100603971394051,0.0002995528745034898,0.003079574327206223,0.0005476393711804169,0.0003584260422418718,0.00031247052268233336,0.0001954361593097507,0.017786333106527517,0.0009450267536468813,0.00017777153867423197,0.0008827642853483572,0.03111850292726207,0.00029225944097646884,0.0008026038232510213,0.001256365785642654,0.00443040100899263,0.011903959851336363,0.003447698301505344,0.0020506939363376373,0.015752890653199854,0.00033971368990639813,0.00021334416243108407,0.005806925324935554,0.00023240269240492746,0.0008164400164226127,0.01029655221324171,0.0006846524345641064,0.00028766061994953796,0.002436718687007206,0.00022123563879248946,0.006883821101071847,0.015608725960588,0.0014940503245073145,0.0011137554773853818,0.03527397356168059,0.07388625734584889,0.0005412374164326067,0.002591053687012553,0.05527717612042792,0.0005652217089183266,0.00016626856204228878,0.008066743599330517,0.00037096633987986115,0.000500380604942179,0.00040253613651693794,0.0003313794268751958,0.0010297958955356194,0.07423936493091522,0.03320519648393562,0.009361544176428541,0.00015856244485777584,0.0010084562598508342,0.0006427044182889515,0.0009470536478280967,0.0005527344993608196,0.0017341434128663295,0.00045933281324747296,0.0019179825663743575,0.0002980018763848462,0.0005550008596142918,0.005568933003153892,0.0027151302328895163,0.0074132876347814056,0.005247834392278682,0.0008180390386622246,0.0009370487013802182,0.003074621421509644,0.019021347831990755,0.003169344054577106,0.00028656162653227345,0.0008704814199130822,0.07896659591304062,0.006934120075026675,0.030363709905021484,0.0015441490835989904,0.0026640512040063246,0.1092793740944504,0.00020027579762544977,0.0003653406162064517
2023-06-19,0.0011430918269938423,0.03855361340149357,0.00034419471561679567,0.002065478548977916,0.0002545277369250091,0.004684179469311485,0.00032416347300547846,0.0025578996686274657,0.018162723522798272,0.0006648546341264913,0.0036599145789732146,0.0005599944022442839,0.0008889276203450207,0.0003585872100424434,0.0032067330929113434,0.013033881010051889,0.00020897753316921944,0.0005112341304792012,0.000456066549153955,0.0009736658481797779,0.0003986323110585321,0.00026941311932037685,0.00024378152458520076,0.002804062425375445,0.00048249446691810794,0.00032352868664599756,0.00032996877466886414,0.00029675244974752693,0.017792075639616538,0.0008936476616236844,0.00021761167728052993,0.0008902186676746727,0.03140548705516853,0.0002679094524627755,0.000771703292208232,0.0011702638293405528,0.004080916852612123,0.011344476273090168,0.003223855543985555,0.0018064626169335498,0.015871096543286473,0.00034802028439784755,0.00020727034507524546,0.005827628636254991,0.00032122018166731123,0.0007863526547852452,0.010075902851155822,0.0007017489786781677,0.00020445970673916333,0.0021695856892761504,0.0002819208488084037,0.006288342325554776,0.015999541204764055,0.0014839403743772078,0.0011309775804296102,0.03313458619899406,0.06893438348595234,0.0004959140919262701,0.002575660273657139,0.053755885626141246,0.0005298063306756673,0.00015497080379726946,0.00804294631306229,0.0003373433100768791,0.0005648084588160419,0.0004392233619027153,0.0003046090839670724,0.0010746268869947077,0.07188598525716883,0.03262769630035693,0.008815784219372404,0.00023245121967877653,0.0010057107540430744,0.000546954837904987,0.0007685720066292341,0.0005208060559570718,0.0017302302691550684,0.00044300480383512774,0.0018072635541567833,0.0003358532424709935,0.0004361139056080167,0.0053063249861988225,0.0027149516082231417,0.00713940283630108,0.005028249773796889,0.0006655040425258984,0.0008232122646904507,0.002679867757501569,0.019168311761579068,0.00282092136991161,0.000322843730791291,0.0009202634623962237,0.07771000707859303,0.00628457492916293,0.028540412190151382,0.001635446555658983,0.002899876825081185,0.10815685545144829,0.00019382260266855063,0.0004177230859600592
2023-06-26,0.0011840661694452169,0.04066135070665332,0.00033276077846726686,0.0022532117264044767,0.0002674548259159814,0.004448899566595318,0.00028326026850569215,0.003003789846081345,0.018555956111878706,0.0005976730535038272,0.003179788914501019,0.0005269757198026086,0.0010192714911198436,0.0003361880488593663,0.0033471548000538567,0.014278677441349249,0.00020141216781169045,0.00043987725475858286,0.0003864866956020536,0.001141404356299656,0.0003981223509209622,0.00030029619721271255,0.0003329407669830749,0.00318287052387893,0.0005648214586856787,0.00030512827074460387,0.0003973500451450468,0.00027402369118887786,0.01874500354198731,0.0008519109010879497,0.00020596463515568556,0.0009423850687386997,0.033032986113851685,0.00026369180427464746,0.0007491079302945388,0.0013597333577722167,0.0039448741064622705,0.011616613192709326,0.0037555243863120285,0.0017288101254939858,0.01645124523032738,0.0003213194246972243,0.0002528174148662769,0.005617842731916467,0.00034960926149889564,0.0006433725439284946,0.011633005821038673,0.0007008175144202012,0.0003828094497788664,0.002404942726070455,0.00024384151451318443,0.0071950341592645,0.016566207280009983,0.0015889737691211294,0.0010660917837662849,0.03154709710513637,0.06887753861604605,0.0004047958753668719,0.002480886467163852,0.06169075102096058,0.0006536518830993084,0.0002287566471612356,0.008459477450988503,0.00044488028514983314,0.0004975523516080054,0.000338688904544054,0.00036276742640075694,0.001539207372913331,0.07760075093158433,0.03393922071835192,0.009160711826272048,0.00023063202220741227,0.0009440215897628002,0.0006737509560767894,0.0008063665589490203,0.0005048393944599851,0.0017591006410671447,0.0003862965749535298,0.002023298414854268,0.0003169213601064901,0.0006517320504440288,0.005353059287226896,0.002373203979624311,0.007153281614872376,0.005125164546785427,0.0007527914730243326,0.0009798804531396673,0.003109147432537253,0.019823082823904933,0.0030698546378243605,0.00022490500984057138,0.0013434848985493485,0.08078302509653675,0.00720760376522408,0.026964141319117587,0.0015228173106421516,0.0034868923132911436,0.11364832649115077,0.00011519074272952335,0.00036257989878956754
2023-07-03,0.0012474358266470046,0.038832714618172094,0.000300950916929018,0.001798236804299358,0.0002146622620234109,0.004682386813272464,0.0003405726659816148,0.002267577397601584,0.01915881317096073,0.0006664601645176092,0.0038380111406131454,0.00059211760171581,0.000900699256006254,0.00034595168588205666,0.0033434182512966865,0.013126167215311974,0.0002333421293712246,0.000552871394439248,0.0004169464808077538,0.0009850597587391997,0.00043204887756763096,0.0003683785920934422,0.0003892706605953977,0.0031186762371801877,0.0004659588321081998,0.00032326974716708547,0.0003611126363090094,0.0002706172250091614,0.017743155854095236,0.0009440838884981569,0.00027414751783114697,0.0009878674643971832,0.03163426817862315,0.00023581622390952538,0.0007926228250004321,0.0013026956393393312,0.004240625939749719,0.011943329964483503,0.003132417657462688,0.001704551930178759,0.01614306077918307,0.00040279832295604553,0.00029247180523840903,0.005545279108164707,0.0003422326857743491,0.0005820537856414622,0.009895849129481512,0.000756655302791026,0.0002262682147461153,0.0024895376730428315,0.0001791640272347932,0.0060606624634984545,0.01587918063981204,0.0014881152780291652,0.0009822808216737647,0.03336989043031086,0.06970347760702694,0.00048625007369957664,0.002595758404894042,0.052578015621109336,0.0004971477980617474,0.0002068890758496428,0.007904687894724358,0.00035027561571484097,0.0004797154700857731,0.00039706580102739377,0.00029467847128910175,0.0013658898275719145,0.07308190967845547,0.03373300465391029,0.009366832384607712,0.00019645438683885954,0.0010514526714890894,0.0006025143090291541,0.0008278145506170825,0.0005087573373943545,0.0017377652812934248,0.0003551773426674447,0.0017615255850124015,0.00036926472754566776,0.0003807705583972538,0.0055558607991458096,0.002796405191992255,0.007387322883579378,0.005039662358494402,0.0006570304273095625,0.0009139184107631459,0.0027367617838320976,0.019492881274582163,0.0030279036740370516,0.0003207523526409531,0.0010072960925675096,0.0784761053996001,0.006072366864001567,0.028589760204781666,0.0017647547683479444,0.00248642974293404,0.11033518527614325,0.0001688123966202321,0.0003723534913713965
2023-07-10,0.0011155236015521054,0.03800183459919457,0.00037904992343473803,0.0014919138925891362,0.00028654334866934296,0.004872410953258553,0.0003408868591516474,0.00184000362767415,0.018037922210716057,0.0004540954062417273,0.003364723878984463,0.0006056357939895193,0.0009432641375563716,0.0003276482891650822,0.003224196548013662,0.013630760264197843,0.0002535826924079549,0.0005081944320535083,0.0003893784429105732,0.0010608822371088568,0.00039232717892022785,0.00028336323313794115,0.00040256379894483595,0.003085391922397731,0.0004730592495082701,0.0002943769869408572,0.0003263001790086495,0.0001979532801018974,0.018309013243618832,0.0008899823994004011,0.00018614780851828656,0.0009258979995692648,0.029175689903252176,0.0003236456608916378,0.0006851870754331736,0.0012503547876969979,0.003989389573797046,0.011055570095198308,0.0031534509719681513,0.001643684317642939,0.01554276192454496,0.00029737284765679893,0.00025488150933802124,0.005191577712468072,0.0002684036165709245,0.0006444561788780955,0.009647337447093757,0.0007273000433968569,0.0002448218918948868,0.0023409665415517053,0.00027878493063229027,0.005816779718486823,0.016139886442440958,0.001252872811605013,0.0010013893164156553,0.03199959001965475,0.06663712612491238,0.0004480573389244355,0.002511211276754272,0.048573354115248775,0.00041924625277973054,0.00023023694593273506,0.007434457767757556,0.00029342639038666533,0.0005509133601955823,0.0004560506676159043,0.00034044269379873373,0.0009996566458754892,0.06845862266986605,0.03240209472346752,0.008602305139251129,0.00019033240318591841,0.001030011928284261,0.0006128462350234581,0.0008750062322767066,0.0004969934948931182,0.001714797106915183,0.00041217527226195113,0.0016169422980823237,0.00036014813241780103,0.000372793599781878,0.005213147950832699,0.002739920877737492,0.007095640046147183,0.004941289023721379,0.0007018128951307564,0.0009141307620759294,0.0027320283798133007,0.01883870809398847,0.002914069990329212,0.0002273718492669431,0.0008230138087177229,0.07588020896889426,0.005811430417991732,0.02762567029285412,0.0014511290171657647,0.0021224791806077207,0.10398068840625548,0.00017449560984779497,0.0003411606257819565
2023-07-17,0.001143020493956464,0.03838249870407445,0.0002929088420958447,0.0015854792397755324,0.00023960402948111322,0.004520127414921875,0.00029420686288392407,0.0019068744644235548,0.017737870602389953,0.0005764867695299069,0.00336731367247688,0.0005310218475047862,0.0008650674922775595,0.00036442787929858144,0.0032578693222605234,0.01297815305015107,0.00028422083141653085,0.00047201340248510234,0.00045459941086488045,0.0009765165188739298,0.0004321750447723175,0.0003073732346498133,0.0003721723109354732,0.0029885803680700677,0.0005415035834034341,0.00038773837050921575,0.00038582144721720625,0.0002060440799212432,0.01751321861637975,0.0009680874270006964,0.00016935901879019916,0.0008197355885796416,0.030048162232334582,0.00027509688439696897,0.0007124905948733817,0.0012901544494605946,0.00409884175338666,0.011337187614115014,0.0031683022404035152,0.0016688513255751626,0.015609690561779117,0.0003418594168501335,0.00019257355272318504,0.005215696739280562,0.00033853688457702536,0.000773013184924485,0.00955023323673838,0.000678494332189735,0.00013765869253832161,0.00225394257135691,0.0002231759471487522,0.0061164995214677866,0.015802407865724084,0.001512290548013406,0.0008891631686648297,0.03312841999515913,0.0682105728130784,0.00047528927121410754,0.0024549331882132777,0.05049067387286958,0.0004032421391887378,0.0002457858440098943,0.0077763028856307915,0.00032873379209073984,0.0005273988828928773,0.0004946722701132452,0.0003088549967841026,0.0008299586873854841,0.06977794311290188,0.032551266408410974,0.009141734658898183,0.0002434616501024211,0.000978183595752198,0.000626254232194654,0.0008364408476861316,0.0004930957597938973,0.0017008518571861272,0.0005212641953282669,0.0014410508733298068,0.00029771187191311726,0.00024159026858695728,0.00540545533931455,0.0025338769025206914,0.007642410276430236,0.004937937457291781,0.0008729573757119543,0.0008340719179458674,0.002782350673909201,0.01888074806381701,0.003005443706232255,0.00026709458357190787,0.0008637271214902936,0.0767405712618491,0.006124373418625834,0.02868651555200954,0.001569656963951344,0.0021358356501104446,0.10605856330057288,0.0002460743777714812,0.00028356770551603056
2023-07-24,0.001076409194798044,0.0385645894664184,0.0003686226248233289,0.0018161301126516495,0.000300107424655309,0.0046039187894729265,0.00025668396976048086,0.0023440835115844352,0.018638469153297185,0.0006454074704336663,0.0031723581973539996,0.00042090999584537943,0.0010050996197556311,0.00035031135592265123,0.003387417435537108,0.013327804698883722,0.0002597212709953286,0.0004007980062035071,0.0003766660012131477,0.0010206066540340993,0.00039218782295361574,0.00033761767385397004,0.00033744946047984043,0.0028218621056001975,0.0005002350229112505,0.0002708340133392135,0.0003743726711037403,0.00024653842347171297,0.018084003072792537,0.0011211474371676277,0.0002104874649862032,0.0008830035373639459,0.029905915472947072,0.00020209070631344565,0.000703734806481286,0.0012542608010311575,0.004124617217300874,0.011329862267246131,0.00338064803820031,0.0016721770283616615,0.01627120034131744,0.00034052638718698984,0.0001728827838758738,0.005756433870960947,0.0003316670753958296,0.0007224622763690108,0.00985790801480571,0.0008099480763480288,0.00022770394470435812,0.0022041947333012253,0.0002151197670365871,0.006168856478242209,0.01594782022621788,0.0014927360082037109,0.0010327167066540761,0.03248981975434842,0.06924650250657964,0.0004405745642560823,0.0024006125090050047,0.054208280837253,0.0004656004949014421,0.00024194016296834024,0.008268509938537325,0.00028717073746659317,0.0005236291498032921,0.0003291739162478345,0.00032809204594347,0.0010835973995792904,0.07233441825145752,0.03324504297947816,0.008744810536930525,0.00015876329066100514,0.0009368455972613762,0.0005715945731122249,0.0009812890834304249,0.0006865400531287984,0.0017721993184066022,0.0003962109234680712,0.0016226676665402997,0.0003384836411347895,0.0003822203489134921,0.005350787664427027,0.002411860399487491,0.00750378855545666,0.005009227204530353,0.0007252445006904744,0.000762017074847809,0.0028500076808703383,0.019591923872447754,0.0029850443383942745,0.00032821991781941165,0.0008003059798711149,0.07807382545633612,0.006255517292956369,0.028016784785050205,0.0016368270982754164,0.0025735396946687337,0.1097982680652952,0.00011144046109358232,0.000328897479039532
2023-07-31,0.0011063621071499526,0.041170732589857345,0.00034848014437083167,0.00199429829296274,0.0002651256687123732,0.004938682815636416,0.00029897313904671594,0.0025031427611902878,0.019055094833715484,0.0006294781327307599,0.003453212110265478,0.0006032920283649616,0.00098690994805915,0.00038327344791203965,0.0034064570866868082,0.014166601427179551,0.0002106774353426767,0.000514887026502092,0.0003971252381187673,0.001097470683383872,0.00040552889113964927,0.00036877503596482493,0.0003005063949375749,0.003309262161479908,0.0004991052722753838,0.0002512531235865031,0.0003522893713367064,0.00019311512895995727,0.019276903381593193,0.0011281868869326083,0.00025975839310426877,0.0010003901866120154,0.03249988236169314,0.00027967650904966844,0.0008981986688845129,0.0014568491701894472,0.004434908447402651,0.011509659550130565,0.0036921829174895336,0.001887003448767854,0.015887336585483382,0.0002780654932201044,0.0002180029400297468,0.006218814661281964,0.00033809517059967117,0.0008713874385514776,0.011237554938942226,0.0007192953067819503,0.00035730110688745464,0.002611473266857561,0.00022007460128154355,0.007267246132604395,0.01708502066780511,0.0015644512542592013,0.0011174344355235704,0.03502701425599911,0.07480113895773008,0.00039745565526813224,0.0024474183760496084,0.05706712768609638,0.00044166553065234026,0.00016426905504601075,0.008659500660425045,0.00038025158855434693,0.00047082509548801465,0.0004165980921184969,0.0004379634428441292,0.0012528676686018958,0.07462322640724539,0.03387050599190861,0.00922676672909923,0.00019053904048782887,0.0010450643982887057,0.0006576204468970875,0.0009850104618468782,0.0006579033320878992,0.0018995872701072843,0.0005113731402394356,0.001782795779129903,0.00041141769902407356,0.0005710412297389408,0.005590362978305579,0.002834011310593519,0.007711683954039313,0.0053559641439080265,0.0009179311131597854,0.001061060373290071,0.003404100484084089,0.019465495971579545,0.003339108830223321,0.0003038638223785848,0.0009279413020332905,0.08107956488573802,0.007299139141947885,0.030061019027284572,0.00154480063571872,0.002932851279673011,0.11280673021078712,0.0001861962428815725,0.00043462308743876974
2023-08-07,0.0012474610457641438,0.0429790610398458,0.00033446423812087553,0.0022746926743817154,0.00024997220671739835,0.005404117494065226,0.00037397942818323836,0.0026941214439540127,0.01928519791905355,0.0008014402177102043,0.0037645295331163067,0.0006673673094712122,0.0009417710035387687,0.00033683503192068664,0.003402492060917351,0.014365643511711702,0.0003304757224214508,0.0005615599107056189,0.0005113986811823475,0.0012729654738540216,0.000520994341006561,0.0003138061869686479,0.0003106697771455251,0.003686388223234606,0.0005332982568878507,0.00033359281137011163,0.0004030553046237151,0.00027388988289799563,0.019355903771923387,0.0013344934440292211,0.0001937927854685855,0.0010093121501522809,0.03484788215717295,0.0002976015273805206,0.0008709115885451471,0.0014654573850697104,0.00452101655886048,0.012728137484288877,0.00420149717907338,0.0019124667228395606,0.017032616975412838,0.00037081637660945656,0.00024407741303877914,0.0066160267509755046,0.00034792783838929895,0.000859528404172053,0.01222868113089776,0.0006520315950615643,0.0003134274585616803,0.00288997492655648,0.00022262902447776087,0.008510311681398524,0.017372815360766694,0.0015803638177618391,0.0011573017725178738,0.036378511389601,0.07903578586016682,0.00047837939319854915,0.0029596659679514883,0.06049555085283556,0.0006332116964355471,0.0002322845202036924,0.009094554809785632,0.0003642943018409472,0.0005109928674601357,0.0003967079337364016,0.0004378648433797033,0.0013126925898215701,0.08021651035556744,0.03488516451003219,0.009539341510869102,0.0002223249091140614,0.0009780318282044864,0.0006664849370852578,0.0009567916491548645,0.0007472727951836843,0.002001540955981637,0.0004954115586362688,0.0018904171714875942,0.0003701173491463657,0.0006804419959211746,0.005888343604751627,0.0028971746769780927,0.008101637414622425,0.005483543925789184,0.0009725477378347341,0.001200092844890649,0.003575698237044915,0.020616346014969245,0.003936750020428632,0.0003485148461750252,0.0010521837786128215,0.08445284501871629,0.008569783483168758,0.03143003129696792,0.0016638729021410778,0.003201651920233973,0.11986718870363296,0.00014236394883332965,0.0005357304619651471
2023-08-14,0.0011686628513509843,0.043678894018346494,0.00037548408668839375,0.002127116526022884,0.00029975282932782546,0.005111750435970652,0.0003585461502689208,0.002652861478133132,0.019779736668801878,0.0008418656544284555,0.003971311253720793,0.0006866393123034126,0.0009702666526643319,0.000397558950926481,0.0034613256934494783,0.01497088116706859,0.00030237283565583253,0.0006508677529807775,0.0003690512672369754,0.0011313540297429648,0.00046321982432875685,0.00034403554297835517,0.000364915589565954,0.0037367264705897994,0.00048489033542993115,0.00043340604318390253,0.0004073979619310443,0.00021152891322650575,0.01982053917607355,0.0014793920903070907,0.00021490345497918943,0.0010873336531707749,0.03596842862281368,0.00026999617598946193,0.000936837804202486,0.001458082644784116,0.004382240729937147,0.012970485066497178,0.004430799868208366,0.0019105371899799883,0.017914297825928314,0.0003629975751911314,0.00028595885394751004,0.0068073396170442585,0.0004066997840528574,0.0008049798329585929,0.01225752805985884,0.0008593800738080043,0.00037015694069121477,0.0028749280675614973,0.00025743792630098997,0.008867543779719347,0.0177358542188849,0.001601518860678302,0.0011863714631827268,0.03671020448903236,0.0791212201042372,0.0004527775544196575,0.0029141184714337955,0.06305061876842584,0.00045965961857481557,0.00021057809093158225,0.009461469924263402,0.00034486980736166513,0.0005989516320618638,0.0004178019664365486,0.0004688379566673978,0.0013282160793208066,0.08256371031764799,0.035922180926618696,0.009767380793177512,0.0002632743601179254,0.0011509499416122897,0.0007410837189768078,0.0011813643049281954,0.0009424942539987961,0.0019256338601962698,0.0004674831080613542,0.0018972344532968213,0.00039377889621025977,0.0006023821275055451,0.005780288178981604,0.002844564732849715,0.00820955525639075,0.005580932947138512,0.0008351008954725546,0.0010402675480049354,0.003998480149143766,0.02136868761916493,0.00397861167878236,0.0003106566054474874,0.0009760157336198902,0.08965975577471802,0.00884193955972003,0.03151568734896469,0.0018771578138069393,0.0030363178066401633,0.1261309775242213,0.000252345276959497,0.0003550661566382362
2023-08-21,0.0011649946910812577,0.04277385862594158,0.0003552979898762115,0.0019209376887191518,0.0002744706545042931,0.005151110899448264,0.0003234852241081098,0.0024415427261854864,0.01947000007924169,0.0006961192805895627,0.0036999229401743867,0.0005735166997372402,0.000979764564226119,0.0003845652968605331,0.00340547699025834,0.014934430823509067,0.00022651342025484136,0.0006441430707580143,0.0004793450255371906,0.001174626099352835,0.0005005375883694349,0.00032985397625963174,0.0003811845112376811,0.0036805260907270786,0.0004949710138447974,0.00036189272540139384,0.00042800389420204226,0.0002252609291706731,0.020046220323923662,0.0014918333838425178,0.00023357319994280864,0.00104995851212975,0.034322955585788455,0.00025679922557114644,0.0008352236530924294,0.0013778487049405884,0.004328755200822437,0.01290045768771764,0.004573769633116928,0.0020325267682324076,0.017190285991764618,0.0003082539110568334,0.00019646321585658694,0.006541177239195722,0.00031338451586744646,0.001033450895665505,0.012211669756892822,0.0007576180219562524,0.0003833870435436836,0.0028167787090053673,0.0002872930182251644,0.009059919597386999,0.018116563614088074,0.0015987174581131962,0.001112637482369219,0.03586260352804327,0.07603294299263097,0.00045297623597691564,0.003183817906818609,0.06294940724987774,0.0004237747216281709,0.0002013363052515745,0.009423032450245731,0.00030846292071643545,0.0005429032869101159,0.0004130727620932573,0.0005199161674145741,0.0011477745672560146,0.08153198353696314,0.03485313608543572,0.009396427077010659,0.00016786255592910748,0.0010863724022283964,0.0006009918922840738,0.001027826495751379,0.0008514453795678161,0.001988610103116338,0.00034487057764824385,0.0017978925807061066,0.00041159831300328133,0.0007427026164890643,0.005639555935286249,0.0028802941916151515,0.008486176026261458,0.005864696408733002,0.0008881410365546929,0.0011417656863074827,0.004181112260211195,0.020782925012281888,0.0037576905880638495,0.00030796369029681105,0.0009143919282655345,0.0868439853899031,0.009176938190025097,0.030831896311158617,0.0017065690435838056,0.0029066183507297947,0.1246355445946622,0.00021715085939305682,0.0004828110932660853
2023-08-28,0.0010191051236606698,0.04284230328404556,0.0003585584813661236,0.002492564763071937,0.00026785603088288085,0.0049688880924262015,0.0004089459785541698,0.0029289483484075526,0.01951685496523318,0.0007904100290055227,0.003765360935973598,0.0006824459207599452,0.0010314170422150261,0.00037391696686294064,0.0035043123372405028,0.014609908135558656,0.000283654326630411,0.0005572948760210481,0.00046144744266988244,0.0011872382466703911,0.0004251958373644798,0.00029945477922832395,0.00035606305213229446,0.0035102505828845114,0.0006425273310897742,0.0003737300987396998,0.00041569804241641493,0.00021588676726345707,0.019767772907049213,0.0015677542995547386,0.0002305886110118347,0.0011147578106119607,0.0351584786143786,0.0002953749273559014,0.0009220614349216462,0.001228838003026192,0.004530737420952768,0.011938384886604985,0.004433691037204967,0.002050805401312206,0.01698876158925857,0.0003024906048734779,0.00018342131778054056,0.0069770247343478725,0.0003579215531825905,0.0009744972136924741,0.01264104241244442,0.0008001882275016303,0.0003155733532799329,0.0027669088905208183,0.00024626402664173423,0.00934528369425707,0.017494173560633236,0.0016169384855536037,0.0012131557687623355,0.03562000695300858,0.07975948923457905,0.0004512248635254821,0.0027615810911811207,0.06641702086238772,0.0005115439596588619,0.0002081290867932613,0.009317693881704612,0.00048620876448282445,0.0006318813073390524,0.0005046634930694847,0.0005048456506193827,0.0011802497478963889,0.0840911822582604,0.03482258155441993,0.009544769822729776,0.00017373568244804263,0.001100591419287946,0.0008004497340858038,0.0009660494982079792,0.0009336424024301281,0.0020363917810327084,0.0005514309514437857,0.0018089197189073006,0.0003763175687278567,0.0006527893904469988,0.005801154589110381,0.002949519750957497,0.008232763195544484,0.005618393685415067,0.0008110755255727529,0.0011487995194076571,0.0039275666560098215,0.020177181358446563,0.0039890057566604005,0.0002907127496353012,0.001093171740061245,0.08651844685571226,0.00942701768778061,0.030393044111344726,0.0018992275207143773,0.0033416729650161967,0.12682812332657412,0.00022912984166142746,0.0003849396788772739
2023-09-04,0.0011192429701113835,0.043425353177372734,0.00043867069644058505,0.0022490242169481956,0.0003603699929842154,0.005126280602646371,0.00040522371647090617,0.0026309466894783385,0.019729983219032705,0.000865972518373885,0.00360865483020301,0.0006335072935894603,0.001083575552258987,0.0003700731312304627,0.003727574663766589,0.014872263194813181,0.0003540849500369303,0.0006112505095277046,0.00040733574046250136,0.0012220432140495404,0.00040521339315132516,0.0003166959433905306,0.00041360177232171693,0.0035218124697348474,0.0005841137293263594,0.0003438533222650598,0.0003730683619383802,0.00024044780947181423,0.020339681823945282,0.0014542026126797072,0.00023203962560786937,0.0011488775523240211,0.0363438504975815,0.0004453125601736682,0.0009525266612289534,0.00140650519196966,0.004346597515615004,0.012540156990160522,0.004453054661346585,0.0020162890317307835,0.01739715544110343,0.0003937471619882126,0.0002551642172833597,0.006264407271518182,0.00032574616760354467,0.0010517227842546941,0.012315224436985198,0.0007983572278216913,0.0003244248217913307,0.0027093236000515454,0.0003024467087657489,0.009348242120335644,0.018110481550010233,0.001714105615043892,0.0011260164629908142,0.035974389548768824,0.08132053055070071,0.0004932357723268232,0.0027938000929084274,0.06364296771809119,0.0005701336801009506,0.00028667099673249216,0.009251666706251863,0.00044235617569056017,0.0006053574500228597,0.0004676195579096759,0.00045432873516399353,0.001160290429667881,0.08680160093365939,0.03586713882316642,0.009806388768384753,0.00020657118275531675,0.0012431027783079795,0.0007046914306644255,0.0009897556445672656,0.0008488564528188503,0.0019074338425192963,0.00045931305690282564,0.0019393125697536387,0.0004330347842943804,0.000575141368020504,0.005869208099872172,0.0029751315741944066,0.00833739675598918,0.0054584804015262054,0.0009788919824233527,0.001196286443211002,0.003630042338246366,0.020980313344911898,0.0034829747985910195,0.0003089197662119415,0.0011707602018947087,0.09014788363922373,0.009271643848563178,0.030770122720292573,0.0019248093514264897,0.0029648634145313553,0.12658331968342007,0.00019022536430223473,0.00034927137824689443
2023-09-11,0.0010070692689259073,0.0423711595863252,0.0004069075694104299,0.0015966523941197653,0.0002946407344875324,0.004771890613238477,0.00041422081163487967,0.0021344483430681843,0.01945906905471343,0.0008507356746208463,0.0032734057383972687,0.0005354271936340209,0.0009506352395728887,0.00034049589482549225,0.0033430657307018585,0.014612698352601167,0.00025983951456309536,0.00048149213455544467,0.0004910988992296917,0.0011427293037165524,0.0005340091831033016,0.00035486894498557676,0.00033334799814997197,0.0036146255363007224,0.00046137353747351025,0.0003402259336467348,0.0003329054892270169,0.00026921570017588104,0.01996202064467447,0.0015032000050528946,0.00022955291585250836,0.0009945593461569708,0.03476313827987384,0.0003294058423932225,0.0009021064668601347,0.001327451788736091,0.004197797271449989,0.01176768244350825,0.003668220394318865,0.0018192540203943322,0.016351935873368428,0.0003519256224936161,0.0002212229707567748,0.0060700821710625765,0.0002823291742391851,0.0009938253045662843,0.012347498843535391,0.0008049481890584298,0.00030685419922518346,0.002840775187635017,0.000318745364147159,0.008080633200897296,0.017899643125225843,0.0017472312498920772,0.0011681363370616132,0.03447917122406467,0.07937182068672592,0.0005559468563699015,0.002592279729000036,0.062395945222403174,0.0005535740190641573,0.00020766842434806408,0.008916959903418549,0.0003621558625202923,0.0006328155675211607,0.00045316135701542763,0.0004645827395757852,0.0011358629637757594,0.08415913844101398,0.03350233707366015,0.008922294242543288,0.00017952514594947021,0.0011737370784848248,0.0006666393398973262,0.001070515156789216,0.0010175066493546445,0.001865333119198796,0.0004906289533851777,0.001793020807789314,0.0004538332351379732,0.0005291736890645589,0.005385020225289693,0.0027342749854364287,0.0077543057439032025,0.005214195428630742,0.0008031199183553236,0.0011192087938071092,0.0033936353330510497,0.019791112608135934,0.0029406926519174197,0.00028828050906167077,0.000925229987106459,0.0855747834945371,0.008078418977470893,0.029409255462346004,0.0018960694788287286,0.002455400124312591,0.12261837893144953,0.00020416803161832188,0.00034567295035637307
2023-09-18,0.0010412872049575719,0.04349433629670715,0.00036910646810162464,0.0017880897692592154,0.00029938953150534305,0.004593640705783571,0.00038792902180779376,0.0022716422958190957,0.018627133194926145,0.0007438154684929396,0.003548465381372619,0.0005309449020883498,0.0009829834818829313,0.0003549223508122532,0.0034371334074151387,0.013984291504443469,0.0004442025112532475,0.0004494348108966085,0.000528712807858211,0.0008559955935714851,0.0005059030571089139,0.00035503413810860144,0.00027848243003692315,0.00348006500477274,0.0006046590303187535,0.0003372821551391962,0.0003645795287385078,0.00021270831751931776,0.01909667842550681,0.0014433775463903124,0.00021724353137235827,0.0009967845367883036,0.03367591218992167,0.0003317366954664184,0.0009659386841352254,0.0014303088306614467,0.0042728956990114265,0.011335725225757678,0.003962047515757102,0.0017715279716200392,0.015934634039418298,0.00035989250947202674,0.0003277131886285643,0.00650765922152395,0.00035061796981448773,0.0009158836473190058,0.012498099326243647,0.0008687023609703708,0.000278579243057793,0.0026448385008944627,0.00024223854801319402,0.008667184084037766,0.016813958391738906,0.0018518943516558659,0.0011838455751944758,0.034442556135453564,0.08044201346947498,0.0005611218316351555,0.0027021179598523764,0.061374888194436136,0.0005442841425909998,0.00019886992746344487,0.008793342553569939,0.00030155090347399065,0.0006181530376130107,0.0004743431972791674,0.000442880130511618,0.001060532251303898,0.08205696130353393,0.03346485122084039,0.00885010511192664,0.00020161515945290724,0.0010541467067973064,0.0007897902895786121,0.0010204927497633736,0.0009069416291229274,0.0019201685857085165,0.0004526065898783497,0.0016162171773382052,0.0004276080860454075,0.0005876226331184522,0.005400355626582405,0.002750988490923295,0.007767100347477639,0.005561694009780396,0.0008022431031120137,0.0010726315864968915,0.003701978227924902,0.01928740519402347,0.0032845107384540896,0.0003126664284730092,0.0009884350885981288,0.08406766395945801,0.008765328936676085,0.029489138831370193,0.0017745897098734394,0.0025482184911870104,0.11901985640656779,0.00021067819497526828,0.00041238032520456895
2023-09-25,0.0011368435862061516,0.043381355434378516,0.0004623840101586254,0.001936330053827036,0.0003423552108755989,0.005231913360470474,0.0003814836103596526,0.002337793528843518,0.019013059616722637,0.0006629912975613073,0.0032705762020576075,0.00048815841301163654,0.0010181486604776595,0.000354774848778747,0.0034581594273661634,0.014677133250796656,0.000311351647611673,0.0005144040000753745,0.0005019639883561324,0.0011230588858925287,0.0004364149807522945,0.00029898287130616783,0.0002981353622231577,0.0032860013597898006,0.0005939625108727762,0.0003965812367691747,0.0003430781822373126,0.0002328994564461129,0.019642404657194627,0.0016006735433675562,0.00019411445087669373,0.0009266012170761783,0.03419020228001841,0.0002647630811216964,0.0010678902112590265,0.0014008070331997331,0.004400587282009393,0.012278048784316412,0.0038471438161972646,0.0020258070911225753,0.015981003998626897,0.00035777029005764325,0.0002865992728944131,0.00614241296325488,0.0003271444067001682,0.0010238675516731563,0.012857345952291314,0.0007849648548956259,0.0002872579159577588,0.0025178673519857648,0.000325072065300476,0.008615081459541533,0.017309277492473886,0.0017774139817482945,0.0013032320109520508,0.03459762516290407,0.08005550075510091,0.0004504594440107629,0.0026394944268201053,0.06196737845098173,0.0005998884771751309,0.0001623874438001055,0.009153007688142471,0.000425175304492048,0.0006129477055972141,0.00047971393325443705,0.0005364469676933581,0.0010976424044519765,0.08331716726460518,0.03320877415290126,0.009428795108511547,0.00026423612993163386,0.0009001102127581417,0.0006132612666406604,0.0009894530900955126,0.0009104638274633306,0.0019552571995149464,0.0005373808536720517,0.0019273497462803956,0.0004078148975864108,0.0005619625263833863,0.005637926665726534,0.002850185213241125,0.007679861516856181,0.005170368643767366,0.000810014234995689,0.0010284280189916041,0.003412954562357488,0.01910444370232895,0.0034523137564741024,0.00026386239854646917,0.0009027715015638099,0.08320233823622004,0.00859470682019914,0.02970849543827631,0.0016358448162080977,0.002635343607102384,0.11559320275549345,0.00018895718792374814,0.00032693842192382284
2023-10-02,0.0010607775165861776,0.041957771569289044,0.0004038387848040835,0.001700627549503122,0.00032826827116028546,0.004730470414900906,0.00039312827389713123,0.0021865043738144036,0.01796318517784512,0.0005609543670974266,0.0035031841883339087,0.0004057115244347174,0.0009549345712420478,0.00031880223020598234,0.0033595936310855698,0.01372639089734232,0.00041793398263849455,0.00044755739737417996,0.0005993595150435321,0.0009597576529264897,0.00045869136168120674,0.0002966095065777162,0.00032103340975595315,0.0033239408820017096,0.0005856752513920419,0.0003703477739382709,0.000340640500527581,0.00015638381051875325,0.018414602832236,0.0015801237542715225,0.00019890730141242238,0.0009377772539719617,0.03352720696057967,0.00030779284909736434,0.000892174079375289,0.001249899587101667,0.004349346667924621,0.010783023709183171,0.0040585552883694856,0.0019916014587836673,0.015275485319374527,0.00037480744136166835,0.0002954234929536682,0.006830675380106529,0.0003205952746495836,0.001007906047731174,0.012395618741243378,0.0009033686746042892,0.0003458719845663671,0.0026049664098138654,0.0002454282905752632,0.009233919890139206,0.01654144918144689,0.0016891192454737153,0.0013448704327172125,0.03390763805932247,0.07983544258574982,0.0004456351443589264,0.002348538889945351,0.060467273838287074,0.00052966373470992,0.00017241153613909457,0.008447729054290275,0.0003836412417410348,0.0005582610479741863,0.0004177961132197211,0.0004846513721182553,0.0009295652214346558,0.08168841411596965,0.0324302566854968,0.009071653734463883,0.00017176430582764557,0.00106834520388,0.0006746231014455262,0.0009250293820933604,0.0009044901874344228,0.0017394445303441169,0.0004054721956586721,0.0017009682457230484,0.00048099463805016223,0.0005493240586186806,0.005606530470828022,0.002811757882836707,0.007360855791055282,0.0055908717280640655,0.0007631724423198289,0.0010645794416452165,0.0034439025158077667,0.018448218854145312,0.003373387442760894,0.0002782695357664702,0.0010337285447962897,0.08127601927913174,0.009363946305078157,0.028977519330698705,0.001602549766320006,0.0023033598953233377,0.11316663459437994,0.00018621026949226124,0.0003971125760460986
2023-10-09,0.0011259113726282055,0.04296027774212244,0.0004082485084082291,0.0018546605908719024,0.00032560493791054394,0.005118835022025131,0.0003838401781611126,0.00237738082997936,0.01797571221547683,0.0007046969630069775,0.003668939459271941,0.0004254119346097723,0.0009820236575472426,0.00036341486058266085,0.0034072154638128886,0.013191456104843555,0.0005008290674003864,0.00047753269819897435,0.0005004516392018879,0.0010210280037443588,0.00039121088186093976,0.00037435791223116666,0.0003337046240971421,0.0036017142256382665,0.0006442822544077462,0.0003502288288828803,0.0003209950779344412,0.0001788572906624857,0.018424907407799455,0.0014394264102458882,0.00017033290551451196,0.0010391632563977076,0.03365600538301702,0.0002897669104813724,0.0010628051704669645,0.0014436747256914182,0.004299038055666394,0.01107539955582071,0.0043160276125278315,0.0020776641370612962,0.015401724671006811,0.00036903125115039684,0.00029412164527893765,0.006137768713029348,0.0002902469583140344,0.001029121978858149,0.012958371245470581,0.0008396697080855674,0.00028483699839373054,0.0028004638350704082,0.00027027423708883346,0.009264390125921498,0.01641289867418745,0.001867008107970408,0.0010887569251641193,0.034501187934001476,0.08298041509553497,0.0004631461735486002,0.0023374097881232,0.06191955528321437,0.0004890144914860814,0.00013578541432453882,0.008796590605172086,0.0004922190389777282,0.0006073761721692606,0.0005527208513228333,0.0005021368687056232,0.0008549736447091875,0.08273847819783729,0.032771999006751734,0.009038419411710538,0.0002132665405739145,0.001040126524571735,0.0005133582399474351,0.0010477898330415382,0.0009076410188943342,0.001804039032769614,0.00037399360977902673,0.0019387231926432816,0.0004623618642156266,0.0005498472431939348,0.00567577044052592,0.0027873112519111905,0.007621112726920338,0.005519991121761458,0.0006846421258500019,0.0011804058372005145,0.0030889448309378872,0.018687836136519063,0.003620230261669859,0.00027696464631182723,0.0009679722113102965,0.08037438116212148,0.009287888861236335,0.029682814035835503,0.0017640781852351212,0.0026083833090697673,0.11211970212067401,0.0001586550175068595,0.0002900861285563617
2023-10-16,0.0010343182507598977,0.042880127490067185,0.000515669104893828,0.0023754530266782846,0.00040134952211200647,0.004337517385280341,0.0003775320367933418,0.002844046737143974,0.017143771567746553,0.0006167044076991124,0.0034911898685299403,0.0004936621385922032,0.0009763088981506798,0.0003648247003392018,0.0033089629816741547,0.013698905335128185,0.00033853925996034807,0.0004394681287497427,0.0005503109316786253,0.001050516392627639,0.0004793521481225991,0.0003314594827826946,0.00033734164494675595,0.00370930376898209,0.0005494660789568084,0.00038430049405856285,0.00030734720440052203,0.0002385237823887995,0.01840296737173147,0.0014403483368468596,0.00018475958473229418,0.0010436779075865975,0.03526821704828286,0.00019984433798771455,0.0010598144240141305,0.0011809042388177225,0.004371806218360829,0.010847265894567729,0.003755721516029339,0.001869429456585839,0.015431363860888966,0.0003857378831571178,0.000329026591150526,0.006541424465100719,0.0003347864781903299,0.0012911919979492266,0.013831880293157585,0.0009218090307086582,0.00038079855621652386,0.002892510159848184,0.00030558888507192415,0.008325446744442211,0.01642480904631199,0.00186685061877358,0.0013293073272744866,0.03386998885032355,0.08780489898002723,0.00042635085692649627,0.002457357332402517,0.06676895915602321,0.0006021696658105821,0.00014942314994166974,0.008785533658257471,0.0004080615865743252,0.0006525417546421415,0.0005992633531362826,0.0004389876076098413,0.001025444264169908,0.0868582498317327,0.03235956674543158,0.008740521884012697,0.0002435387493346257,0.001079632021486366,0.0006703759388671203,0.0011278061986217042,0.0008645831986161016,0.0018083199401628344,0.000521481782073526,0.0017772272677446215,0.00047122528342624095,0.0006318129568479426,0.005641725839864024,0.0026948788411946477,0.0076705677686199234,0.005057893203592147,0.0007469041665773845,0.0011520998929694121,0.0030306542614039343,0.01849437355870428,0.0033460289658972754,0.0002771025902459451,0.0009249939324442256,0.08159611924691822,0.00843765794678269,0.02908822737016118,0.0017209983932297381,0.003216451938439833,0.11327526616151008,0.00016763043957453787,0.00027077306401047707
2023-10-23,0.0010252524826207675,0.04571043545950476,0.0005830597971418289,0.002904429731349816,0.0005071949524668489,0.005048535610678558,0.00047691825166205004,0.0035039063072101187,0.01774706882680882,0.0006421206331832471,0.0037909908118541748,0.0006069782583137796,0.0010002426147178766,0.0003542711098328701,0.0033743236236066726,0.014454855698164158,0.00042436795085674635,0.0005514691736928862,0.0005764831183229986,0.0009172157893399832,0.000570684182744925,0.0003345725220984421,0.000365999361232809,0.003907331662216314,0.0005977263479269441,0.00038332123303004627,0.00034864994708659836,0.0001802116366556519,0.019459265976435183,0.0015451385405899256,0.00017899503059431342,0.0010562367920658052,0.04117039911853364,0.0002593047217014357,0.0013887328207352063,0.0013367715293304057,0.004496295802632054,0.010529877009437406,0.0044560177553972765,0.002031493420960262,0.015967234126405015,0.00033013613915973845,0.0002783630556223536,0.0074438818962708365,0.00031649284420729243,0.001337876080274612,0.01659914562468106,0.0009657004224795667,0.00044802634972484817,0.0030942603700945294,0.00026168260697252807,0.010611761836130669,0.017341623440022453,0.002201473297440213,0.0015349082112299543,0.03592086463656135,0.10346087733385909,0.00044623745378905873,0.0024288654941842245,0.07640971307951946,0.0007446869720788857,0.00023893427861992707,0.009635859003583274,0.0004840022263694492,0.0008651234814647861,0.000560482684232137,0.0005492783607144492,0.0014058328918465702,0.0976250720224711,0.033483593401344165,0.009222771796349364,0.000251635584168041,0.0010552222194008688,0.0006884616410762123,0.0010953919179410626,0.0009540776648661728,0.001933524781753427,0.0005924404167207856,0.0019134485263375637,0.0005775218849861162,0.0007378747083943561,0.005702911509018584,0.0030757916255503416,0.007515772897195329,0.005343693208631296,0.0009045951681718087,0.0012096565683277964,0.0036114381902708804,0.019120345227298444,0.003988968135348294,0.000326172777891488,0.0013225710846227802,0.08791713581455537,0.010677049724923015,0.030794596893475634,0.001624959444070732,0.003987549979021827,0.1199127090211661,0.00021307909974704767,0.0003128273440467396
2023-10-30,0.0008782365118791604,0.03353258002983824,0.0003685692479967756,0.00084253258623676,0.0003060189514287898,0.0037067100244380664,0.00033781802816495516,0.0009791334391292016,0.01509773190852779,0.0003857182587586726,0.002551026514171729,0.00040442966482859814,0.0008552738517650075,0.00034269793579191703,0.0030982437017808557,0.010857468881407093,0.00024064508307328685,0.00041827833210256627,0.0004183605170348955,0.0008610308375255253,0.0004704132860059462,0.00023176768338070556,0.00025962936647012165,0.003613628740725588,0.0004670627393654206,0.00019408256880752182,0.0002748949211152024,0.00013716044589502595,0.014992212366482828,0.001174077289975749,0.00016592716030537885,0.0007537892129172351,0.027690130708989694,0.0003022469614633589,0.0006701516704778584,0.0010705478031358905,0.0040486113415338495,0.009058566187224,0.0023867329713318066,0.0014052139959698144,0.01337355245549856,0.000277199036184244,0.0001960534345405764,0.00442078131956284,0.00023646249837927093,0.0009394150616492718,0.009865677796271911,0.0007335568857251368,0.00013492900797580342,0.0028045278918337273,0.00032470609209872287,0.00554376300006389,0.0131124416566617,0.001576363468666965,0.0008854963327630938,0.02647023694151946,0.06843534614359074,0.00033110161950893535,0.0020924148799455295,0.043360811083628895,0.0005305081147262071,0.0001352040641690975,0.00719966519664245,0.0004886593957996858,0.000605290256977251,0.0004167875022413545,0.00039671544794034027,0.0006945577286703085,0.06322576955765064,0.0287128593183854,0.0077561690853748776,0.00018346504933222603,0.000941313088169294,0.00035651480105750483,0.0009248432004384414,0.0006172595297537734,0.0017335588018409485,0.0003929558904370557,0.0013243582578907973,0.00039705086748746356,0.00020585968437000156,0.00498852309871861,0.002127911928583953,0.005995718970142693,0.004142381894828035,0.0007676887576349458,0.0011598616047536262,0.00212602983903339,0.016070770806238876,0.002511638211829841,0.00024377821051256777,0.0008527740276331094,0.06698736164083748,0.005586877671071203,0.02277580925651295,0.0012665880959942097,0.00110248101441563,0.09010454943194877,0.00017491822766397375,0.00023843546657079342
2023-11-06,0.000846713678597124,0.0321845997201068,0.000455902634040703,0.0006584123535663272,0.0003608076040075015,0.003090524680642982,0.00021743277311055402,0.00060700272388178,0.01483740406831733,0.0003864348650552145,0.0025233318288957985,0.0002795275041177956,0.000873025011213591,0.0003047597704145807,0.0029970506864101776,0.00951293274504071,0.0002198501734115983,0.00038701181013706473,0.0004057429783399565,0.0008459936371828034,0.00048207636055497147,0.00023959016524349887,0.00022624428745436658,0.0034572910081544393,0.0003710526646352356,0.0002846178798782311,0.0003425272213595999,0.00012377118523635846,0.013501245675627393,0.0011556157524505253,0.00013795056311734094,0.0007343125795607441,0.02565864126688101,0.00017510381234542814,0.0005395796737709743,0.001036238038475557,0.0041045702602687355,0.008742441110325504,0.002140503914716929,0.0012970864352279863,0.013081469037554463,0.0002740515594651789,0.00016512247148591555,0.0040250644537607495,0.00018161346165107358,0.0008352396615086163,0.009010598599758179,0.0007683716025108099,0.00015240997187724795,0.002587354119032269,0.00022380911510832847,0.0047754775867291915,0.011918760706159283,0.0015723429319148595,0.0008136836973125405,0.025383307958731095,0.06321011723213209,0.00027912857193365746,0.0019432625154653645,0.039764138815879625,0.00033979254316759413,0.0001457031251426636,0.007106049939539399,0.00036356474530997994,0.0005412735361768074,0.00033795934717384694,0.00039478311646466544,0.000723680799239451,0.05946580454402748,0.028598572119203226,0.00817343888705129,0.00021772143056547857,0.0009440705327147793,0.00026719722298912515,0.0009540099127591263,0.0006657810703339716,0.0017014753388989586,0.00036305372803526506,0.0012211364816093794,0.0003793173474607488,0.00023789344891850497,0.005152858590286151,0.001858032765090395,0.006247618053147448,0.004104335240451091,0.0005436143527741614,0.0010730026732958782,0.0016543965597726135,0.015865961173401055,0.0020642222448298345,0.00022506962408731974,0.0005632918210522061,0.06467885592810822,0.004829403758069867,0.021698116874291698,0.001283245317720996,0.0006999340915194885,0.08892746703636908,0.00018131724310143,0.0002767194990814759
2023-11-13,0.0009186943877041924,0.03229686014535289,0.00035162506549393823,0.0004966470630535653,0.00028604025514533427,0.0030067860148973347,0.00025854801545661737,0.0005237709310492965,0.014856072459657732,0.0003860039239561801,0.0024672935042754757,0.000221865297165639,0.0008744862408401782,0.00032625759669095434,0.002939112670283851,0.009245181862353945,0.00031082851591336127,0.0003781888630986765,0.00045819183869196634,0.0007498410756424143,0.0004878687612541665,0.000266168351944817,0.00024411190499410242,0.003530459586644198,0.0003473482452840495,0.0002607312569247271,0.00027985599030774805,0.00015419706928962012,0.013264757695832022,0.0010039200174753909,0.00017458190947192002,0.0008115361126846801,0.025036597120247025,0.00021384392973172902,0.0005476370401600345,0.0009825082505595236,0.004101640213770042,0.008698709077509243,0.0024949571044262167,0.0013719407361738394,0.012615322982224337,0.0002789770207743812,0.0001811214041016733,0.00387251633363142,0.0002470853269207774,0.0007612156420173219,0.008379841035775718,0.0007851896811192855,0.00016609149220704129,0.002577106090828422,0.00026767213214269164,0.005344348398104019,0.011740496092653789,0.0015799168287127516,0.000867554259090223,0.02511529261834925,0.06239172995039754,0.00028723874004424853,0.0017888294159255373,0.03845559563943826,0.0003572799288036079,0.00012803723926955126,0.006685159465258558,0.0004472480465380746,0.0005703762496588277,0.00042398620571276546,0.00037848963432384787,0.0006798921636767907,0.05859244118636546,0.028392811861943222,0.00790989353821467,0.00013291970299414232,0.0009155792033350156,0.00027093691067213107,0.0009470778714941189,0.0005447729017922226,0.0016527236137798382,0.0003599988395545158,0.001201719924923959,0.00044486699552856294,0.00027547922598340367,0.005194558109790478,0.00200864458360057,0.006086268048785656,0.004066268967290358,0.0005477941345364767,0.0010732756223457924,0.0020172512311415593,0.015390771129066463,0.0021353675010436497,0.0001865716898311764,0.0005350654554194076,0.06298498759647445,0.005319375245559643,0.021512511407619457,0.0014015085362949424,0.0006002377922170513,0.08558415327029079,0.00015020508997955372,0.00026930749761720166
2023-11-20,0.0009150936867128593,0.030631708999808206,0.00039115824475620674,0.0006344315324236618,0.0003145958849129441,0.0027224507762610454,0.00024943295865957876,0.000675951717908637,0.01379043595735515,0.00039583536739674116,0.0022519821812741194,0.00025464284516394894,0.0009155229195365462,0.00033595543296494745,0.003087153873957843,0.00895039387398186,0.00028233725871493003,0.00031996686045441603,0.0003785083034915894,0.0007457958097358019,0.00043003092986910617,0.00028628686045960707,0.00021725877078946926,0.003342279257894242,0.0003417612501809065,0.00020392783512553504,0.000286251183365225,0.00014571905720930838,0.012961149782857947,0.0008399173431944383,0.00016152291410818372,0.0006743897429043514,0.024395790344296196,0.00024870617334018825,0.0005755736769560192,0.0010129079726656574,0.0041343407669544125,0.008808032940113642,0.0023681776137875385,0.0011911110484954849,0.01288741222703507,0.000273520889885083,0.0002084714210637906,0.0036694715826276793,0.00022409540922398917,0.0009678336829524077,0.008374560003644796,0.000736548661919432,0.0001380240858924836,0.0025867065975156804,0.000280487193291993,0.005175091627266272,0.011387962377461085,0.0015158815762681532,0.0008432531941575947,0.022885474287282825,0.06148647007600566,0.0002798839129780089,0.0016401003558492494,0.03676838532566154,0.00039222986895857823,8.645099015179556e-05,0.006533473274372759,0.00043263758156582223,0.0005793899284740165,0.00038255312926464,0.0003516176156419628,0.0006820913448806265,0.05615671044326444,0.028394159701536022,0.007922560769227404,0.00015913676636817876,0.0008193575434715143,0.000275394228226145,0.0010288985206407472,0.0004900706870137234,0.0017488762306723975,0.000276085128790008,0.0011210252507639724,0.0004252261003039931,0.0003031230716458724,0.005305577324302465,0.0019472690304983692,0.005695209197411738,0.0038120484837921827,0.000548014195159608,0.0009062052168500107,0.0018501362269240371,0.01568295332690617,0.0019794055790649627,0.00020626097648994218,0.0006283654788107519,0.06246118780122007,0.005178721004431492,0.019447148608128934,0.0013541428121583933,0.0007026680546225047,0.08149881577228696,0.00017720499158321534,0.00022149839539524252
2023-11-27,0.0008030277657991691,0.02928745437782411,0.0003537930999193883,0.00016839894802395572,0.00030318138096904095,0.0028142236728467447,0.0003087577622623704,0.0002732349190862121,0.013886644448369055,0.00040133937402891625,0.002155790199418449,0.00026843064189678936,0.0008782563914868682,0.0003366786121652583,0.0029710838130472227,0.007999946253966626,0.00028438342321097134,0.000353140902148373,0.00045992259867234334,0.000649949100396697,0.0005689352745164239,0.00026360627676710435,0.00015871277833211003,0.003981348127303198,0.0003481435326661266,0.000301320334359979,0.0002748877493563893,0.00012034513918029996,0.0117147687581947,0.0008539383012400981,0.00014607825820831604,0.0006138508854325183,0.024568988788877283,0.00022687379659938956,0.0004598153617071349,0.0007725370961501508,0.004094528517332178,0.008334135048212097,0.0018261419355996647,0.0011408265668883316,0.012352028654944152,0.0002654736932341434,0.00018253544880259605,0.003300771728898633,0.0002483287986610315,0.000825877933607525,0.007837557521658422,0.0007681211366827832,0.00011662149505028621,0.0030762461069902777,0.00022853257375618459,0.004020634008999754,0.010184743847576524,0.0015995414672942813,0.0007178507859002617,0.022832909026733,0.05992902091738743,0.0003168629797093012,0.0017044023987569847,0.03359144556307474,0.0004403451542347458,0.00011575845261534329,0.006254812933846863,0.00037595443771941915,0.0005796133328735036,0.0004196768362266252,0.0003205849681632689,0.0006739451700520652,0.052353931414057524,0.027398932587666593,0.008162491290275275,0.00014172497295486292,0.000800004083758439,0.0004215358787487219,0.0012009073719154689,0.00044861270938710476,0.0016471759666685333,0.0003987495394691977,0.0010848163041541228,0.0003552338032370003,0.00021170004373695332,0.005238031809313825,0.0019150369606594276,0.005722397055535249,0.003466831417379952,0.0004968398675635919,0.001096600164443363,0.0013798828011145165,0.01503008177317243,0.0017899185333621656,0.00017333075191908526,0.0005822247872808222,0.0597724034449179,0.0042036756718540815,0.019581625842733895,0.0011703965723367925,0.0002478154495748066,0.07965578282788938,0.00016320831512987285,0.00022918626344322935
2023-12-04,0.0008622828135684458,0.029089270830410636,0.0003655460783235074,0.00010811752500740801,0.00028344229454008185,0.0022320214982330102,0.00022746325898523778,0.0002136207937138983,0.013401483831221786,0.00024711644125143,0.0022692777037096883,0.00028788922085159303,0.0008432713304783213,0.00036756509859288183,0.002836386759746001,0.008008714716187991,0.0002709159755266037,0.0003077737302686969,0.0003994902861610266,0.0005949377725907967,0.0005427885229863686,0.0002312492224021118,0.00015452141227017407,0.0037391405865798808,0.0003390693714536578,0.0001791176126709809,0.00025769415978766996,0.00015116497535263044,0.011638769572900132,0.0008404425936537126,0.00018558524541560949,0.0006142722485853347,0.024232193723695603,0.000224025396923237,0.0005234147975299173,0.0008718165325856755,0.004066434633817306,0.007877688605393183,0.0019167413523249338,0.0010780466894056403,0.01155843642806063,0.00032046595956164816,0.00021710825852580383,0.003365171876790757,0.00021449629432491264,0.000798967623247695,0.008063621460607703,0.0007057397616485186,0.0001787772500970244,0.0028436165128096617,0.0002850167994356465,0.004355061613960379,0.010275464304015502,0.0015432636891185483,0.0008978916846853045,0.021840876731901344,0.059208498438429895,0.00024972221095479326,0.00163815402623108,0.03492797194891938,0.00043571893259417916,0.00010284461741898877,0.0061545791273527484,0.0003962813165284977,0.0005879994816798691,0.0003777904632790671,0.00029677284405904455,0.0007073585908390757,0.05357716579782566,0.02655971804435938,0.008003305563893863,0.00012194125658260925,0.0007855285056680837,0.00031413426940377927,0.0011220990252289395,0.0004213744655379357,0.00173030947785336,0.00029168950500786336,0.00095406247138051,0.00034791842007863395,0.00030772074905042546,0.00504160221067842,0.001762910249623458,0.0056258956625446195,0.0034176223885994364,0.0005246138511262146,0.0011006301226120876,0.0013642142907943947,0.014059677419665784,0.002036937121428906,0.00020558799932527094,0.0006192620762837484,0.058006546568114804,0.0044941898531591345,0.018869408807599714,0.0011324583502478184,0.00015329371553224184,0.07707931138530008,0.00014532131538946526,0.00016439847441098793
2023-12-11,0.0007413319135917081,0.028704655423192622,0.0003624655663538554,0.0002634292517217161,0.00031651967312030344,0.0020953172126792607,0.00029343009108040663,0.0003453169614300916,0.0135215783385236,0.00026193446024797836,0.0020568947859786442,0.00028650995930315016,0.0008038007847681153,0.0003034581258329954,0.0027391881723518325,0.008194698260975821,0.00027446101772820615,0.00021116452064329463,0.0004947043412189605,0.0005357919126723909,0.00047833920495012083,0.0002527182018579582,0.0002225922784218088,0.0037915293078957,0.00024499056370521407,0.0002338831592536977,0.00024320825122246944,0.00012211707647545936,0.011755280179365519,0.0007577322224484942,0.00019449918743636701,0.0006321665371009272,0.025764776341470248,0.00017869801296480672,0.0005590449204477869,0.0009085989897996974,0.00401065509171912,0.008031919537901012,0.0019868050932680616,0.0009451988690686489,0.012225703690534774,0.000302776047589514,0.00018640615427684013,0.003668930779969837,0.00025239318338883174,0.0006663273614932493,0.008099190194381562,0.0007231415589995858,9.409572011717378e-05,0.0027757308301147757,0.00023372141015852454,0.004318451268328972,0.010271279127203124,0.0016260697731584495,0.0007690432967790976,0.021002710926486416,0.06081648563068642,0.0002761360780924374,0.001376630404948626,0.03360842311185941,0.00048143821407700904,0.00016790447150143414,0.006298744458406488,0.00033642778612124095,0.0005802613583254205,0.00043400529279304074,0.00027262622069062467,0.00089456210396199,0.053082201167882634,0.026771017919563156,0.007907900371834165,0.00012027932772186232,0.000744079939999033,0.000328898151296167,0.00117791457469558,0.00038447976543948406,0.0017035736704882304,0.0003554647270239382,0.0011114073311809883,0.0004807929279388355,0.0002004589658043879,0.005110601463468412,0.0016341658079986033,0.005198533417830505,0.0036801467475316195,0.0005569299559846728,0.001098266551285033,0.0015955165294818077,0.014673630808179372,0.0021552638909171536,0.0001968921165674649,0.0007348839346175083,0.05904496612619008,0.004407456601531583,0.01788220809637555,0.0010782236227536292,0.000337206265602138,0.07667728785730668,0.00017243797247166816,0.0001906684157499141
2023-12-18,0.0008264938895759449,0.030353356330945908,0.0003960334875218384,0.0003851768314265913,0.00034597151570073975,0.0022883166415068705,0.00027969851442565983,0.00037906315043979236,0.013696371270703441,0.00034201245153062907,0.002143372001083796,0.0003609933935221281,0.000856210592663302,0.00030215096913158764,0.0028976256545963884,0.009914379335394172,0.00029476905505943624,0.00033350992470212944,0.0004666478806585339,0.0006203661671126284,0.0005410241048991067,0.0003227085736695246,0.00019267780151973113,0.0037091568985929283,0.00034605339094681,0.00022308680640265927,0.00022308519979038067,0.0001298029269392177,0.013567582893056172,0.0007416338682283227,0.00015123368092618362,0.0005795406225090581,0.026930466070712186,0.00018150794305956102,0.00047915521109845094,0.0009667797447249095,0.0040984810094540835,0.00758442777998268,0.002616837427468289,0.001164597889578037,0.012125665395156821,0.00030868079931443054,0.0002132848067525956,0.004293750025758521,0.0002679985475305239,0.001063085946294263,0.008642660005663938,0.0007308952413672951,0.00015543693391711376,0.002795980956791722,0.00023624267227407675,0.005300284377017713,0.012188057071453685,0.0017092212931753307,0.0009010841940386161,0.0201430244162044,0.06293880981038862,0.0002660703164609993,0.001392691379746219,0.036621637492833314,0.0005869636697543058,0.0001747165990211181,0.006697533438698344,0.00041280595354069164,0.0006325592665126499,0.00037670917996397897,0.0002738795705124143,0.0009196686578700966,0.0551473983035045,0.027616965077493047,0.008045881667239102,0.00014355962240706317,0.0008471996905284438,0.00030233253931003694,0.0010460894893090408,0.00037875385198228,0.0018377107451222952,0.000402079326331899,0.0010287820074243864,0.00047104885450642965,0.0003004208692456442,0.005260153720592951,0.001556389882723437,0.005259245048348412,0.003512016814905341,0.0006026473233354426,0.001008018401220352,0.002004447441185511,0.014860914752558425,0.0024212497951222652,0.00018475162498875731,0.0008747377492891278,0.06130718711035808,0.0054093201196087955,0.016997594229231316,0.0010628031843029743,0.000357391724233561,0.07806330031353881,0.00013466841050908964,0.00020226924722809188
2023-12-25,0.0008508545499373318,0.031633134728363835,0.0003469519822997484,0.0003221840496560836,0.00028530687768055614,0.0032334174332694075,0.0002877440773913519,0.0004004413168802038,0.01500705412689593,0.0003980238974186868,0.002505176485434527,0.0003112457574486623,0.0009675812577555099,0.00031804191868719286,0.003069450064372589,0.009158560121715148,0.00023847303702895868,0.0003375317476051776,0.00041840808172544363,0.0007164306822472779,0.0004263986762164353,0.0002581142007893444,0.00018346894669670944,0.0034960957632879414,0.0003663773375044117,0.00027304834910262335,0.0002702744923146545,0.0001846514650740425,0.013100290534913475,0.0007788011103739426,0.00015757725549169372,0.0007568274134713184,0.025965162435119083,0.0002074062858524364,0.0005555780731185361,0.0009403744318079879,0.004253989503812242,0.008752380641360604,0.0021219829027206466,0.0012096309193834968,0.013306397209762367,0.0003357701362260617,0.00017429258255201595,0.0042761279013890496,0.00029462337506723583,0.0009450866906258579,0.008725099339411724,0.0007686813902309375,0.00014757548525771674,0.0026697104700980044,0.0002719167796865137,0.004569573869453855,0.011527484604045053,0.0017024144939170448,0.0008665875243809157,0.0248850883659073,0.06599530906831316,0.0002664148997337225,0.0016961510865634386,0.03786282631694475,0.0004349038549562361,0.000120125816291388,0.006876487250246012,0.0005119176536242363,0.0006523846210618038,0.00043429220071917654,0.0003161532216686989,0.0008528160013118498,0.05784186857656618,0.029081383795697874,0.00836014813897832,0.00013570718687568628,0.0008371795258021884,0.0003459125128233277,0.0010144264324529711,0.0004341086901080511,0.001787091532268047,0.00038561250305306044,0.0011636810301825147,0.0003610269052012705,0.0002523816966302858,0.005420828610480221,0.001907746321882635,0.005809750688314296,0.0037459934909707337,0.0006381754921135583,0.0009777829849619511,0.0017175087739675606,0.015983717702099377,0.002011445042385639,0.00022930685616127607,0.0006386743314127376,0.06355612941838792,0.004630126800748919,0.021309981455647185,0.0012407143882265017,0.00037087128896400837,0.08340405631269084,0.00014304307180589343,0.0002522272760284359
