,0f259232e21f0c2fee6ad8d1d8f1027a,9274b3c3b5944720ff3a39acd9cf88fd,255b57e780bd487c9f2c9d8a6d98122e,81a7fd8b494dcdbef06baf399f2f6ab3,3679c0945f1a70a259b655406fc39172,456a12b90d15a721ad799e16006c6684,05b2f1f50c1ce311f0dbd14eee459bff,85e40ab41dbb322d6265279032519a63,fb99ada28bdcb8a828a19ba2293b5607,ec5c0d5f42ed96fb66f585f2072f51c8,5a238bc5400490331b6b4c08ea0fe0ab,f3b0f9ecd412b62d07cc9a0c8e80470c,f7e1531894d4de8cc0d90bc6c9ba8991,942619b5db45e2e562e61d92119ff838,94e09ab4773fbc3b2b67c2f34281220a,f0e3dfc632173c07417737b09c0ef573,05c65dfa276e4011e911260f8118f6c9,795c21f080ec8025792ef4d0dbbd8b71,af3df9ccd4174c841a11369f668d7eed,a107bcb0918d989fb9378c897e0ffddc,26946cac9ecc79ec658301e357330c5e,18583b9b1ebca580d6dd801f9dc66bd4,bca747f5e6237a7773881a0467d2e683,ccb2a8fe516433ddfb606137a178f9ed,61768dc417b2b3ede0ed37eb320093a9,0bcb8976125dbc200aaac6e2843288d3,9f787e7ea88cf6d08f0a84ff9671c365,c4c7efcae8d0827a8d07ca016a3bfb6a,b08119580a4f62b96c89326c2e32b695,0da4b490e41e0fe2c7df72f01af5ec50,a05ee4cf2d1de48475756e7a2d0a7cf1,a693b13a81f3e3d78eca32b7cc36b60e,c6424732171a02f1c1062f50c3a73a77,cbaac4719cd0e31524598d62fe31fe48,27da4027d84eff5adb55c509efaafbe0,ff9858a350a257210e2851650a7cd6d2,565b7097a474e2e3750586bd4d6b0bb5,23edc5ff51cfadd333466861a4e1ea38,c5d9c0b2012bb566a6a73b4d9e07fe86,1f56c874da3dc7e3bed7f8f6529b64a2,ae6f5f4d844a09b756dc601df2c1e8d9,36493d4cdc4c7a595e50be5d6c71f09d,dd131a05ead3e4f70b991714a54de5ab,cfe26d6aea9efd71c5513cd733043333,7ba28aba612a440ff8dd711262154f44,2a73e11492c29b7696d32cab40401a30,3ac8acc7e11bbe6772fddad237e51d2e,0d96aee679fac13091dac1b352b9485f,630ee7e776797db7d8df48faa23d5a65,9c0a5f9ef978de85871f0df5f328cc04,762c8c28af0cb9ae3028f33c1520a885,0928147d7fed5d2704e5864f15310df3,2e300d5b9ced3d6eb1bd338e15f42705,9b0f782fc5e61f4bcd60aec45a951907,8c1269604d51124eea733d76d969419f,71e83ca83dd815fb28599128e3923a04,2e207747b7f6ba4806dacd5c8eefb008,47251289aa301e5e085ea87168b93c5b,d774007926d300cfdc0af21fd17631da,a755c8d149dbfd8145d7e0970920af69,0e9ec21c9c1d75db573e64780f4bdc04,c4c87cc56c600398a547bf1d240bac4a,876d491f272ea12d93db7be1c54c1e5e,f4010791f0c5aa854730550435ca5837,d73f5beea409541bfeaa2095570c500d,3dd952e6eff4eeed1f99f883d7760558,ea594b4481ccdee2d7ed446a2a0ae272,e853197616422fca1c71e49cdd101657,32e418063c86b6aba3701f86f27b15bb,e47da797deb91bee9d49736f2c03f5d4,200d22d4f0b96478bc89e527590483df,ce1dd76e18ef0012011b3032be8a83fe,72cf8a1a01fb55ce2780a3fe0f8038d1,5402c87773c8c6cb257b4394b0717185,281856e1516923676b43bd418e6f25a7,9c863871d4cf0e4b25504375945feaa9,7fc85a57ec35f1b6145953e32a673446,67c5e92a315327f8188d2c91faf5c3a1,1ba20e49a934c9f63888c0aca2e3bdb0,106479e4024061d5093f0dcd23bc6cf9,179d05e99c44e629c8e68aef8ee71784,e2a80f87817bef0d96786c7ce389aed6,8597f5e4b5aabc29c6fc71c001a9303a,6a3dd1d0444d504a669c0825857a9074,fe5f4acc019e16ac5a920b1014cc7229,1ccc72120e9ca6b9c58c97c139468900,7342f68949be41c06eb30d3be1f3499d,9d5cf228e9ec57d97be4213c970d5621,a5b2dafc7f7a3eabaaff5f337f5a7d42,796b462f075af0b2fa608735085c20e9,668beb724f47e5a18cece4da0cfd0a51,a2a8db06139e5d8b33b9696c575f0414,9a6473062b1e797bcc9732f0c9a07849,cae432c95e5232373cb67ff90e7793d8,19f6997d3ba451b2bc8107503d70ab73,83e59a57e4575c3cbd02a8451997959b,5876cef9666eaf04c8dda83ec6c83a60,66b960536d4f8c72e04621cc3b3cf8e8,cf83b57ee57ce2ce8c9cc50781da2080,13e68590206aad4467ab4aa1b71406f6
2023-01-02,0.0005481192816194343,0.02793978435148344,0.0003936840690721727,0.0010168033023294787,0.00033577936835563107,0.002878059910834816,0.0002765648618623315,0.00126647568744956,0.015361441678964676,0.0004664925859463234,0.002404752953938891,0.0003667749264022868,0.0006529717824542727,0.0002635187471767442,0.002071549485207961,0.008497948882792844,0.00023428389381194615,0.00029497798915603733,0.00044277648316724675,0.000701861042020584,0.0005614998821438342,0.0001626757724953049,0.00022960032643893632,0.0037855362840748955,0.0003206764801965356,0.0002308702957242626,0.0002044411999432283,0.00015587359723987743,0.011949053736423125,0.0005867083766109319,0.00017916192977698997,0.0006473787763915721,0.025924108698491422,0.00019306675276694333,0.0007267696514502487,0.0008594506298851676,0.003715737947913666,0.008777152875124403,0.002307286333304977,0.0011633267819653257,0.010084851362023854,0.0002525354928388777,0.00021195606649907539,0.0039394286842519164,0.0003078145240140487,0.0007318266474839178,0.00781323883861296,0.0008476363863747771,0.00017229755469877698,0.00291764691534841,0.0002787772803898662,0.004947884280692414,0.010551550884275118,0.0014955275328582295,0.000766743184048596,0.022709957413103207,0.06134614659607974,0.0002551783445737018,0.0017397621184975084,0.03641860592956136,0.0004666548912852022,0.00014702959814517528,0.005856331583535108,0.0004821011846272617,0.0006733823675850177,0.0004060590159989267,0.00024304399837067262,0.0008163274842172552,0.05263797950014548,0.022140326130765473,0.006762826133328993,0.00012751310263467495,0.0007346739333256966,0.0004077900546630045,0.0012023411488990775,0.00032187526450209926,0.0012913090411418725,0.00036410161662504804,0.0010633494589372865,0.00046801697839280766,0.0003140247572912892,0.004486633855686306,0.0017718231727251333,0.005035803374829626,0.003226372879334337,0.000592236526175704,0.0010584251801668968,0.0018965478912986464,0.012183842081578949,0.002154974378042963,0.00017646011692367704,0.0007106815302425841,0.05403368194242257,0.005007192667352401,0.019795575711698547,0.0011608361977574764,0.0013856953309079917,0.07475987095008627,0.00026752352983049033,0.00018028434574971565
2023-01-09,0.0005209259599316173,0.02743150785429436,0.00037669036020070184,0.0009346616457397757,0.00031402540029987935,0.002746910015502247,0.0002814062964255293,0.0011912445257954414,0.015472832625158474,0.00045293301715098406,0.002437834069384802,0.00036668262318434404,0.0006779141776873021,0.00027273064668653115,0.0020855913708544044,0.00861567614110736,0.00022172090434370228,0.00030405925742199244,0.0004118615488331676,0.0006966760567884652,0.0005695761362987173,0.00017816542516241633,0.0002429954746909307,0.0039366607283244206,0.0002966600091579945,0.00023077130202507206,0.00022759593997959755,0.00014226071063775227,0.012040800055348706,0.0006019536432372159,0.00016899218543421182,0.000633787344658821,0.02583807211982976,0.0002067034624724065,0.0007301664961053475,0.0008585659779109616,0.0037660960761733138,0.008840498325578244,0.002113551807415192,0.0011478470149103926,0.010061031823412076,0.00024251830913901378,0.00021450369361272593,0.0038499617274685015,0.0003110922724738139,0.0006962870629250862,0.007826531878513999,0.0008326553610436219,0.00015234964933266262,0.0030618198595925078,0.000280568292331453,0.0046193543955437835,0.010658385234350063,0.001473754756345771,0.0007183038623700523,0.02243291362639712,0.06058216244784986,0.0002561032519707082,0.001721481329509574,0.035790917320389325,0.0004701395276467855,0.00012977725446239712,0.005782440149529635,0.000490200710282183,0.0006780748363944387,0.00038305967918997395,0.00023980845862082742,0.0007964554575517315,0.05227264316695181,0.02229400763554215,0.006911449741794795,0.00012900975027845975,0.0007517414418862771,0.0003575658834840482,0.0012281915174974039,0.00034645215079670685,0.0013400819510193214,0.0003096516088865356,0.001002937138338183,0.0004542999882469231,0.0002972261525255518,0.004507201749941074,0.0017617438085892356,0.005124615439994127,0.003165658986459285,0.0005974704891841275,0.0011014639847157354,0.0018309808069829658,0.012175111668868891,0.002075833954755053,0.00017661155183007523,0.0006983504447715397,0.05392940361537399,0.004677794833233033,0.01939501058477309,0.0011948744712974532,0.001321235220831479,0.07460656557046932,0.0002884029658295934,0.00017807790882299642
2023-01-16,0.0005533705794441789,0.027189081344299683,0.00038299085433894344,0.0009660670607734874,0.00032915973525711375,0.0027562833313532703,0.0003142574934913005,0.0012496931495666322,0.015579249966275549,0.0004687243506363574,0.002409346100762374,0.0003832507556747457,0.0006848671534113592,0.0002716003574141072,0.002119684818584798,0.008534150626476847,0.00022920056005226939,0.00028827963606202755,0.00042887946456102605,0.0006687482952086551,0.0005956920161431412,0.00019033153844168075,0.00025214113044896185,0.0038715609123034143,0.0002992249827380929,0.00023944310138259884,0.00022747634516261946,0.00014427460664775867,0.011864840171204451,0.0005600294353631058,0.00018256955539191341,0.0006149828462260474,0.025396192007882488,0.00020272838028974937,0.0007509438749983833,0.0009071962428880455,0.00389608414154594,0.008894231194570817,0.00216338173198886,0.0010885610047608211,0.010143088742721521,0.00026486872662894324,0.00022899948107802087,0.0038659643831084833,0.00032064762508777757,0.0007344057631901431,0.0075154340073123,0.000835405899468492,0.0001479558065683006,0.003025101164743806,0.00028132311678665813,0.004463809101795753,0.010566611331256174,0.0014596789446508693,0.0007423267916784276,0.02218410528515307,0.05920666660569024,0.00025486524381637557,0.0017270471592367236,0.03507220807762543,0.000479751803735634,0.0001398841751805447,0.005799039477741021,0.0005017305006622759,0.0007004369196408971,0.0003925030014536334,0.0002363591136258777,0.0008133696320255786,0.05095905644546052,0.022383999047592838,0.006945374602010731,0.00013427018685179993,0.0007103819119398068,0.00036004738333526756,0.001243442920161425,0.00032151798168970284,0.001334751044135314,0.00030567383287645933,0.0010355661011736464,0.00047640742130881177,0.00028399199627108417,0.0046326283885081984,0.001706541256821398,0.005094069376542968,0.0031938423823346398,0.0006265972838048878,0.0011171380902857656,0.001760929756912965,0.012373393354402082,0.0020480872503969684,0.00017796322315966675,0.000665214221594701,0.05369065350833683,0.004494883978092827,0.01920967503457469,0.0012495098058774154,0.001399186232561301,0.07448822414609624,0.0002927527957434974,0.00021358802212909263
2023-01-23,0.0005665049248083287,0.027893141023505028,0.0003915630381359966,0.0009545607980369954,0.00033367331880729766,0.002748920227088958,0.00030711921080402757,0.0012018209677732922,0.015603725860206233,0.00044702188842636435,0.0024047225518550714,0.0003810399731337867,0.0006814123106111315,0.0002895744543258722,0.002182414060890319,0.008449488151826855,0.0002213420662194377,0.00028029076614554044,0.00040359277042774404,0.0006914869107792459,0.000599321346618522,0.00017463158794419776,0.00023094559329326074,0.004034681014118685,0.0002970923017027639,0.00024278353632821355,0.00022815792693342828,0.0001465396996882519,0.011863130994423257,0.000527868604954494,0.00018259853489678796,0.0006226352237762699,0.025719351083303508,0.00018640735481633122,0.0007416324828266307,0.0009074662802221658,0.003910854396790526,0.008950915777611305,0.002154374512010176,0.0010977569356575671,0.010596556744158294,0.00025422171002434515,0.00021873893592357741,0.003921024428495505,0.00031610868531176844,0.0006940001226550484,0.007550341452497156,0.0008069563164639389,0.00015094431604569864,0.003106836055252922,0.00027675731894298864,0.0044262932118669775,0.010541080645589562,0.0014390893480940258,0.0007291627544475735,0.022709697795473785,0.05943336425956574,0.0002516006394136697,0.001705250181130975,0.035852322336581734,0.0005030827586662032,0.0001433744244960916,0.005873723512910639,0.00048436076133812035,0.000658352947954753,0.0003852462380058972,0.00023644916942550245,0.0007939397477051461,0.05137248959659721,0.023164064529528093,0.007060599377178484,0.00012980836904355185,0.0007590827058422178,0.00034413897952094983,0.0012734570800729797,0.000291665811161008,0.001390579137489815,0.0003037570399869103,0.0010734475350933441,0.0004375163585520942,0.000284652257040698,0.0045741167963343835,0.0017334931362863978,0.005287357854761579,0.00325415757762331,0.0005888184327643075,0.0011551446493571226,0.0017499597971473936,0.012939147114351205,0.0020153033265299667,0.00018634408960030554,0.0006893630968410968,0.054744755214284666,0.00443735881317735,0.01976512619346416,0.0012223753280929217,0.0013237621818413768,0.0758879020393977,0.00027866417019325443,0.0002168518267900623
2023-01-30,0.0006127139495805897,0.02864067172421238,0.0004215877024028199,0.0010571478416508038,0.00035645100565979043,0.002904283699751162,0.0003164245542037801,0.00134799548947478,0.0161833793917096,0.0004988151316894899,0.00247342475166498,0.0003988194607759853,0.0007256903452012667,0.0002989619663679511,0.0022676054596005414,0.008808361477286461,0.00023700398321420017,0.0002997914978472029,0.00041195005488327903,0.000708996962452296,0.0006243090291471421,0.00017677009880373394,0.00024816701266845145,0.0041118679529798955,0.00031988293446215925,0.00025610213413469144,0.00023612733212048642,0.0001506805351557779,0.012248339930364019,0.0006630334132739437,0.0001942898981525696,0.0006320731053677214,0.02630346132223804,0.0002075291187974439,0.0007509329411950732,0.0009326385103448813,0.004050050095950207,0.009234283642495579,0.002258806683849957,0.0011315589503683465,0.010559941897056871,0.0002662896227599617,0.00022845986176919217,0.004069947671122747,0.00031582650468850134,0.0007459065950850797,0.007902175143693298,0.0008550414675109624,0.00018506360872568386,0.0031675533681198454,0.0002786692702248962,0.004778801539267596,0.010892286888100752,0.0014839489829189525,0.0007504289710435115,0.023461811420075546,0.0612224856866093,0.00027559567332483865,0.0018094035127705736,0.03657395990660221,0.0005020761667419311,0.0001414635462377929,0.005916644599816026,0.000487072523712756,0.000669471006902248,0.0004062972397838917,0.0002765284667609675,0.0008587080574304824,0.052997777325522716,0.023155445000262658,0.007196542894532128,0.0001387103915414932,0.0007596462313667556,0.00038512465347524444,0.0012580066057050476,0.00037618446421658857,0.0013959882349114628,0.00030850196237311044,0.001090299774984292,0.0004493917896004069,0.0003211981010131791,0.004787396324710274,0.0018648138589487208,0.005427828656319878,0.0033612882385790767,0.0006398117596622388,0.0012618512172340767,0.0019366143541183494,0.012865979982760721,0.0021320922440123628,0.0001961153538874738,0.0007191146076858398,0.055965793667663896,0.004813041345088268,0.02037064111473755,0.0012552568652750928,0.0014996271129347196,0.07828895989846356,0.00029268344608395343,0.000241439407913781
2023-02-06,0.0006626338472469123,0.030104259966016168,0.0003899521993131665,0.001120931105007572,0.0003397522991666404,0.0030769967121644197,0.00033318091959871877,0.0014331199587144265,0.016594117268629815,0.0005166927734496293,0.0025732450222521394,0.0004335955811077846,0.000717212711923134,0.0003284631549170329,0.002454784925157422,0.009367697710332365,0.0002374583455732386,0.0003237241165912015,0.00043851653058794203,0.0007563212970697866,0.000626184341538026,0.00019278531086791196,0.0002552847039344803,0.004156927824016317,0.0003294238995299157,0.00024287381548559114,0.0002449129554963448,0.00016441058166027692,0.012957803953789702,0.0006927018740573758,0.00019876812435780416,0.0006569192118585208,0.027231802439026658,0.00022422610528659835,0.0008092442588811626,0.0009660257592328102,0.0040664289534415796,0.009705780774225055,0.0024275421038358865,0.0011801472012877598,0.01134016605435407,0.0002823040923309062,0.00023075743811087993,0.004231193315391697,0.00033088190330680874,0.0007625693520163827,0.00814951273804752,0.0008787786271232368,0.0001987340572337535,0.003172642681939717,0.0002842438992686232,0.00521424630151727,0.011536706773349765,0.0015746826418683991,0.0007535176884405858,0.02467895701032302,0.06311581214034034,0.00029838792821510114,0.001955006091961087,0.03873598983295834,0.0004998762317184011,0.00016369616449775636,0.006310341643859325,0.00048607609332281464,0.0007042164550046502,0.00040755594208700637,0.00031111559006347713,0.0008867997135067432,0.055628601310575204,0.02461389241490109,0.0073850238025083784,0.00013871345573903722,0.0007738128068235502,0.00039145464136459735,0.0012893321078992412,0.00036719126006821024,0.001430077297177526,0.00033627353506898066,0.0011357364899380277,0.0004337316776139943,0.00034168338271340016,0.004924867268226183,0.0019052368977829268,0.005711925802458008,0.003577765073067883,0.0006933264400566424,0.0012493462753670763,0.0021045883178538462,0.01382762061397512,0.0023097903944208622,0.00021356275098298133,0.0007528596686772615,0.058833487581293004,0.00524106839280311,0.021398015204736217,0.0012521269206752512,0.0015913124445246119,0.08213706961756541,0.00029778315743597423,0.00024340653608609597
2023-02-13,0.0006294263878397506,0.030658498487763065,0.00039495259527307265,0.0011359059674135388,0.00033307780041960926,0.003031378026369061,0.0003566582575807943,0.001446148527643833,0.016713583195489528,0.0005115007371476541,0.0025935150572479956,0.0004444425155306008,0.0007415637409202369,0.0003150618498373904,0.0024815689287840245,0.009747670348901474,0.00024394764558389903,0.0003263240898054026,0.0004176482768140773,0.0007835235661582371,0.0006340070620573223,0.00020347963707313845,0.000276435355508811,0.0043349675727044346,0.00031276128713759966,0.00027975057900125677,0.00026208064186262103,0.0001592743941047521,0.013448381889526892,0.000667391061711057,0.0002005299926609359,0.0006663174280573319,0.027815658210149842,0.00022592768733513416,0.0008398062907137347,0.0009581881781047191,0.004219540619095601,0.009877485369634875,0.002397066081199857,0.001280806319563361,0.011872342940430044,0.00027278828942223893,0.00025205882494239715,0.004283691723655713,0.00035638993310804247,0.0008130408148634316,0.008641445055160919,0.0009660943522031874,0.00018004084080576276,0.0032805117295240933,0.0002688086136270016,0.005164267324954038,0.012019641488918308,0.0016487370696076774,0.0007903953919541259,0.024940608311172386,0.06402639912009628,0.00027994157248084747,0.0019940986605046255,0.04010374699499087,0.000490720340100002,0.0001688699481702881,0.006577313674831627,0.00047070455051115127,0.0007414705200866259,0.0004194612672227044,0.00030942021750847047,0.0009213977979649528,0.05671528447180824,0.02576951465843653,0.007646764534710093,0.00015266522900788724,0.0007917806543122012,0.0004047471261769799,0.0012756718661667342,0.0003567775142262878,0.001522715532986972,0.00036451806839720547,0.0011669884039485774,0.0004446672922077504,0.00034314128495971136,0.0050461264688544385,0.001876608035005372,0.0059277498521129925,0.0036511991254817243,0.0007160734452205884,0.0013270235296817317,0.002153223475364197,0.014594610725366596,0.0022730653500100837,0.0002125280483130135,0.0007943732977407379,0.06111410223146525,0.005237397819412466,0.02155738919262931,0.0013093305143483368,0.0016167119451427896,0.08585568671004078,0.00027932586028123793,0.00026265474804038123
2023-02-20,0.0007238927402818953,0.03269379144842678,0.00040828018207429885,0.0011804660523385456,0.0003570614491395011,0.003382196510950261,0.00037520456215936026,0.0014472531049109622,0.017502000834708518,0.0005643742221514447,0.002720159444060866,0.00045553027387755523,0.0007753837544586435,0.000314136260240614,0.0026826249472113022,0.010397641686690953,0.0002610048401930406,0.00035671852581778987,0.00046467728667871834,0.0008354667544078426,0.000627942209925191,0.00021435185117686905,0.00027691937010975484,0.0043847908427701275,0.0003612471977340381,0.0002805794904873848,0.00027696144131799804,0.00017725452119174025,0.014313456331421745,0.0008754904685040103,0.00020686218284257505,0.0007449211843621266,0.028763623438387727,0.0002194955955792692,0.0008365037948934901,0.0010220724152823447,0.004359495607708043,0.010344252706256562,0.0026274890884453424,0.0013799167649920926,0.012262361764361247,0.00028828838414845885,0.00026607982643003965,0.004664158209285336,0.0003324790152178777,0.0008400992579604162,0.009250445236722752,0.00096332148186204,0.00020201037703388388,0.0033284466155185967,0.00027592746971847937,0.005667944732075035,0.012738416765560905,0.0016932998208675984,0.000825031938811372,0.026786714793503905,0.06699182536647325,0.00029537300886910714,0.0020918492132518014,0.042963629679438564,0.0005112095340113653,0.0001640061238257835,0.006898368581596569,0.000478241857132552,0.0007687386256465252,0.0004319360363236528,0.00037788897512376445,0.0009005919943682605,0.060427684136419454,0.026405088349404676,0.007607337174533864,0.00015268563983824538,0.0008147764182819707,0.0004533969428393005,0.0012902716870835176,0.00047067824651260626,0.0016041329469737124,0.0003782508253550194,0.0012307553019324533,0.0004592680161344694,0.00035403529723956564,0.005038541084394666,0.002001912128687936,0.006312130944043197,0.003930998627817866,0.0007463357023172808,0.0013858628140512518,0.002279435365718614,0.015011891056652939,0.002500078729062368,0.00022096759083677206,0.0007949040244834381,0.06386089396380355,0.005724021634934542,0.023201731527673408,0.0014183482873812287,0.0016052437087758075,0.09055766420899494,0.00029585949476577814,0.00026320034760721103
2023-02-27,0.0007216906824214633,0.03454760658678794,0.0004258617043197022,0.0012813683789257492,0.0003603856736341608,0.003491278974423639,0.0003737203744856261,0.0015777988318261414,0.01806583387458059,0.0005409995335264796,0.0027908215589131594,0.00047399770304442474,0.000788115489176658,0.000349632096541658,0.002778828939949872,0.010804216921535862,0.0002890575115199785,0.00037725609918049375,0.00046875117607388626,0.0008701933509061417,0.0006561264450003608,0.00023753535878793787,0.00030163570536686894,0.004405401808714082,0.00037848368735373696,0.0002842321444937269,0.0002809098347479747,0.0001818557382441212,0.014925052784739996,0.0009475432732476322,0.00022333632057492482,0.0007945490906568858,0.029820106348045564,0.00024366639372659776,0.0008644336819568595,0.0010951033008281994,0.004446509158923297,0.010744861941228421,0.0028543985714521436,0.0014367858472144762,0.013206777218787498,0.0003043999633591752,0.00027071819598093935,0.0046638423153432485,0.0003389862973602004,0.0008069344228534261,0.00943100415880031,0.0009816730480880905,0.0002378824674468414,0.0033406638823645623,0.00027565891972523973,0.005881414537937186,0.013347443591643898,0.0017264489312409622,0.000847763550829501,0.02767214747951289,0.06911471154440615,0.00031551377832639516,0.0021930034921489247,0.04495642623150148,0.00047769581630303297,0.00017448023636284173,0.007274945639598652,0.00047542333435899404,0.0007527480356170134,0.00043341613162639956,0.00039497300203488893,0.0009389508945349777,0.0630265017587688,0.028206893869033602,0.008037987918632023,0.0001683570010044057,0.0008759612638372076,0.0004987437830523845,0.0013224825802727706,0.0005214379304328502,0.0016427308860408204,0.0003806984541398871,0.001250714311496573,0.00046606921949651,0.00038584261798514815,0.005324563391547427,0.0021501695828929413,0.006453992083877032,0.0041262591343467344,0.0007437438215025312,0.0014113438963598997,0.002457942351795169,0.01614237344693263,0.0026000643561902557,0.00024348816851658275,0.0008792703084301187,0.06756339293945106,0.005924918522013151,0.023886064292419473,0.0014221105546941852,0.0017712364543429658,0.09545710335535712,0.00030391598749371254,0.000268353831992718
2023-03-06,0.0007887280673834729,0.036584622524767234,0.00042637090469671037,0.001356389730680131,0.0003512260207854309,0.003687100860444186,0.0004142365755243257,0.0016969110225401982,0.01828991565529153,0.0006312977785671395,0.002944071560386971,0.00047996563489990343,0.0008422093814397672,0.0003523389751804057,0.0029340708010151726,0.01144360253503719,0.0002866537485792132,0.0003901422814382518,0.000462570658189884,0.0009028955103567438,0.0006252595261997055,0.0002524810866719884,0.00031699771890537643,0.0042625747848860016,0.0004150182350840107,0.00030835179886903863,0.0002851865872673353,0.00018435764942585376,0.015993551932818085,0.001013196541253641,0.00022811812300422104,0.0008335653078107209,0.03166992780777747,0.00024801349950495107,0.0008984680513647639,0.0011261363222695186,0.0046059208827465455,0.010859594763383669,0.0029876953597319615,0.001534701799850294,0.013791256869535544,0.0003024939537011335,0.0002724802188147256,0.004971398284601733,0.0003591883274001429,0.000915532983409966,0.010247495004926546,0.0009665663570956539,0.0002622871385423586,0.0032158231266332755,0.0002718461189501217,0.006335350275156738,0.014246239317152319,0.001744643923995566,0.0009322936866729968,0.028650725765083044,0.0719979304352724,0.000322274055034251,0.0022406872167340655,0.04853235355323654,0.00047870147276319133,0.00018092808183765033,0.007605246868610806,0.0004802800030195153,0.0007764574643175972,0.0004561800984759216,0.0004232369040925443,0.0009240151330455912,0.06708256747200292,0.029332204016137297,0.008529143681564065,0.00017999315317199097,0.0008833506059143539,0.0005381594029475142,0.0012524744139088442,0.0005399124787749832,0.001693540985847659,0.0003836326612660421,0.0013171067755259522,0.00048538052602870507,0.00043871021172308983,0.005612335036759357,0.0021583428887072447,0.006628285236050508,0.004471259338477675,0.0008088098657885254,0.0013566671604735357,0.0027059470255438806,0.016792300209485946,0.002703406834950399,0.0002545432627013162,0.0009052558455126386,0.0709532894080422,0.006373020955575679,0.02471912894770356,0.0015309940423942632,0.0018841069296144353,0.09954907146975947,0.0003116753857702366,0.00028296984746350225
2023-03-13,0.0008396117996542299,0.03831255126225293,0.00040866439640850996,0.0014536704069113412,0.0003388261677413271,0.003906353768638016,0.00042414052587196505,0.001773894261903954,0.018865764657916086,0.0006724398128097331,0.0030862698857685323,0.0004963240168185748,0.0008606726350830847,0.0003588136046264352,0.003033082765204517,0.012037041742797776,0.0002960400100024433,0.00041731315822303124,0.0004897950573579778,0.0009839491376139684,0.0005582280239313953,0.0002654772224456694,0.0003324602326807887,0.004020487554079073,0.00044064857572299285,0.00032233810786563003,0.0003156306736652839,0.00020457458537046037,0.016709109150329818,0.0010340924678941114,0.00023519927173839186,0.0009255433998417314,0.0325097361749069,0.00025902035378323643,0.0009203683686381255,0.00116655544193494,0.004694483780863274,0.011273415522003076,0.003162931650938741,0.0016891902132188691,0.014717845828310793,0.00030879657677934224,0.0002890517729725777,0.00532889527971642,0.0003438400816689943,0.0009006121225475559,0.01058039581367261,0.0009782251069278699,0.00027368009991340697,0.003041890901653631,0.0002833128374730773,0.006618546486573779,0.014899453159351813,0.0017293624426809495,0.0009255513952599862,0.030576146785377196,0.07352555189792957,0.0003534206763909871,0.0024043416726417196,0.0510883776644429,0.0005137793922178229,0.00019270477084316141,0.008045363926364913,0.0004793051193409142,0.000792616380717394,0.0004471120586605243,0.000417663676703967,0.0009736446231861034,0.06968599101833392,0.03135517725266522,0.009098569998113435,0.0002008518031362268,0.0009267539540492139,0.0005959556173148945,0.0011795646365622009,0.0005720527209006504,0.00173588360431773,0.00040681975196389203,0.001438789770111023,0.0004859070436210516,0.0004653849740997472,0.005815093053580075,0.0022594729401657497,0.007141784212416992,0.004680773634377207,0.0008600010212687526,0.001273476102656676,0.0028844668458694635,0.017913317920760452,0.0028984061229311844,0.00026103278559171285,0.000940691911961149,0.07454253358237567,0.006670044796800234,0.02631727916432734,0.0015957153270171655,0.0019816056632112264,0.10596741588618602,0.000317065167371019,0.000293721942714314
2023-03-20,0.0008682491314788607,0.038614321593996824,0.00043072937119571303,0.0014925375006003046,0.0003579303456631754,0.003954411838427817,0.00038711149719365234,0.001821987577164337,0.019201996644010393,0.0006296645430693948,0.0030473588667293524,0.0005040441664285246,0.0008699835793497531,0.0003688636040914256,0.00308007806683013,0.012249568374419734,0.00028563791756429634,0.0004339016040487781,0.00045684422502075965,0.0009510042609518265,0.0004866799309589105,0.000259355151161413,0.0003007881605582417,0.0036525669499706892,0.00047146849449666617,0.0003060639796018558,0.00032419006921501753,0.00019731770599256762,0.01667203112171309,0.0010750761801516739,0.00021990308720954338,0.0008749325304573973,0.031664840915815805,0.000265699570290044,0.0008856693395844408,0.001227542744009661,0.004595937290053395,0.011640161404930266,0.0032432552471788924,0.0015723785483396637,0.014381299069018352,0.0003207485770253023,0.00025083145626884207,0.005396508974248126,0.00034116340111838917,0.0008583296005006723,0.010433821741129352,0.0008399151568907362,0.0002727217202866043,0.002782754504195691,0.00028069125815113677,0.00668269581166913,0.014924981757927657,0.0017052075616743102,0.0009011975130319253,0.031401170032284556,0.07230092101560383,0.0003592419442671242,0.0023732190864593156,0.05040034200346561,0.00048476294670696783,0.00019176662751461162,0.007840098724962082,0.000474757769296366,0.0007739941702750426,0.0004374447426242004,0.00043370139517684853,0.0009794091226522958,0.06926525535817758,0.03031730466583052,0.008482410785723874,0.0001754789130253781,0.000928038609304191,0.0005004867489941042,0.0010703397014203864,0.0006124639579129994,0.0017487015197559606,0.0003712121681905129,0.0014259643291874768,0.0004969219732257111,0.0004679039781585369,0.005436196141129763,0.0023905163380188547,0.007388208253384527,0.004684806371045796,0.0008134341074052461,0.0011210158918951844,0.002783976681327992,0.01751280250916153,0.0028965082442747644,0.00026012780110030705,0.0008934623915033296,0.07427990361164034,0.006715538514310685,0.026933724644759193,0.0016100004442673272,0.0020473520689780413,0.10490396805487989,0.0003436361834709127,0.00031190455067980807
2023-03-27,0.0009235948172879471,0.039589228558610946,0.00044624228139364234,0.0015658074350089568,0.0003677704973187955,0.004188690542546238,0.00042203324817511017,0.0019009758276220126,0.019792061174111912,0.0006555781504269872,0.00315626081202798,0.0005218401281485666,0.0008911066537882573,0.0003761866483504681,0.0031201691708938988,0.01281617194481674,0.0003014087772780315,0.0004485433758049051,0.00047618285951118305,0.000995951165074896,0.0004947136461099503,0.0002854973304442755,0.00034307883672036685,0.003556568125818555,0.0004856943014796691,0.00032619022406297745,0.00033656332241189027,0.00020392294889168795,0.017475044420727406,0.0011857219017104147,0.00023313227680132903,0.0009027739650108748,0.032963635935146035,0.0002773006119254453,0.0009081415583006649,0.0012665765758324268,0.004775437612594693,0.011923074496704168,0.003451448492689903,0.0016444401667844637,0.014984997565442838,0.0003349816692083335,0.00027380706711781146,0.005409248711199431,0.0003453657558587775,0.0009351425978921745,0.010867891870706345,0.0008573168774652306,0.00030747748780326584,0.0026562408894881457,0.0002834132678941844,0.007288104366179846,0.015696662002748444,0.00174714254931207,0.0009519231915171712,0.03185970073979357,0.07443964925617239,0.00035958266916447383,0.0024597689436768586,0.0523565175398529,0.0004780628761523255,0.0001891751491665849,0.00813514172915068,0.00047443972968952625,0.0007826041072265991,0.00045988815262252447,0.00047688697248767994,0.000980974214215038,0.07179744346335191,0.031339831142934635,0.008951915834428205,0.0001867685559105404,0.0009847366592458393,0.0005797524983321683,0.0010590080201602569,0.0006647469683208395,0.0018073252746200422,0.0003789056217725533,0.0014236043771143944,0.0004894262540213114,0.0005069350113429723,0.0057900766190587555,0.002523764630637594,0.00743572599140287,0.004911682889015448,0.000847247503821929,0.0011453771599717224,0.003023556701913099,0.018237322739276904,0.0029815769529959023,0.00029187964817143047,0.0009358304902281858,0.07668973784941181,0.007340761120858715,0.027341744018567895,0.0016813940416638608,0.0021355024385223452,0.10882329788387217,0.00032417169724419277,0.0003148883581416428
2023-04-03,0.0009304281029109284,0.040252910647734313,0.00043254551648061934,0.001580661406900572,0.0003673181323318655,0.004163075338357063,0.00043240385235729785,0.00195601411700635,0.01933808851758142,0.0006525395007070254,0.003214915838478621,0.000504829213086633,0.0008588866971582789,0.00039784021448867557,0.0031554706390895105,0.012567066412953775,0.0003245792525532496,0.0004478406537569399,0.0004723064001412362,0.000997212021314542,0.00042077104111306696,0.0002799599741262078,0.00034051997822196134,0.0031316414599183015,0.0005306845589027523,0.00032321830155877346,0.0003400333298649442,0.00020519692350199953,0.017396024492982148,0.001125179939377872,0.00023240515447795743,0.0009421523855527017,0.03343336457895696,0.00028093354858212225,0.0009267660144795386,0.0012728606459905072,0.004709453198755537,0.011749563852904156,0.0034006427134499924,0.001746105765295289,0.015122487562876843,0.0002997513983364912,0.0002968158253523513,0.005332701234423217,0.0003527443797544682,0.000942942932306106,0.010674151997521879,0.0008371944647551665,0.0002903931415575541,0.0023483385728668513,0.0002798974992204986,0.007241337130881098,0.01555949144051383,0.0017529100845760923,0.0009561255330902143,0.031633041703646905,0.07554614423065502,0.00036673142002086176,0.002479393248377598,0.0528566977454176,0.00048459081317556814,0.00020124981352288398,0.00818925065442684,0.00047004606787458237,0.0007467860535382473,0.0004715524264907281,0.0004338201674064601,0.00104140828028498,0.07238856126395449,0.03182791550133224,0.008984612855532367,0.00020327283497208808,0.0009645433994045482,0.0006028036366914644,0.0009585919372815144,0.00061070320572182,0.0017670985973788117,0.00037873144787859607,0.0015219545690231967,0.0004882817663955859,0.0005094501136886655,0.005816019992687217,0.0024026094461268117,0.007235569087781246,0.005015523213689581,0.0008735890962901915,0.0010006294769892348,0.0030783485747330644,0.018407579326145042,0.003079517881691033,0.0002779777375736192,0.0009800366507940728,0.07707427034448916,0.007311301551872832,0.027230450762970544,0.0016429633688496506,0.002195983428453199,0.10867769450241808,0.00032489817317221345,0.00032192024039118385
2023-04-10,0.0009554834896723357,0.04183079407772892,0.0004472492856998452,0.0016215759196716922,0.0003733993917443414,0.0043469621386877,0.0004264947135279012,0.0019834084301085055,0.01962260976916889,0.0006814242771996215,0.0032326707984979657,0.0005382868653123407,0.0008841764858114399,0.0003883083367546288,0.0032944585397199134,0.012962723229762805,0.00032676026958551477,0.00044795052367358775,0.0004987206213266472,0.0010447000183786614,0.0003589112331398196,0.0002806331755409298,0.0003201364519994917,0.002899342946462096,0.0005331071335693796,0.00035111642145597066,0.0003382450565969157,0.00021938572868919026,0.017854836991975348,0.0011491464082178798,0.00022221360044655909,0.0010024926365387594,0.03428647297472158,0.0002726877709831459,0.000962508842003876,0.0012630974302494109,0.004844529428160185,0.011763976645241642,0.0035880583271371246,0.0018183080743957032,0.015606710018531865,0.0003035621333948767,0.00028410108353005194,0.005745548864508231,0.0003690668669702153,0.0009749551121404584,0.010996677106079588,0.000825399944875459,0.00028494767209664767,0.0021272313572055584,0.0002901671088344432,0.007565097326618012,0.015955278985372422,0.001784561386956595,0.0010500907875321142,0.03272609885617063,0.07708823259034454,0.00038787879553418673,0.0024796804154993625,0.05507346671223768,0.0005106767912658227,0.0002019643256425827,0.008460887368072115,0.00047015762336290347,0.0007597430006401182,0.00047773944361490867,0.0004371875966568999,0.0010698062810910471,0.07459357274209222,0.03280735551219828,0.009213946712003577,0.00021217715210956434,0.0009786993266868475,0.0006428058469468687,0.0009102366962070226,0.0006204410313127561,0.0018002426110654795,0.00040791835522818834,0.0015621470817631582,0.0004951693760973765,0.0005230360933476799,0.0059447196974190975,0.002499125554672314,0.0075319729788917026,0.005181649487289204,0.0009144909537132069,0.0008991847185313939,0.0032110735026949,0.019013261467283594,0.003186190217442016,0.0002746893312175079,0.0009981491518327686,0.07955199484376572,0.007618243401465893,0.028048502661185717,0.0016897220587604501,0.0022485900165187638,0.11229300353600959,0.00036573779248658567,0.0003329910003366196
2023-04-17,0.0009929781726912585,0.041909770544886954,0.00041470914866864893,0.0017022374455292696,0.00035255554461530934,0.004425748918859288,0.00044075388010042613,0.0020337016155301457,0.019769526117426852,0.0006879124222652177,0.0033191014548635597,0.0005529656412123037,0.0009027194285343823,0.00037161778145398386,0.0033227403046655417,0.013162561792446823,0.0003479952988879064,0.0004581400397668515,0.00052842586179173,0.0010455592032079105,0.0003419317208607814,0.00027465478126809995,0.00035225260233062787,0.0030210465000754107,0.0005732777435526423,0.00035083728769009186,0.00034502939562884225,0.00022147067121792215,0.017913876616244384,0.0012557505107381407,0.00022051795853133914,0.0009865431156797328,0.03463620201743732,0.00029866864619353323,0.0009521963691434725,0.0012703671342761294,0.004901325987638257,0.011979035245440644,0.0037390615673639984,0.0018215506912586277,0.015542482830241167,0.0003341900527633486,0.00029519348245364194,0.005783382538450314,0.00035741627856330637,0.0009533356342193521,0.011050376064829767,0.0008454354420786182,0.00030897893399384755,0.002269637984237972,0.0002763932186701721,0.007977845401715391,0.015957754622871596,0.0017736669718719908,0.0010377474652932827,0.03366015474655817,0.07827043800963375,0.00039801117359329635,0.002530358662900776,0.05514732973606516,0.0005014655283063603,0.0002103455417576759,0.008413107803609994,0.00044733552221238075,0.0007500958653997195,0.0004856029742762466,0.0004566478476702115,0.0010788618047217163,0.07539623746081466,0.03271806748746758,0.009394997720478224,0.00021521805005684266,0.000936192782117775,0.0006811198071353373,0.0009486816699221868,0.000690290522947219,0.001803640871613964,0.0004245964280894556,0.0016055176831840097,0.0004728293952316245,0.0005483240050624708,0.005987604774792434,0.002542391348080991,0.0077570436217617375,0.005181526055846454,0.0008467776743889768,0.0009718970361933902,0.0032804546508022185,0.018906388037731054,0.0033522466374305854,0.00028718801110723445,0.0010107321330223285,0.07927348305729563,0.008050046626590793,0.029009538066531556,0.001714988387455224,0.0023012710807716365,0.11256825647786775,0.0003632771543826927,0.000356224627015547
2023-04-24,0.000996641474072612,0.04294825321947887,0.00042586981542789486,0.0016850373066943122,0.0003419274779889014,0.004494389181272383,0.00042016834277654197,0.002034580398349455,0.020080307979425546,0.0006843140061126862,0.003379735263532132,0.000541926218922528,0.0009416223099407695,0.0004027260928598401,0.003414968535274135,0.013361327340062231,0.0003413492761932045,0.0004909188200024647,0.0005154503251788031,0.0010638555009747964,0.0003069184560696224,0.0003089105760353034,0.0003267482686840097,0.0028684498251449826,0.0005536969735099065,0.00034450138193772736,0.0003686735982180811,0.00023124525188606733,0.018240801739955737,0.0012700853005569866,0.0002311615709428351,0.0009617998732965519,0.034687441095633764,0.0003018030328593464,0.0009500068189047226,0.0013405326645697237,0.004982778907778469,0.012438271411124927,0.0037660491721286096,0.0018360525972238135,0.015950552532092373,0.0003413653915136803,0.0003056736397440092,0.005693980745989074,0.00037012411925822596,0.0009139219228079259,0.011224925899985624,0.0008000179045707363,0.0003148157151590657,0.002129614692570755,0.0002667474447295926,0.007766308573278475,0.016230022048738697,0.0018001436516203312,0.0010493851267997676,0.03420986904748103,0.07819439068797585,0.0004031718422354245,0.00267468277611876,0.05672056709240197,0.0004847522417437184,0.00019027795783124526,0.008707469539140441,0.00047784227189437466,0.0007331247766583797,0.0004994079541663342,0.0004802525739216713,0.0010912907754609495,0.07603322784197886,0.033497305323378274,0.009176956499137717,0.00021555321946927064,0.001004632752246343,0.0006270074349161591,0.0009197356894858941,0.0007003949990013676,0.0018727505204700736,0.0004122893039847494,0.0016048340684133883,0.00048309417156443366,0.0005413192557524356,0.005926006763676689,0.002640465153940324,0.007860504732595242,0.005345487545321602,0.0008731335298353426,0.0009540132764827147,0.003295075381458842,0.019432159486052966,0.003361014846533549,0.00029512924287927316,0.0010132980725317683,0.08058224095098768,0.007818353137181067,0.029271742315687736,0.0017188924041669923,0.002334285033527716,0.11526245661643214,0.0003753119464220036,0.0003474361711404648
2023-05-01,0.0010513439768102294,0.04311143444324583,0.0004030246713135621,0.0017224503883488495,0.0003261662741333991,0.004618282315946096,0.00042266068956210153,0.0021123307825251904,0.02026885338083103,0.0007049839115011117,0.0034252705031968967,0.0005581820938552179,0.0009252952970105195,0.0003902639793872723,0.003365826518176283,0.013627726106374928,0.00035798025958498224,0.0004771049978724417,0.0005188235408086296,0.0010708259914117128,0.00031733019241827787,0.0002837406075654691,0.0003204855982042286,0.002785436258353235,0.0005904403943268143,0.00037408074357767583,0.0003591363510042506,0.00021249920347821326,0.01864993031092632,0.0012331159302935608,0.00022324940251863397,0.0010108270815668997,0.034816147853735505,0.0002863220769218437,0.0009623480592081495,0.0013785097798493903,0.004898506942574829,0.012346221530913219,0.003855464256253413,0.001874664030326066,0.01597737639513028,0.00033554377892379845,0.0003084914994196096,0.00596193621483827,0.00036370921801107,0.0009405344846513027,0.011242092520074536,0.0007857715870575732,0.00032129044885655247,0.0021132883374302847,0.0002627643059207236,0.0078770867878771,0.01669403606902675,0.001738270167745503,0.0010878156251964543,0.03452384851262878,0.07835373675763652,0.0004047000465045736,0.002577574204513079,0.057188383681155565,0.00048798858966057256,0.00019986522278688144,0.008631623232429095,0.00048029485823142563,0.000746349493939503,0.00048729853141115135,0.00044679070236021466,0.0010989589773626655,0.07719819247502262,0.03347750219126996,0.009425134300945296,0.00021654650132444574,0.0009762665625304663,0.0006749456624440041,0.0008810641335975402,0.00071237270008353,0.0018065057267327377,0.0004271038533999352,0.0016653069725832774,0.0005006999248221438,0.0005451281232294237,0.006034620295188571,0.0026503557893333817,0.00785433355373975,0.005400543170207685,0.000942231023413408,0.0009051943956038949,0.0034202855128399844,0.019428610231426023,0.0034390112019611397,0.00029402906597750597,0.0010329012698748127,0.08214454745385001,0.0079177108332403,0.029628257935057828,0.001793608519066109,0.0023890966396734464,0.11645214709826135,0.00037404697803648346,0.0003762548009598036
2023-05-08,0.00108462741055888,0.04392278834454153,0.00041871123079541576,0.0017741074360487334,0.0003441951238297065,0.004733920216471349,0.00042584200229384465,0.0021828838981981184,0.020494029226591035,0.0007053525419837252,0.0035262166523657937,0.0005839276762683321,0.0009637969404501025,0.00040520937258529813,0.003512705279103601,0.01386485341960469,0.000370709890616092,0.0004966321299045825,0.0005307255598027866,0.0010832300344074592,0.0002820527910006822,0.0003178638433149025,0.0003283598874309298,0.0025150436442343232,0.0005896042798713084,0.00037654575410661206,0.0003723140145318578,0.00022833347120184338,0.018864160458086955,0.0013179207532675286,0.0002233336820029216,0.0010448204116974928,0.03511559032162205,0.00031613851568555013,0.0009626568042106623,0.00140491996252577,0.004927430185694999,0.012600625411527436,0.00391731901214649,0.001921701892216744,0.01637858540451743,0.00035221039455373603,0.00032228642203331647,0.006049941788918898,0.00037088259762149765,0.0009494071961127779,0.011359262713286893,0.0007806975177896524,0.0003390939223790717,0.0018968398661138198,0.00027633906308307946,0.008020044857682304,0.016836731856220876,0.001721272781420615,0.0011005561321269068,0.0354612321060684,0.07904020106174835,0.0004213335446153267,0.002659835852389777,0.05824344682099858,0.0005034407567152982,0.00020884556172799082,0.008823646004668687,0.0004852292297976951,0.0007606281591169841,0.0005013909470125086,0.00044832139111718357,0.0011237511099002027,0.07831554047461892,0.03425273276381589,0.009519907444858935,0.00023105034474928078,0.0009942606165935007,0.0006916787987405142,0.0007889946824864142,0.000759438951189743,0.001781872230102905,0.00040626325355784786,0.0016980543306094195,0.0005015806975478498,0.0005632406961716152,0.006063871073348033,0.002735450781373682,0.008156514594190152,0.005534686498506059,0.0009272374412932032,0.0007728933066799025,0.0034365033053600875,0.019939992407127235,0.0035076204135937226,0.0002972100283557987,0.00102228264674357,0.08320864006645327,0.00803730695293158,0.030364158170705098,0.001798419196843982,0.0024666636309266976,0.11853966685176887,0.0003935571279544693,0.00037262582849850333
2023-05-15,0.0010693529737913787,0.044341954539523894,0.00043045439099586777,0.0017534005569226608,0.00033986512733006263,0.004645020363491809,0.00041560174607739033,0.002175051721418612,0.02042970625168304,0.0006791033329448233,0.0035580204510853876,0.0005795733912235622,0.0009253206212550105,0.00041496752731732893,0.003468124215392804,0.013772278119547255,0.0003526067271421835,0.0005001669532043288,0.0005490976549270962,0.001082790384174505,0.00024836543754456813,0.00030863534941245446,0.00032241253409594266,0.0024295548039439847,0.0005961177058938839,0.0003634341703657514,0.0003539981280218544,0.0002173795393715494,0.018810252784114953,0.0013731457541352357,0.0002228307100205487,0.0011021868218885058,0.035381737712655306,0.0003070657609417773,0.0009688736816586864,0.0013879367574138601,0.004998348011327758,0.01240684165898906,0.003971628558942756,0.001983656806883049,0.016356381075674088,0.00033412150633196534,0.0002917062190351416,0.006120320899038143,0.000363234352510114,0.0008927044353088863,0.011429117128747885,0.0007368000401241058,0.000342750529378822,0.001877463972426916,0.000272117690886271,0.008243901566159981,0.016762474210244918,0.001715638838761122,0.0010994392901385868,0.03546057427285636,0.08021703194000722,0.00043427810740530434,0.0026306536147971825,0.05859999805216327,0.0005082969054846904,0.00021098497788949946,0.008936296083585633,0.0004611597108848903,0.0007286964933886618,0.0004896619300209106,0.0004583668015213715,0.00110398202010056,0.07897238441859776,0.03428425582361279,0.00950869395370802,0.0002252651959241349,0.0010285641807085823,0.0006848440335028966,0.0008098859841514962,0.0007780267046932042,0.0018262419915199407,0.0003974121692699426,0.0017332817624958528,0.00045504243843159334,0.0005964241347113232,0.006078427982476743,0.00279176776330166,0.008099458747253199,0.005482915190281058,0.0009028816546925154,0.0007762463828225449,0.003489240380533143,0.019842962749196908,0.003474257270172587,0.000296357116777042,0.0010202048685694326,0.08348612411393569,0.008282617802739665,0.030369015682117244,0.0017775428634125747,0.002438505896698851,0.11870747580624993,0.00039537072353633765,0.00035942811520546763
2023-05-22,0.0010207512917735967,0.043793102459764394,0.00040310897571833583,0.0017120011395442526,0.0003073399272204789,0.004536449097584529,0.00039519361665296573,0.002100665249764729,0.019862423461272347,0.0006951088342801352,0.003448678748586097,0.0005531932882932683,0.0009347571143128162,0.00040317048564962924,0.003392087215300672,0.01335417846655962,0.0003145156446041204,0.0004736416085776242,0.0005311255100021477,0.0010994249363923065,0.000247262550594019,0.00030424661037502037,0.00032525233774556274,0.0025652402437439867,0.0005687721376356783,0.0003634669622627023,0.0003437230439861458,0.00021899703106363045,0.01818413889761045,0.0012402759669624995,0.00020477765787894257,0.0010567071179241948,0.03497662547578588,0.0003026268926191191,0.0009412241040665475,0.0013599113606127646,0.004951048727755005,0.012038119270662395,0.0038377730918468197,0.0019123750964098532,0.015778858607475237,0.0003450890934157698,0.00029475228282887524,0.005943361621185865,0.00034401470852239057,0.0008373415335228768,0.011185660146652987,0.0007500848958321487,0.0003171176514413419,0.0020034269620856295,0.0002547314981559469,0.007977283792567276,0.01613357132308244,0.0016619828636146533,0.0010677875418882237,0.03458423564084038,0.07897846685754209,0.00042824654067623026,0.002538153095521788,0.057895721191527735,0.0005155686015541249,0.00020285790240483974,0.00870863305508425,0.00044610348782883787,0.0007039051262655289,0.0004680563010205308,0.00042742052506629694,0.0010890881084107068,0.07718876262044858,0.03335549803151977,0.009400342596933998,0.00021497849296411658,0.0010048306904465447,0.0006769557893302998,0.0008231878462571819,0.0007181011406116559,0.0017812376676408447,0.00039417797497810054,0.0016624291237698596,0.00040369036520600704,0.0005629948124851227,0.0060569628631165695,0.0027503471582553027,0.00782193884998346,0.005437058772897826,0.0009091049279901995,0.0007922985255183219,0.0033499680375111336,0.01917943942376315,0.0033935759189543243,0.00028957924033881383,0.0009961615918152001,0.08103336827114621,0.008023111796506523,0.029580534304572907,0.0017402229405547502,0.00237988369070445,0.1151396475879224,0.00038696182235464706,0.00036150004200529654
2023-05-29,0.0010674693188298355,0.04394124349803738,0.0004085212830613109,0.0017326268554274742,0.00031801022548317713,0.004672696910361576,0.0004181353177108741,0.002119230236909456,0.020395697538457797,0.0007200474465536807,0.0035004219149310607,0.0005639415862917109,0.0009247129880410713,0.0003997613503325268,0.003470877345118478,0.013622955837704214,0.0003279751929520013,0.0004953708158378223,0.0005311844862395203,0.001123259635172553,0.00026161974290285316,0.0003005177471361361,0.00031367965437101937,0.002395027146081978,0.0006046040407304674,0.00038723278501587885,0.00036548606693321097,0.00022598602036137184,0.018459532168414103,0.0012320035002488822,0.00020336394837753815,0.0010676300659069207,0.0349824266155748,0.00031288937419592924,0.0009683214409997576,0.0013830438653087938,0.004922706676321247,0.012315168729751191,0.003909541009852217,0.001932504314369127,0.016054909889698796,0.00035620012879146104,0.0002933673302423621,0.005999370841281675,0.0003579713022018581,0.0008523814380800935,0.011120520613859559,0.0007288626390244133,0.00034666982587623494,0.0018545940706020034,0.00027550203941057995,0.007863288352726688,0.016483046149877438,0.0016619831181460174,0.0010369353813933608,0.03520153131787756,0.07848431996089594,0.00041911194101200525,0.0025674168415865295,0.058438061185602366,0.0005179542546748802,0.00021207534517320923,0.00873838654287141,0.0004895918878039067,0.0007011559073213719,0.0004663166600642816,0.0003924851556909622,0.001153625570934271,0.07768752897356931,0.03388606577020625,0.009431314175919149,0.00021128971371917326,0.0009832951433333772,0.0006601870524385263,0.0008286875459585887,0.0007334027557737027,0.0017922973419128862,0.00039194448929807404,0.0017393800309690502,0.0004397281943355908,0.0005672080817916848,0.005951737908491425,0.0027045327300910782,0.007928785206002823,0.005487712184987923,0.0009390913270750362,0.0006909185550244504,0.0033944262199202646,0.019554706364466396,0.0035166250685666465,0.0002963848091750566,0.0010068557626290598,0.08269559401619626,0.007898146299116943,0.030133908886022295,0.0018240071783152973,0.002428034696583471,0.11676289601199946,0.0003856612612762139,0.00038306291094542574
2023-06-05,0.0010519957489266121,0.043333915222148744,0.00041265405286281025,0.0017224305552255965,0.00031960996142931956,0.004568493441622511,0.0004165851143913839,0.0021054580911918394,0.019914804722268278,0.000678891674827469,0.0034925787138129355,0.0005796050524175143,0.000914508379324363,0.00040343677069390395,0.003384257619972002,0.013268293420118907,0.00032226157785641263,0.0004758298201523477,0.0005177620171789849,0.001091321604000673,0.0002530696376665654,0.000312748280873746,0.00031200986273888806,0.00244480617717967,0.0005741619982640225,0.00038494840146929084,0.00035294087522127517,0.00021671820375015062,0.018063297562511092,0.0012107779994231544,0.00020372488091992318,0.001053261354980957,0.03503743576020355,0.00031354464477204556,0.0009634818501883532,0.0013500478832475244,0.004932061142283073,0.011988889252393659,0.003897221862306651,0.00196170548721404,0.015598980724985785,0.00034000197744003244,0.0002845293122059755,0.0058810333279422835,0.00035257803330992175,0.000839817961592021,0.011078167902401051,0.0007083037813025053,0.0003236512869807122,0.0019195880082641197,0.0002829941658902605,0.007994437923390977,0.01609874525690836,0.0016196878231815618,0.0011051109657361387,0.03460933775842861,0.07824341484388507,0.0004188036494144942,0.0025136798974143004,0.057751825110354,0.0005317347920979312,0.00019892793723879826,0.008669631171046414,0.00046846613790259154,0.0006688493633420961,0.000467201162377155,0.00039518708951635686,0.0010681462798492127,0.07738936076211832,0.0332480774994235,0.009373751843949354,0.00022009024344502669,0.0009663695262574405,0.0006631730221683411,0.0008456728219723229,0.0007159140229975015,0.0016655076233512195,0.000417650182596835,0.0016912662222216463,0.00039866566098576426,0.0005701612366640456,0.0058834466708985,0.002688817190155431,0.007656844637789025,0.005434879787144284,0.0008920236547556488,0.000680012758960536,0.0033771765308599705,0.018934850672458262,0.0034571287817817343,0.00029261997219229307,0.0010020465025812584,0.08093149139361337,0.008031902003353058,0.029649104223897757,0.001759814116918822,0.002377140470414533,0.11347769328406053,0.0003898647685077199,0.00035997438842204463
2023-06-12,0.0009844517946289693,0.04220146981968825,0.00042799508254368583,0.001655016975963598,0.0003303371337936886,0.004489471186324556,0.0004101562337575249,0.0020197061186207617,0.019420353488462643,0.0006662724451915944,0.003472476927525653,0.0005818207650863212,0.0009248648697992264,0.00039246122999484043,0.003289591261491632,0.013050845408460444,0.00030540741969108576,0.0004803294850554266,0.0005091387976325899,0.0010622562140082783,0.00029909964937321583,0.00029792905556937956,0.0003015276328161317,0.0026548980027110668,0.0005759996349717292,0.00039150378445541693,0.00036271792929800615,0.0002175055564687804,0.017700893280299893,0.0012176935034823688,0.00018781185609297895,0.001064528010608067,0.03422267807599469,0.0003220233373548882,0.0009679368042248591,0.0013342420479550221,0.004902146356953609,0.011825556063801635,0.0037911613809741046,0.001929893300775887,0.015158605305239825,0.0003400903475415217,0.0002751362387357129,0.005846059718339764,0.00037567604479989966,0.000833753899490536,0.010911694037582737,0.0007787917349533792,0.0003064040001676858,0.002038761960478407,0.00027828243783094503,0.007635880768831837,0.015706176701710768,0.0016418405968398107,0.0010872628381320337,0.03450356216684876,0.07847459312583238,0.0004067659963522484,0.0024784327832245217,0.05643624608720606,0.0005359111675665116,0.0002201643622929558,0.008509277850994855,0.00046153287114645,0.0006919882036493832,0.0004736988417602264,0.0003875426504154866,0.0011162140886697362,0.07591582059550074,0.032352191085872915,0.009239638235814904,0.00021282301711846372,0.0009678048833443384,0.000694745237675169,0.0008898897969879201,0.000754375018855909,0.0017704819482603543,0.00040871341443371895,0.0017192061952107332,0.00037869386721602045,0.0005350681179075536,0.005918068992802286,0.002684897929636284,0.007743057651369595,0.005154070683400234,0.0008584083260323781,0.0008077896754718372,0.003235154564575122,0.018418295010786425,0.003393301408697906,0.00028197794620864745,0.0010057037360562695,0.07907294010598273,0.007674205626894015,0.029528418003232516,0.00175910016446575,0.002280193307629632,0.11192150232924832,0.0004259227925370309,0.000364500733257111
2023-06-19,0.000973345201121501,0.04228403671160621,0.0004276310369230395,0.0016277474078905878,0.0003139061168236908,0.004371688500801424,0.0003725031403239707,0.0020062867414885935,0.019112273552439354,0.0006477124863965558,0.0035059416099678968,0.000539257234460232,0.0009153301165491692,0.0003930891713342633,0.003252042709954283,0.012673500739569661,0.0002879331299960055,0.00046053116734388406,0.0004899072352064407,0.0010772438493111733,0.0002881902027706577,0.0002807229618724576,0.00030431691488048117,0.002706798439494785,0.0005550013164518531,0.00037797660571369787,0.0003364585075445252,0.00022629790460436592,0.01739033293814421,0.0012085547328381059,0.00019950520380704212,0.0010811018219056756,0.03423620274186191,0.0003172094188187447,0.0009277349720457516,0.0013226755955319273,0.004855928348667305,0.011651080823462707,0.0037195736819416493,0.0019367234145419914,0.015029773913158104,0.0003251591855614079,0.0002774911565212859,0.0056975050684077095,0.0003675660635376835,0.0008078967647653207,0.010793229337009713,0.0007878158299979528,0.0002781739871472354,0.002125787348945936,0.00027236670846263325,0.00742197324185824,0.015398391339080036,0.0016476617654984115,0.0010893895215736246,0.03398575243866621,0.07830374069265049,0.0004036881992794499,0.002438036411321225,0.05637767708026088,0.0005248275243765648,0.00022225571661097947,0.008463861903841472,0.0004713933757082179,0.0006678400438089472,0.000474877296884135,0.00039475536643913874,0.0011020740854663373,0.07487506558514187,0.03194263535388672,0.009189472469851493,0.00022200411784020275,0.0009721694424040706,0.0006740277995952387,0.0009121691802744049,0.0007342216928956174,0.0017651196579568271,0.00038554128661814733,0.0017199409031439985,0.0003626947451863136,0.0005176403776886511,0.0058618861125261275,0.002714476523123964,0.007600747960613177,0.005229478470039713,0.0008329768263404563,0.0008743488293975908,0.003233466975419388,0.018278553348735908,0.00328810086352228,0.0002858603330820315,0.0010277743861786045,0.07740862522509255,0.007465696480960883,0.029072383351312375,0.0016916622506274366,0.002248981417138471,0.11020486495143582,0.00039681090179699975,0.0003529839462685311
2023-06-26,0.001011270128937458,0.04194339304978399,0.00041511636038020624,0.0016816696423659467,0.00029944982422689564,0.004289403605548455,0.0003900533252294328,0.002074377957185755,0.019173335219450954,0.0006352070413114012,0.0034292040678701218,0.0005685014078342606,0.0009214643599797371,0.0004062271173131797,0.0032380043927762534,0.012560100210083679,0.0002857583589982994,0.000477999166394255,0.0005000792915200114,0.0010726120049821335,0.0003016889046249491,0.0002939955224851556,0.00030160866374423745,0.0028529896457375873,0.0005528795680668034,0.0003824458422519556,0.00036193604782374045,0.00022887432696773254,0.017222915286640033,0.0011455743808388408,0.00021259828576949597,0.0010716097531037192,0.03405911156230568,0.0003275380790993131,0.0009108465401602014,0.0013099577030198071,0.00485073958738705,0.011784214380281582,0.0036356969754332406,0.0018683214330676645,0.015248703635924997,0.0003449400273196967,0.0002842704285551059,0.005742210256675586,0.0003681659029696391,0.0008172898216112295,0.010928925340604767,0.0007952169427448345,0.0002958856017382967,0.002188437914077882,0.00026940001377980286,0.007382364466706398,0.01525013693347411,0.0016460481275540732,0.0011060155497892804,0.033539181382343665,0.07670371172718883,0.00042643754668281853,0.0024037620534842867,0.05606969866198896,0.0005408779044630894,0.00022879850008729308,0.008375327507612983,0.0004709266716948387,0.0006459765048860904,0.00046102397358863275,0.0003826863392293941,0.001095068257637888,0.07426006109942607,0.032160010465131686,0.009230338965846723,0.00019953022526135895,0.0009873073586481192,0.0006596590501491813,0.0009550855867019539,0.0006782488350124138,0.001756505740820404,0.0003966846408542739,0.0016995237934581684,0.0003732844194922236,0.0005394810438079029,0.005898334271284942,0.0026726152960582722,0.007634409799527703,0.005171041162591211,0.0008685262292412311,0.000833275173887089,0.003137642003104009,0.018518482419956465,0.003253452464440036,0.0002947564280667314,0.0009961679542788136,0.07742363741553004,0.007428833884943741,0.028614464140200795,0.001727837515343343,0.0023493599247593256,0.10988084901196057,0.0004082967351893837,0.0003711546625432247
2023-07-03,0.000959809493006196,0.040485082193129455,0.0004104184133310835,0.001531464673396476,0.0002986920661201254,0.004154875883583747,0.0003922718554572981,0.0018949338809351197,0.01890540926977618,0.0006326024912704566,0.00334650077851514,0.0005622996747048609,0.0008998680672585358,0.0003891852734719028,0.003184190198765304,0.012152486784188614,0.00029662006281044287,0.00045602164755470043,0.0005056191038470458,0.0010252774013790546,0.0003007524797445736,0.0002707563522866425,0.00032218844667289615,0.002818721974184055,0.0005453174584429142,0.0003686287114771931,0.0003354759931182944,0.00022721122179849112,0.01656689753248075,0.0010487278441801285,0.00019734835255475608,0.0010330223579926663,0.03286588242372343,0.00030892333430778394,0.000913942712389281,0.0012851461202334914,0.004812863935567572,0.011446564469736695,0.003407727431998701,0.0018126011170601069,0.014516611283327551,0.0003444097210935812,0.0002918282198292549,0.005415653401159957,0.00036140101565428024,0.0007953152971488364,0.010040946334830504,0.0008128476182618689,0.0002638311602774613,0.0022350905143224027,0.0002633860961535154,0.006901153419683609,0.01476260783542853,0.0016318534042601073,0.001055750901070201,0.032389861911913245,0.07448919172671165,0.00038180438652716544,0.002345916738041474,0.05326730609468384,0.0005089170449818684,0.000220033865608119,0.008090636933199497,0.0004714955572750256,0.0006722739235871819,0.0004574036687897314,0.0003512971801608928,0.001058169885744565,0.0708714390110678,0.031278433926767615,0.009273365531394732,0.00020123523482951423,0.0009159458745567608,0.0006286523811745133,0.0009174468630534698,0.0006209747585578693,0.0017269624336908747,0.0004123363599625269,0.0016287922044182,0.00036361714824759963,0.00047573551183791187,0.005887444679993031,0.00252790021853033,0.007302964415048781,0.0049923444017657154,0.0008555303248555386,0.0009041773846534373,0.002931858399026408,0.017786858941929492,0.003115784017197732,0.0002691480615038719,0.000948069122793045,0.07466367997887147,0.006939611716490144,0.027703314380763892,0.001710556069968291,0.0021526021036526065,0.10583395650790457,0.0004087942170118183,0.00035051818964439087
2023-07-10,0.0009795914642306348,0.03959444477534913,0.00041321858599301835,0.0015409708724466397,0.0003019130356771886,0.004114824931758461,0.00037716038045690147,0.0018720105008779987,0.018894904659703646,0.0006466120407081743,0.0033164916326870026,0.0005713853342590436,0.0009054138219669117,0.0004001688665610629,0.0031433423540208052,0.011866181893791563,0.00027157122460006735,0.00046107392844394585,0.00047611326171391607,0.0010435210637514162,0.0003485238983286317,0.00026102100568318223,0.00030127517289287443,0.0029549571721226584,0.0005298468525801765,0.0003754207354740971,0.00035318387557306167,0.00023332208827562265,0.016259027596771742,0.0010541096472099962,0.0002028509783526333,0.00107349865307906,0.0322192698580334,0.0003102079473299592,0.0009059746303827871,0.001261730197181984,0.0048032860491715,0.011597220830241423,0.003328799041331486,0.0018206202789717272,0.014706587319500674,0.0003464997550008265,0.0002724331047739625,0.005511803171918128,0.00035928045137820203,0.0007685114266842987,0.010187952879768206,0.000820026956961141,0.0002676216912765313,0.0023483222669609207,0.00025134414902009,0.006537424126547361,0.014431598370278161,0.001583535624508859,0.0010291367538967304,0.032534238385635954,0.07397674118781014,0.0003945544473315313,0.0024173906082617003,0.05300568978070745,0.0005101995256094604,0.0002260882892402749,0.008136990329919012,0.00047398892058653935,0.0006544780563888236,0.00045960929994122543,0.0003444340205931814,0.0010822827503908874,0.06959755585300631,0.031249025181535193,0.009214596992016594,0.00020438304052392966,0.0009412460353619218,0.0006424288891324929,0.0009469250149298058,0.0006501253317080153,0.0018176695047854624,0.0003904595105620749,0.0016907328800769713,0.0003638913662056327,0.0004613267631647831,0.005966426464422529,0.0025875899379766186,0.007571950821798916,0.004828464147946545,0.0008333781265273991,0.000895504114482288,0.0029098643923029313,0.01795276386146464,0.003072444751573273,0.0002742043627422412,0.0009763417815064061,0.07391745772053479,0.006590856974395535,0.02784779319742359,0.0016688148027699094,0.0021100747668435097,0.1066004299817245,0.0004184429728236427,0.0003548968775459216
2023-07-17,0.0009498580338824712,0.040095781072425056,0.0004182778249756363,0.0015377232137702037,0.0003136047345968315,0.004163384279001911,0.00037873185821978055,0.001902383143108343,0.01927593293798244,0.000605514347075948,0.003304476299955561,0.0005926139519230107,0.0009151163523185218,0.00042420055981711596,0.003230609662277367,0.012333951324135884,0.00025823372684650135,0.000479404582651524,0.00048112768033539753,0.001046155414410788,0.00037988470639754683,0.0002880664438850373,0.0003237882374418374,0.0031327959783682335,0.00050361465810749,0.00036615812638820025,0.00034425175424906377,0.00022886976322811944,0.01666003728977382,0.001040168101447095,0.0001955635034616834,0.000996775664236143,0.032306420803379615,0.00030358140085847335,0.000886962938919185,0.001283512131063258,0.004790854451883673,0.011812129313307735,0.0034287361791192584,0.0017286683423348153,0.014834642223323265,0.0003520053414079715,0.00026205880016908883,0.005495839331223771,0.00035625973814892365,0.0007713718081825622,0.010145118350172462,0.0008124016580084454,0.0002707873719775848,0.0024682043231884884,0.0002676645795160897,0.006627494094372966,0.01484477590326323,0.0015711209663097296,0.0009812047065447134,0.033082573467902526,0.07348903948103792,0.0004244902608158049,0.0024736058146605957,0.05302353731372837,0.0005202120786581099,0.00020675599663071885,0.008241448509950303,0.0004517328312895994,0.0006852276532954261,0.0004306154934173237,0.00035318929722083286,0.0010753850709787837,0.0702699637591357,0.031603909958388396,0.009008843168851229,0.00021155029448176625,0.0009496739602557763,0.0006008683457264275,0.0009877142970021939,0.0006573034848553535,0.001798868942547492,0.0003666917141278034,0.0016014423515848734,0.00036253578575617365,0.00046212958167180255,0.0058790773351729995,0.0026702380213922635,0.00767057572272308,0.004853907856713366,0.000884049573995757,0.0009321324986847567,0.002964145702653733,0.018155650168392542,0.0031095927767682604,0.0002728618993272216,0.000952494742059657,0.07553622020376603,0.006643377743925431,0.02827281994320077,0.0016658840614898777,0.002168408092949429,0.10854812062638902,0.00042725843638440986,0.0003703367666575279
2023-07-24,0.0009564602815698477,0.040348142620132456,0.00043933268733450557,0.0015234614894514217,0.0003330421233160765,0.004204925345089783,0.0004059292496975915,0.0018862343106683653,0.019505932976368205,0.0006419024194395324,0.0033277070329424114,0.0005739104692991845,0.0009305926936146415,0.0004261414155532307,0.003280897232861778,0.012412050093164784,0.00026970586690588147,0.0004516601088095019,0.00046266889111501154,0.0010422818560663085,0.00038463953213622456,0.0002890859442961656,0.0003232666653299046,0.003055703579982832,0.000501898428709852,0.00037914216943867366,0.00034826594965171637,0.00022466826207515983,0.016932022199953316,0.0010248913631107142,0.00020723860731924058,0.0010334925221588392,0.03273076105348432,0.00030391983118764306,0.0009220945243261023,0.0013070608719559442,0.004946825633711705,0.011705989425756668,0.003259670771979425,0.0018090014135112636,0.014844132127870618,0.0003435152454859,0.00027598428879281866,0.005378296777828433,0.00038386103404527717,0.000784004381122003,0.010253478327793348,0.0008575581488653292,0.00026552081115212116,0.002422372230784196,0.00028666480262015106,0.0065755649406369545,0.015172625512991023,0.0016383183191001416,0.000988893503670176,0.032919416633476695,0.07467678787978313,0.0003932099122117322,0.0025150488411128584,0.05351245841487276,0.0005666773905676566,0.00021315258912861686,0.008254906303633338,0.0004547583788248866,0.000691407188665326,0.0004575554651668787,0.00035213792196787616,0.001045993587760726,0.0714388902704876,0.03177194541984576,0.00927229147671383,0.00021584671345601782,0.0009610031549545865,0.0006063643770435136,0.0009662474019671798,0.0006363226779873866,0.0018002938932827487,0.0003636695631580192,0.0015718474534394172,0.00035167594593870516,0.00044068875907006067,0.006048959760794641,0.0026080232503160102,0.007677196639592442,0.005001344260475376,0.0008982798656096408,0.0009768843661866204,0.0029595693761430117,0.018207512971857034,0.0030562161169306445,0.0002823497778916286,0.0009444619345638533,0.07641551470110884,0.006582044535123861,0.028212457283498943,0.0017358716808858342,0.00211809419906449,0.1095952829610017,0.0004269263484007479,0.00037722384257562146
2023-07-31,0.0009749851188943373,0.0411023764933601,0.0004244783923057617,0.0015709080566221778,0.00031949035623982596,0.004181788865226707,0.0004150403269896166,0.001960692689227306,0.01961892934410139,0.0006230424395260869,0.0033232205080152423,0.0005516682870197828,0.0009281459256352676,0.000449092601383217,0.003426440071903354,0.012263127043819018,0.0002787367604861155,0.00046081161401794916,0.00047251800788158623,0.0010630687699783664,0.00041597868958188796,0.00029549023542854274,0.0003093927370320548,0.0032710134071660224,0.0004968653430013979,0.00038205463673165834,0.0003475807852694262,0.00023415239228997186,0.016677041619376245,0.0010307261666081026,0.00020650818954550448,0.0010463430900402243,0.03281845595295937,0.00032345068654837395,0.000930820616488682,0.0012812822222684243,0.005075927647146885,0.011836442319491804,0.0033957800326931825,0.0018127677559020973,0.015295033150474271,0.0003513261337342058,0.0002705438403045783,0.005577390427711697,0.00037748008129317724,0.0007736414300040404,0.01032195457849189,0.0008632303666722644,0.00027537829455530984,0.0025918989875808028,0.0002728526558437191,0.006630713812331964,0.01483600090405389,0.0015792742604110893,0.001000839216466156,0.03307075680923851,0.07416997297530085,0.00040339526438887426,0.002473122833928828,0.053645897942854126,0.000518456049827199,0.00023741692695518934,0.008425362177522556,0.0004512967983814382,0.0006949633427048249,0.0004451676878526719,0.00034747505916918775,0.0010923462543373553,0.0705626860799578,0.03270460793791494,0.009626285074808703,0.00019656979992492476,0.0009741251851781243,0.000624546129233567,0.001010038797458296,0.0006236048256934306,0.0019281810996734296,0.00040046176795180747,0.0016504805119906113,0.00035729044673014535,0.0004809325179208953,0.006253400160779887,0.0025137566532602174,0.007707028922010274,0.005066950234684828,0.0008708238240492597,0.0010951718240241317,0.0030029605397143876,0.018823680859912713,0.003112998519774449,0.00027879574805297403,0.0009567089605853598,0.07673471728062828,0.00665554888506842,0.0283579703341947,0.0016712625123503735,0.0022395021504328675,0.1106206003363742,0.0004311598646577256,0.00038573097522522423
2023-08-07,0.0010323456361298812,0.0430988756026375,0.00042481167024373446,0.0016756971261420249,0.0003141344160103032,0.004430291536752037,0.00042809608196691,0.002081053797258371,0.02042430758342951,0.0006528293207831826,0.0033765190807355802,0.0005926756873806556,0.0009571154066489676,0.0004457219144152243,0.0035239832920563024,0.013028294990939115,0.00028277935240290393,0.0004942859246473551,0.0004976371318803022,0.00113741120455054,0.0004742323324159848,0.00030396673612582254,0.0003282195743612496,0.0034784278745386412,0.0005375956955303014,0.00039358755875006974,0.00037025181237472266,0.00024621255259703074,0.01762878270065347,0.0011298292928390245,0.00021531716944630768,0.0010867835607030975,0.03423715628281452,0.0003238648793493167,0.0009829675786290173,0.0013237893574818667,0.005224709401564099,0.012437483240906903,0.0035659762828159887,0.0019076146496304883,0.01580159315599748,0.00035486787937128215,0.00027396206540621673,0.005824171522636993,0.0003916489416588511,0.0007915471158441527,0.010934085971732711,0.0008848002855076195,0.0002978757442505904,0.00276698475516381,0.0002820484067864927,0.007045389380877099,0.01577470771846811,0.0016359187792075198,0.0010105369306174091,0.034391707871867586,0.07709991209418508,0.00039538480175589934,0.0026426464434221872,0.05650194019811286,0.0005167083750975474,0.00023624448124860416,0.008782348447675621,0.0004863503200356243,0.0007168745437615557,0.0004558500349930346,0.0004011970306378473,0.0011526366704894672,0.07436102167071214,0.03376479598259441,0.009768280596452442,0.00021205048145780933,0.0009762412678550843,0.0006414936652284802,0.0010632949691527103,0.0006780254455282944,0.0019683507331446784,0.00041668882561273185,0.0016940058023659505,0.00034597428949405344,0.0005046598959199655,0.006307077619399719,0.0026025279996261617,0.008033674557240859,0.005352197902719841,0.0009387160899997997,0.0010869952186423793,0.0031674778505753876,0.019391478109587922,0.0032595358719583814,0.0002936448545513425,0.0009919836090972465,0.08060386886870907,0.007092301912623835,0.029494979024421206,0.0017564745580811426,0.002383201043958131,0.11566830072135996,0.0004388830200882784,0.00040056104822146785
2023-08-14,0.0010453335438076823,0.04510818546979511,0.0004374570651335581,0.0016911066695847036,0.0003358384854304381,0.00455361497353938,0.0004725552440977913,0.0020739029130320092,0.02079794329954289,0.0006763660913007489,0.0035759597550341525,0.000580795095289458,0.0009649756805043754,0.00046464162157159027,0.0036197448322743565,0.013667730197573866,0.00027352552230748133,0.0005017878035819437,0.0004835376000489503,0.0011358826820787697,0.00048708259053032257,0.0003078130608587591,0.00033898303738943026,0.003659211888980636,0.0005309410507715654,0.0004073175690767364,0.00037595341107607433,0.00024569066935871555,0.01883969486272035,0.001216264270720789,0.00023419347374661523,0.0011549923176171542,0.03600824057694415,0.0003500083781451121,0.0009981528688346065,0.0013715273996437133,0.005478954889396816,0.012614400592950818,0.003641829889226923,0.002010886546024346,0.016790640508484913,0.0003522182252327248,0.00028807600751636894,0.00591460288153094,0.0003757008978387298,0.0008338199321909409,0.011669979155233497,0.0009531590482319563,0.0003058477418123461,0.002888451391262168,0.0003005401044481682,0.007252882149831353,0.016742453444205524,0.0017417629562085598,0.0010177170412564104,0.03571461282759308,0.08067086645994205,0.0004014138742427642,0.002719389614400312,0.0598727482889602,0.0005320028188354603,0.00024222184720615596,0.009215725740810057,0.0004734106361320754,0.0007098516999827578,0.0004776718777986223,0.00043317667745787285,0.0011264494338741294,0.0787331584977538,0.03548130988019942,0.010217393593372518,0.00022406934020323264,0.0010265792010496167,0.0006738484788917675,0.0010812175640310833,0.000702354912941331,0.002069108810954828,0.0004088535015965013,0.0017365852467179815,0.0003701747360477633,0.0005129892831396796,0.006604659804721306,0.002700082179995458,0.008413894470243705,0.005580186998518861,0.000956285448801053,0.0012023170216895285,0.003364438538699219,0.020519008541762862,0.0033257107592636614,0.0003231631108997357,0.0010268879267337468,0.08488817143319281,0.007298928095661067,0.030525774978081597,0.0018370823995480022,0.0023612150493156404,0.12244143234073113,0.00044013763701726376,0.0003832447396487692
2023-08-21,0.0010502562277230612,0.0456103998555088,0.0004576393426523314,0.00175917431473909,0.0003492370147468161,0.004625686121014628,0.0004581088890372902,0.002118589577583895,0.02091716467786042,0.000710845409963674,0.003553862590567888,0.0005817300681514458,0.0010151931582779367,0.00043979629837686033,0.003691130427695843,0.014058141024745802,0.000275268488514621,0.0005171157890598773,0.00047808787467152095,0.0011896417210503726,0.0005067326297416505,0.0003207639476327839,0.00033341708726551445,0.0037482217030231327,0.0005792740872373194,0.0003820715539295904,0.00041334587851593103,0.0002616992059192073,0.019069450000281516,0.0013261522809807445,0.00022596821542067276,0.0011604976082023985,0.03596225116191388,0.0003494771456899727,0.0010161691972865182,0.0014004656830143198,0.005480979937712856,0.012915427450259876,0.003742469818864695,0.00205126917549818,0.016747610117458185,0.00036332759436637723,0.0002811545207788889,0.006002629355966905,0.00039343637599144625,0.0008573052466793077,0.01164952176818915,0.0009645013495860331,0.00032023322482821893,0.002926998151917144,0.0002871550778975138,0.00734496124758763,0.01700564080776271,0.0017651324625104557,0.0010450480379554598,0.036287474000832605,0.08053696316659781,0.0004167659513429543,0.002797765159385456,0.0604688149026629,0.0005193221431760572,0.00023468968405724417,0.00932347702354291,0.0004809392342389912,0.000774576398767366,0.0004717267980248293,0.00044872256098808187,0.0011616652619465965,0.07900835123472923,0.03554726154523491,0.009978949615138549,0.0002399013565449015,0.001043459363467629,0.000703861636498,0.0010951995890310085,0.0008093353160723979,0.0020460977411799254,0.0003989174973714444,0.0017413120572502693,0.00040309146827711663,0.000518618066178428,0.006481949242372485,0.002809192187507576,0.00858567421099049,0.005687163487057027,0.0009835042562671274,0.0012413752397477402,0.003402252476222917,0.020548314883213327,0.003408680294754076,0.0003085051983853592,0.0010470320123574523,0.08570066211359632,0.007384330745486757,0.030867272337597364,0.0019251207284092038,0.0024389240766950816,0.12397942565537537,0.0004514544306145092,0.00040944247485271324
2023-08-28,0.0010930486373309717,0.04723942490623752,0.0004766346037914836,0.001823299440115746,0.00035789430775967434,0.004808145558879713,0.0005043719642844737,0.002219659186885837,0.021440532404623916,0.0007112383452249964,0.0037101766571176805,0.0005986110000781843,0.0010580729123194188,0.0004554694293525329,0.003798390174149158,0.014417883085094337,0.0003143086164163886,0.0005300034374871312,0.0005061872687015356,0.001198660956232784,0.0005250096647028126,0.00033767475003247877,0.00033274230971060137,0.003813235061954738,0.0005820748035223535,0.00041140472664206833,0.0004267510378726031,0.0002621820725324863,0.01975380446034039,0.0014656330722864126,0.0002437744936227713,0.001207047997081796,0.03735738792807624,0.0003704131404408471,0.0010458249008941183,0.0015043305473087989,0.005675877029853048,0.013081651112184421,0.0039884882302948805,0.002116634578619754,0.01742258585880846,0.000392906703281565,0.00028521007556647554,0.006230751807953693,0.00041133499355446853,0.0008912209232153302,0.012242830609756162,0.000987764625712585,0.0003315647857084731,0.0029414806699652758,0.00029935893006635857,0.007965471429714956,0.017663621217427594,0.001796066713676664,0.001120304262083092,0.03719231242855308,0.0832765364404654,0.00043596560082887576,0.002784680407148963,0.06324857663315599,0.000537083035663506,0.0002284566900161506,0.009703111411532673,0.0004904620696865799,0.000799670983284894,0.0005060872374357701,0.00047775742527183526,0.0011766476475753712,0.08270192752462747,0.0367027748627594,0.010369569009416236,0.00023805892707322516,0.001129396051972992,0.0007112624204533408,0.0011214238769536678,0.000909844564327817,0.002124486612576089,0.0004351406513812268,0.0018430562093885209,0.0003973084660734846,0.0005714229294611499,0.0067520546344727,0.002905703547558873,0.008736971200307656,0.0059429203326988094,0.0009758438534255105,0.0013186320439128063,0.0036188241833410165,0.021245544280958775,0.003562930783104603,0.0003191676778577407,0.0010800149974385426,0.08848171442132693,0.007985295429450867,0.03160552921349986,0.001957583444246572,0.0025438067067581945,0.12740928348406974,0.0004612466280383169,0.000387529442773991
2023-09-04,0.0010791380339934726,0.04691994390494822,0.0004943777279395251,0.0017521101223863264,0.0003647160970804338,0.004810175554004966,0.0005145644286864284,0.0021309928233180404,0.021105247815438037,0.0007415433661778065,0.0036542048470506534,0.0005759412175051573,0.00102267363217477,0.0004448859650889825,0.0037127475332172735,0.014302382076530984,0.00032020902973214373,0.0005085214004211756,0.000513195260651032,0.001189172194560794,0.0005451870292498596,0.0003150678748749012,0.0003536667481386647,0.0039037060798847232,0.0006021043337002375,0.00041214048741692623,0.0004169674223838332,0.00026457838026254765,0.019681104873854036,0.0014556495334535585,0.0002370655228788903,0.0012401008659234203,0.03738815752214536,0.00034930388668858993,0.00103381667108941,0.0014766180039089668,0.005746123433126619,0.012817375979939209,0.003867742388446516,0.0021851775770659657,0.017202473513972395,0.0003715314391264924,0.0003180750124357336,0.006080429883689675,0.0003780012863717619,0.0009351178555041546,0.012277034362825134,0.001022003644073672,0.00032389346785469944,0.0030153235020039942,0.0002863137168481322,0.00786548742769547,0.01751089956795724,0.0018695121387657084,0.001104442241812083,0.036672548469230334,0.08384622119476276,0.0004094671628514496,0.0028295464572367975,0.062068577684899526,0.000515134456726171,0.00021994574945625284,0.009628042441319968,0.0004724053724638313,0.0008090954716928837,0.0005030321130266844,0.0004774374319549714,0.0011264771180499176,0.08202508183033386,0.03662736228689588,0.010716944930484893,0.0002489140269822493,0.001064787165959024,0.000761036313282889,0.0011057667543498803,0.0008483215259036786,0.0021143775065389035,0.0004592575598625876,0.0017911988809603003,0.0004130791796227259,0.0005569198199402238,0.007080440006958363,0.002832984693002612,0.008472769110619107,0.0058335535288157265,0.000989116959328645,0.0013381909064601565,0.0035488416016977524,0.021004030015908077,0.003519573019353562,0.0003167268747299931,0.0011250330293944466,0.08767848278470491,0.007922888271001554,0.03120940773059995,0.0019602014508548907,0.0024354214185903075,0.126654209412733,0.0004527583571911261,0.0003753351201428303
2023-09-11,0.0010812405990117512,0.047515871515801146,0.0004963314417090129,0.001695833116443383,0.0003746231590901764,0.00482013330619514,0.0005137342629786812,0.0020394188346933633,0.02130918635837274,0.0007425226782420639,0.0038304013041440222,0.0005941108335664152,0.0010217342248126683,0.00044558377844397307,0.003700213945262383,0.014496586610515137,0.00030686523829234665,0.0004930452947059503,0.0005330498781518909,0.0011697368605995977,0.0005531947988334279,0.0002999948673861363,0.000345651280829371,0.003952775925619506,0.0006312764687859504,0.0004073755807078739,0.00038652365130936706,0.0002553392281458356,0.019841736551612147,0.001468928532932345,0.0002398863531926819,0.001243201680293789,0.03762630204049157,0.0003557403978698099,0.0010392427226414006,0.0014928894539278966,0.005631530976296437,0.012789976618567594,0.0038430173396704786,0.0021462067126349644,0.017049049140071763,0.00038175864176855274,0.00029017072207249627,0.006141240661847567,0.00038808886196923837,0.0009186843065884152,0.012248969608135851,0.001018893738540127,0.0003180118990794373,0.0030703509224584307,0.0003021178288442659,0.007766647582795313,0.017746941011517706,0.0018782507822812523,0.0011028083286376898,0.03753923797935291,0.0835099539301207,0.00041160769543185206,0.0027889719686351976,0.0625922792883398,0.0005297074868085047,0.00021093236577013206,0.009664350609657594,0.0004879876288874379,0.0008143937126517127,0.0005037066280627884,0.0005066908278229302,0.001124247763664076,0.08232876575152435,0.036356046440051755,0.010132014810328145,0.00025771248428136685,0.0010747865734168872,0.0007168710735178122,0.0011324955917143746,0.0008747178266327684,0.002068866737778284,0.0004462928312668643,0.0018158062407517745,0.0004321822675093927,0.0005496275939244743,0.00669839331193328,0.002867444356104152,0.008763044812537164,0.005945628460631639,0.001010627538842131,0.0013457441047929773,0.0034999389876049693,0.020856895370874366,0.003501922407988262,0.00032129257234823997,0.00108272636656566,0.08856193755068402,0.00780025705473822,0.031848569867669235,0.002068385584651757,0.0023509667716952254,0.12794465694480603,0.00046143917532834484,0.0004061580423273794
2023-09-18,0.0010965014518176618,0.04798575437203024,0.00048142604669865544,0.0017033829457033702,0.00037442574738751744,0.0049119161705978515,0.0005238138314446162,0.0020847480755870978,0.021535073590353327,0.0007461823606895428,0.0037598634622802362,0.0005823621889204287,0.0010481435999074985,0.000432914346153108,0.0037496492529010446,0.01452223356732024,0.00032312504081701584,0.0005032119830969376,0.0005002564981924796,0.0011656893942859293,0.0005763762985170376,0.00029516127062603466,0.0003275089815908591,0.004019940695416031,0.0006678505661791176,0.00041390408345256256,0.00037852728261005523,0.00024052707066274723,0.019998512300416504,0.0015868433993373964,0.0002363929280946366,0.0011913748930427676,0.03808225647915442,0.0003578632494336849,0.0010644853731835023,0.0015560350699307857,0.005804384416520024,0.012708626176701251,0.003993006630668898,0.0021122914782642074,0.016616872332510857,0.0003716040095653291,0.0002885013989645224,0.006238559583554442,0.0003850150820684084,0.0008898046408865525,0.012335232634880015,0.000982347674269707,0.0003426780775161433,0.003105823685708077,0.00029726022745293576,0.008047892993860314,0.01791782156813827,0.0018827016995220302,0.0011182964427910007,0.03761464608329788,0.08519013745963944,0.0004289784621956344,0.0027412673157909987,0.06237252796069681,0.0005247756020510167,0.0001926078677877897,0.00960945970211503,0.0004855313037946458,0.0008438570865994895,0.0004914343640269358,0.0005495818489291387,0.0011116784658076443,0.08335959789889538,0.035466637131263815,0.009798644420548043,0.000255557057556438,0.001084191436754944,0.0006843277809473369,0.001170780038123666,0.0009430616743648076,0.002021722546833131,0.00042697536908098844,0.0017856366326182336,0.0004473269206117929,0.0005607632977589505,0.006499419304360153,0.0029639554612027404,0.008727296406306397,0.0060483894614967275,0.0010311343298882478,0.0013238037463567534,0.0036011291343802836,0.02028017545437618,0.003567166805540401,0.00032232291958948393,0.0010387443250951163,0.08836429856863558,0.008068727051274408,0.03191078957263547,0.0021064019533351317,0.002378739642001571,0.12767894023419918,0.0005127047128249052,0.000410753780177457
2023-09-25,0.0011241684243127523,0.047384338505979395,0.0004955870600907619,0.0017606912740554712,0.00038071593403497404,0.004980292614706154,0.000509020378600624,0.0021572729364830747,0.02136550692437671,0.0007364425208291496,0.0037321110810176156,0.0005944955480374257,0.001036844187468887,0.00042655226880829324,0.00367420604595301,0.01450928245267148,0.00032548748242703924,0.00047355701616544837,0.0005379124956769421,0.0011543266405066683,0.0005761257747627244,0.00031406946306833107,0.0003511877683680983,0.0040884255173580485,0.0006453124730668443,0.0004326394931267805,0.00038683417114045724,0.00023225051360363486,0.019817200429162258,0.0015730203118727373,0.00023571699362578532,0.0011451021175929784,0.03804034996254472,0.0003362529981051336,0.0010473656452630541,0.0015600555546565484,0.0057528507600698746,0.012745527576726557,0.004140810424825794,0.0021117184668937084,0.01659141950413441,0.0003568434365231178,0.0003043886860532414,0.0063359106022355845,0.0003903920322944019,0.0009519061283806154,0.012313518204441888,0.0010176895936109824,0.0003512553571039807,0.003143584221021769,0.0003056486242772046,0.008277518348101713,0.017779054207541993,0.0018908022692693974,0.0011413159589158074,0.037690583563815334,0.08469517630564494,0.0004244378328227006,0.002711892375137727,0.06229267165170233,0.0005344720495739258,0.00018793678029859926,0.009462664723434485,0.0004871427699009916,0.0008391545504616237,0.0005078677435771247,0.0005138226808885072,0.0011887593433195626,0.08324341034953353,0.035428878456628836,0.01005316333842262,0.0002488542681128946,0.0010320645541283522,0.000713750355205493,0.0011686026960091784,0.0009629148998502577,0.0019252146477091222,0.0004424070384803486,0.0018153659468908845,0.00041284981730604225,0.0005945488628058263,0.006702207723917747,0.0029922026916440066,0.008657160170045955,0.005954209517391137,0.0009980266221099037,0.0013711110307459118,0.003608798285723847,0.020201283798618175,0.003703411091241933,0.0003194093190205832,0.0010493515772944878,0.08803867203338744,0.0083139015422083,0.03216655961755052,0.00202383965103356,0.0024693710891515877,0.1256508060029426,0.0005178090517369287,0.0004068512350082951
2023-10-02,0.0010785222215908806,0.04646640267264323,0.0005099422084270222,0.0016884066797225271,0.0003997496717763433,0.00483221339558588,0.0005180016601642266,0.0020311457441677385,0.02085646022857596,0.0007366376795562143,0.0037415167704082874,0.0005372265636654914,0.0010115732247635175,0.0004138892808476406,0.0035968412751082503,0.014090471705664166,0.00034509501285482914,0.0004536289517330806,0.0005526769851058453,0.0011196011389497116,0.0006068920188981848,0.00031262662925406355,0.00035663101855759187,0.004152010137742139,0.000636023818929677,0.00040503924700586503,0.0003650712488285461,0.00020817712679386115,0.01941526446765497,0.0015569244185861387,0.00022835647474575015,0.0011386188571780149,0.037838388639921845,0.0003316691275602039,0.001060350589950085,0.0014871728127030092,0.005798430850768867,0.012351501276488706,0.003946657666629837,0.002106746470484941,0.016075857183014797,0.0003478918310719167,0.00031278131286232555,0.006225792750785325,0.0003788296639067434,0.000951001765356713,0.012276007316664957,0.0010334952324539328,0.00033373090833221757,0.0032182549119238804,0.0003112076055820377,0.00800684691806576,0.017334915030863814,0.0019318587237231526,0.0011492132574103717,0.03699660265340096,0.08493879192605727,0.0003831719974629593,0.002658601719295021,0.06105776564420491,0.0005486915148936167,0.0001685918978003941,0.009379438116873366,0.0005017001955309235,0.0008828563043058884,0.0005065453247295353,0.0005372700357277086,0.0011569104566617916,0.08175107245603955,0.03445802283760535,0.009695400655947116,0.0002492333865387994,0.0010163929244425094,0.0006780337670092743,0.0011837545999975538,0.0009500914402615964,0.0018729416192985772,0.00042845153953700334,0.0017542009946421493,0.0004652819842579904,0.0005675943261344218,0.006486209954727399,0.002919508025726012,0.008428275911619387,0.005826048756833539,0.000987300958220504,0.0014158433569760528,0.0034944827128952343,0.019492524569706196,0.003568742107942197,0.0003171655482384083,0.0010490871669781212,0.08596986241263513,0.008054310682219207,0.03160420941386326,0.0019986123875153717,0.00230911258828466,0.12280853494969766,0.0005352255303340423,0.0003909522784126489
2023-10-09,0.0010852012546025275,0.046982866883592156,0.000505192452526326,0.0017382944297532562,0.00041394430020945687,0.004910482459260333,0.0005146537447546231,0.002112170504928136,0.020856199214171835,0.000758467813904169,0.003734464202305262,0.0005397150735164183,0.0009721425372585303,0.00040537339469348145,0.0035451434082437823,0.013979978204397246,0.0003622499740330781,0.00047282707718627304,0.000562168559736288,0.0011565616817005389,0.0006017615394546515,0.0003013864901675719,0.00032247525673435336,0.00409177941981397,0.000667469469543104,0.0004211995220593684,0.00035897431498833817,0.00022123943935229416,0.019195581443142592,0.0016265944891444082,0.00022092940767375752,0.0011893245837266485,0.03799190250777917,0.00034967632656160354,0.0010605605342589909,0.0015119268699022924,0.005709742724420619,0.012274931147793216,0.0041059447651646905,0.002117192313554492,0.015907745571755894,0.0003593592117361219,0.00030545265717353987,0.006257830009751303,0.00038721532017856904,0.0009675552118120261,0.012350452341116947,0.0010189807540904598,0.0003500023787104518,0.0031366347642036285,0.0003061870752499258,0.008494102554628109,0.01716744878081528,0.001986956691770497,0.001159816254339734,0.03717768324557035,0.08635656664280418,0.0003983391419904581,0.0025936855212438537,0.06207566647711081,0.0005161107802855105,0.0001870809648858584,0.009381690982397077,0.000496115417705893,0.0008877595163896603,0.0005090916236208107,0.0005212411606608791,0.0011475134715451677,0.0828427156238867,0.03429914323025913,0.009715424378146341,0.00022461934728881016,0.0009766083703346845,0.000692860668224482,0.0011728311294899498,0.0009861291591133701,0.001871379402868554,0.00044100759694355696,0.0018009305897763147,0.00047512994683307643,0.0005821698509453409,0.006509853641724801,0.002928897392224082,0.008305293593299944,0.005830433495197054,0.0009593251249593628,0.0013891079163874263,0.0035464153556738266,0.0192613292959512,0.003779520055139985,0.00030531247140640254,0.0010676032900886934,0.08596332652493749,0.008541495866476071,0.03175243273118165,0.0020215966701204627,0.0024308582971752047,0.12232953967031113,0.0005504066042435905,0.00035604923698557677
2023-10-16,0.0010201907367887104,0.045114947798607676,0.000518232020010083,0.001642964844650188,0.00041150686791689944,0.004605806329039097,0.0004922668958179131,0.0019667132104380443,0.01955020114127706,0.0007127815545735406,0.003590731626821949,0.0005222450372747658,0.0009449520499113981,0.0003757297719378941,0.003324689777741548,0.013281734558455912,0.0003793245578370249,0.0004314878343605445,0.0005693373239525279,0.0011004236011065399,0.0005892808908517678,0.0002836959540429388,0.0003205811821310437,0.004080325612726211,0.0006312353181073258,0.00040316359170082717,0.0003529843898618518,0.00022095568381886514,0.01821732333158317,0.0015249068863958752,0.00020953685882684647,0.001140373736876993,0.03746277339866847,0.0003168097112164868,0.001048739492695487,0.0013875945650028497,0.005584427247803101,0.011551549627119816,0.0038884524070833043,0.0020665912955372353,0.014917309294926524,0.0003322039251827687,0.00029923853949847927,0.005857069577666334,0.0003596042259952813,0.0009822305850420393,0.01192421557541232,0.001022853635268325,0.0003294937192121047,0.0031463788795468126,0.0003122587108007124,0.008160379342807566,0.01623007579132597,0.0020156831015228746,0.0011796885514001737,0.03504780049644485,0.0845161436838302,0.0003814781706204448,0.002442878751434733,0.05916502550476234,0.0005354531399330102,0.00016624532765619976,0.00899852182882202,0.000506456874309037,0.0009017399619107372,0.0005049250990094617,0.0005083142513850046,0.0011263966538093606,0.07986574558690424,0.03247991465977585,0.009524203811239224,0.0002421692556932707,0.0009715941323385895,0.0007160059087741268,0.0011548558334747532,0.0009209382124351607,0.0017906312855900904,0.00044077144278849214,0.0017429593712872376,0.0004851091804389414,0.0005652217941530374,0.006431954942497662,0.0027531265252124975,0.007749560028694577,0.005580522343982165,0.0008914441091868574,0.001376104984899048,0.0034016908632364127,0.017954399375326682,0.00359162501879701,0.0002902578688604899,0.0010721273566486967,0.08115461955494159,0.008236205886070925,0.029785558820954253,0.0018914077718236218,0.0022402255731492193,0.11424890593536274,0.0005458725642965228,0.00032608321855261217
2023-10-23,0.0009111534935734776,0.04398619181715133,0.0005251797635419545,0.0015575566421482127,0.0004124669566325632,0.004410220711753912,0.0004933820958195715,0.0019123623781298151,0.018488071631450744,0.0007055295081516278,0.0035757472981189885,0.0005165573582707042,0.0009092861378575607,0.00036646765531742043,0.0031194158108674556,0.012893832304327604,0.00035015350909679924,0.0004154695985549139,0.0005609116091331982,0.0010821406929080678,0.0005674866141756387,0.00027578837364417757,0.00031203856306979033,0.003958413121146843,0.0006102735210434456,0.00039130987341506147,0.00032096348478139673,0.00021026047631914315,0.01794289264977176,0.001393734673423526,0.00020094732274464228,0.001117560566703525,0.037009504230936345,0.00032627265865240476,0.0010425548482333679,0.0013509802011088155,0.005463729790287487,0.010848833421066061,0.003731320478886941,0.0020552275610569294,0.014442882771544513,0.00030912689444517874,0.00029047923579630247,0.005746886636538027,0.000362114778628535,0.001000417475521476,0.011822796616044759,0.001013595238515791,0.00027375941186592645,0.0030251274947722348,0.0003121676827698191,0.008065552647698829,0.015926065280197417,0.0020414554929867493,0.001138724395365728,0.03421465033882283,0.08437874660691787,0.00037720700906841194,0.0023515203171536486,0.05901825587168424,0.000566175965533748,0.00017196042426593234,0.008747764191018019,0.0005098523424054141,0.0009349447415151678,0.0005034529497149299,0.00047960588529429927,0.0010826159048752631,0.07907215022816423,0.03149661432385894,0.009166489560154336,0.00022242057737266696,0.0009474144709389083,0.0006894788642388175,0.0011536567339067718,0.0008515178782108052,0.0016826126397923983,0.0004570648250221465,0.0016746233350964377,0.0005018610348991526,0.0005339748932532718,0.006210222764535165,0.002682608454309438,0.007449289187711837,0.005362583735229128,0.0008934262925210159,0.0013232516226285881,0.0033900311771770703,0.017347068406954415,0.003475623024242812,0.0002694214758762572,0.0010673047406855414,0.07878140429132088,0.008160685302193098,0.02912498824207277,0.0018580705000975314,0.0021550790483781624,0.1102536580002018,0.000543952445597899,0.0003145787345357311
2023-10-30,0.0008383214338916643,0.0406620786244741,0.0005323873760746265,0.0013954619293760281,0.0004164549027355869,0.004088781462143263,0.0004598169257722837,0.0017156952261356809,0.01831937064291958,0.0006455138285617098,0.003408020897344951,0.00045669219953851914,0.0009117849028286633,0.00033831145772798273,0.0029930192322545996,0.012044353232029417,0.00035267440717862613,0.0003952700050996549,0.0005590477043087028,0.0009636872480755222,0.0005713643966688716,0.00022602992737991813,0.0003057888785196704,0.0040852321404126314,0.0005814051398109332,0.00035672799646647123,0.000324240346537941,0.00019398131574014694,0.016620294413571664,0.0013831254029428655,0.0001886481733853485,0.0010409806539603181,0.03479839217413652,0.00031099525606331834,0.0009629310234244789,0.001311994435323295,0.005210118405142313,0.010463500207216054,0.00353851886583226,0.00184299677665504,0.013075196715700113,0.00032222463696389815,0.00029324674270887394,0.005290792289767,0.0003633883787457727,0.0009552624155812261,0.011122746749445321,0.0010227457217575136,0.0002854382849447643,0.0031027244275140514,0.000314778745730434,0.007478854551892972,0.01468619405076512,0.0019885077331800783,0.0011084959278095047,0.031856159055023495,0.07984770317183475,0.0003426117229059401,0.0021931076804515945,0.05380197138491451,0.0005707261768655927,0.00015872606685613473,0.008061575830729058,0.0005084077603818057,0.0009270584387033683,0.0004937205472978749,0.00044414655979017567,0.0010162357920056745,0.07351321106013052,0.028803964930294905,0.008445401008348086,0.00020280787457239082,0.0009320258385862902,0.0006174843250979324,0.0011609060548427384,0.0008631909475603209,0.0015976731468505118,0.00044767585860092454,0.0015716702130200385,0.0004998173132015659,0.0005225004222321831,0.00565327355184677,0.002566798098390192,0.0068971860874356365,0.004837905250686869,0.0008334433321288883,0.001350279556677953,0.0029505989236211696,0.015678006653506008,0.003142134622789754,0.0002403388502777508,0.0010195566860160166,0.07351832632228993,0.0075264207683405585,0.0269869171750769,0.0018084894044931815,0.001953292608599544,0.10245480832347278,0.0005609401801233612,0.0002768903995907482
2023-11-06,0.000682044333063125,0.03612113780385062,0.0005431556151506091,0.001175890947466535,0.0004417924413098835,0.003668808853324099,0.0004024874339847675,0.001442364412669478,0.016967529170990127,0.0006106258557860148,0.0031814998709048035,0.00042800919953920187,0.0008461778126600316,0.0002956175358138375,0.0025884873981870675,0.010834404215211261,0.0003449161944569837,0.0003357437833973836,0.0005593539610229108,0.000849590950252273,0.0005698622509218559,0.00020342013293204016,0.0002816360708013045,0.0037756636576587476,0.0005384219294315798,0.0003458047833707985,0.00029377184605163925,0.00017873485433002957,0.01503254778214496,0.0012853266068563857,0.00016355084174284385,0.000912742011138037,0.031874438347949785,0.0002858096583235096,0.000892926041311613,0.001217571130065124,0.004923324855948889,0.00963246491524182,0.003108838864065793,0.00165108973700973,0.011384404189128942,0.0002888022255322936,0.0002784682228196609,0.004914300006704633,0.00033932921377833686,0.0009304252439125217,0.010281239369741367,0.0009587060783628762,0.00023897853247992613,0.002858467436527693,0.0003097071481183755,0.0068103960851354445,0.013369846250022143,0.001974173799410761,0.0010329491517753174,0.02906254287757365,0.07437616207537852,0.00029917213100747966,0.0019451944832018621,0.04777592717229933,0.0005495384352953783,0.00013176840291383412,0.007286162016257102,0.0005020339844903681,0.0009041065585051371,0.00048120131679251133,0.0004311908892848916,0.0009007601980339155,0.06618913862190554,0.025194866703306486,0.007642695375044163,0.0001828960172066984,0.0008864547522033353,0.0005703444508018257,0.0010935013008450704,0.0008081944155381507,0.0015479956319647808,0.0004138839597021741,0.0014098598230498796,0.0005212918840775103,0.00046004412233522924,0.00532932205940826,0.002418727843211772,0.006364709209828289,0.004281610228717564,0.0007593389354586962,0.00122162530698799,0.0025271148860600196,0.013634093381680517,0.0028026059275621956,0.0002266348700237421,0.0009134678930732559,0.06531633048402845,0.006862780531150303,0.024637449076579162,0.0016798324815083961,0.0016176263237912642,0.09144809310700493,0.0005327974763716556,0.0002623877310082173
2023-11-13,0.0006714215460791262,0.033074224155586376,0.0005234850872142759,0.001014899322497187,0.0004283797746480807,0.0033379803589961518,0.0004072426230522878,0.0012989025817804233,0.0162867398760494,0.0005886383047660756,0.003018957418860759,0.0004032822279862187,0.0008145317448209348,0.0002906981436006325,0.0024134881295236107,0.009850635332678888,0.0003130775867847304,0.00028600440083204016,0.000550344279303164,0.0007804810213664721,0.000510785982127612,0.0001932360216950127,0.0002973886698776675,0.003688985329485975,0.0004849513066734254,0.00034330768634836757,0.000270049865906402,0.00017040914737393605,0.01372959662336548,0.0010959888854551593,0.0001659588052070468,0.0008307918732727382,0.030092273160889405,0.0002702530713702288,0.0008599870966505412,0.001160643175299726,0.004702751829717225,0.00901534631626432,0.0027521105082345828,0.001506081095306944,0.010493363738309062,0.00028777826381897956,0.0002873002344983909,0.004381139630412666,0.00033244912719435104,0.0008591600451817199,0.009042837512417155,0.0009542763776976238,0.00018652804088061033,0.002773024890416388,0.00030805951373948266,0.005973369872292647,0.012204683652095892,0.0018972145324786865,0.0009549673265838085,0.026927421801904557,0.06991051340700355,0.0002762329114537112,0.001828200350951558,0.04277052071384057,0.0005570836448027308,0.00012510158580772296,0.006627892729170667,0.00048520598213963833,0.0009245880232833571,0.00046991132433838237,0.0003675077034471723,0.0008476150973830812,0.06096727400849964,0.02373905906742026,0.007520654915244052,0.00018054251934907458,0.0008168683145915661,0.0005123936464498539,0.001061932464832475,0.0006801468980461745,0.001394520138502843,0.00041928891445323446,0.0012581999413916504,0.0005057372515353362,0.0003571140140375918,0.005226385771651941,0.0022531563274547596,0.005920128132495192,0.003849798563578518,0.0007272174355028754,0.001174013568849374,0.0022589087032702216,0.012612009591785808,0.0026305303337074283,0.00019898084152368743,0.0008404898931712591,0.060598770577366685,0.005980832330159856,0.022917914364784145,0.0015639839345501004,0.0014497575036665907,0.08478998504256706,0.000535538088229759,0.0002486053996458891
2023-11-20,0.0006185546844360995,0.030937929471908578,0.0005063777376273917,0.0010177960569420336,0.00042556187878894404,0.003044652950789542,0.00039080772797021526,0.0012961485435578684,0.015678243338120176,0.0005408791744370524,0.0027884591202810014,0.00039233362842457076,0.0007803847671480993,0.0002801699647079393,0.0022425490642216544,0.00901816872618165,0.0003159245982483938,0.00027113425925761063,0.0005149560143894478,0.0007398866654990618,0.0005255702648623512,0.00018746104095602512,0.00027642448610010553,0.0037509707573048284,0.00042223949532020546,0.0003291095971309482,0.0002491699701075068,0.00017048706820484608,0.012707062300741256,0.0009489098203617741,0.0001654578569408373,0.0007601802134638492,0.028802847018633775,0.00024907758883573923,0.0008231632030568507,0.0010653516882479439,0.004714276973647108,0.008591942380570459,0.002485174267048465,0.0013512370938901356,0.010003873533015701,0.0002812072045381623,0.00028740857912638824,0.0041786871441385565,0.00033003408275760935,0.0009000081684083507,0.008438001165854605,0.0009747078023243588,0.00017309038764058392,0.0028193940084766562,0.00031558399041428024,0.005723268592505942,0.01134012091113501,0.0018843098650420402,0.0009711305267358809,0.02471523722185916,0.0670058282972346,0.0002680010807491059,0.0017503558643149502,0.0393800630424298,0.0005566537298994651,0.0001243153218964726,0.006246470882034718,0.0004893308361502605,0.0009047990565775391,0.00046642500485220275,0.000308985019116032,0.0008356439036403319,0.05653064997107538,0.02268605822287688,0.007506388216205037,0.00016151005743999066,0.0007775740535038455,0.0004858146560120479,0.0010798572085015563,0.0005850576749096834,0.001357098336857401,0.0003853818189234627,0.0012285614672385141,0.0005195610496184081,0.00036181346962591346,0.005235123852758536,0.0020399038747509132,0.005485074946616401,0.0036045814306490337,0.0006887876059418723,0.001239607582676823,0.002051047841609911,0.0120083560474491,0.0024564260634193057,0.00019802996026036388,0.000817281614179176,0.056673897220014036,0.0058048273603220815,0.021197403343009978,0.001465684783242583,0.0014399376960705513,0.07865034388509475,0.0005256633086194577,0.0002403808169734107
2023-11-27,0.0006020210678802681,0.03032074141154978,0.00048475965763737416,0.0010203985898877943,0.00040952213134457633,0.003044463164866799,0.00038147695337695426,0.0012903983216436628,0.01573478222925657,0.0005339518081568068,0.0026706483987099456,0.0004352962599153465,0.000715135715076791,0.0002964211546729349,0.0022773686764928935,0.008770263690169137,0.00031087526945503414,0.0002818702761111059,0.0005507316240006288,0.0007130561602803455,0.0005335865657003084,0.00018456795891108032,0.0002814101367904096,0.003638501945484639,0.0004187802355215877,0.00032417282480017403,0.00022470771776966536,0.00015685329196964384,0.012297983310118046,0.000852943038684784,0.0001657704890182663,0.0007117402709057126,0.027925340840541005,0.00024871956843341297,0.0007986442924341164,0.001002423970013299,0.004635113573895989,0.008650909672587411,0.002530763825622233,0.0012333480172871914,0.010084679316586048,0.0002928311856102682,0.0002791782096261928,0.004158873905855953,0.00032675875581541076,0.0008463041822805973,0.008214521328820765,0.0009731999700120907,0.00017931341156644562,0.0027115084545039,0.00031824533376460947,0.0055894313743338996,0.010911089488828626,0.0018465978072660712,0.0009100351114579788,0.024310867214024937,0.06545352562674221,0.00028677482615111985,0.0017498770209157812,0.03832748017977133,0.0005519559592717653,0.00012202316140882841,0.006095145533145587,0.00047024456294996554,0.0008509487011691067,0.00044700527689089573,0.000303674198746322,0.0008441252997871392,0.05503053650846526,0.022814384563297894,0.00726523780179291,0.0001548685460996225,0.0007434750072909925,0.0004643547555485416,0.0010920545178304364,0.0005183443324062553,0.0013492049381722108,0.0003694169311087048,0.0011989359601776901,0.0005275962672754116,0.00035789930640293553,0.005188451912806316,0.001970264657704875,0.005363033482935327,0.0034828012341035787,0.0006541678237234395,0.0011757028032271819,0.0020644316715164165,0.012133957554884396,0.0023721860804793507,0.0001988605866536893,0.0007965857787343945,0.05564094517701115,0.005666225481459301,0.020940958482831964,0.001389265698064917,0.0014355747241373072,0.0774928715739042,0.0005590984877308983,0.00024703651193096703
2023-12-04,0.0005229634435816772,0.028819200182799917,0.0004860905609866984,0.0009558042433274688,0.00040118055634398467,0.0027580372072342927,0.000371376822388019,0.0012046256753675238,0.014764067830777562,0.0004638819597107016,0.0025866608180329467,0.0003783329797565018,0.0006878495849069112,0.00028425070608452375,0.0021487099894081357,0.008283282439608389,0.00029107078733540606,0.00024429415216699606,0.0005323273688637635,0.0006878254582147803,0.0005124390128319766,0.0001589689854815779,0.00025111758704959966,0.0035582956860744585,0.000366142646407239,0.00028033522425252057,0.00021218265979753382,0.00016307573566138353,0.011768509015349957,0.0007839828274282652,0.00015795195561864924,0.00066443789413746,0.02757958471219689,0.00023338541754325582,0.000782188605580362,0.0009216557169454779,0.004378792697656814,0.00818007690313147,0.0023621703436136135,0.0011983502589044627,0.009483785122734666,0.000278850723381256,0.00027379975724135857,0.00383932061012537,0.000330509379406815,0.000878736572988105,0.007887203136111215,0.0009433445656438391,0.00014685032906207923,0.0026953069999297585,0.0002984730243934127,0.0051556235793614865,0.010349334399017071,0.001863198270109456,0.0008557071122719248,0.023367353872571963,0.06490104648424062,0.00026743824602835773,0.001649157796131198,0.0374753258699455,0.0005384999994255371,0.00013110509862470566,0.0059615426268241544,0.0004657562261912538,0.0008590112820237774,0.00044701293232778355,0.0003026678905926726,0.0008113381941384078,0.05345865754940965,0.02155270511967422,0.006963881447149618,0.00014318169198855308,0.0006946440783864502,0.00042641275679232524,0.001066609036422536,0.0004484723980774105,0.0013341698639984776,0.00038385555475244526,0.0011211079654319996,0.000510215655563872,0.0003242011574070835,0.004950202882289332,0.001847234997139326,0.005080800578873549,0.003277236452157449,0.0006202064892589334,0.001166600545100342,0.0019373739812327216,0.01139663866158728,0.0022884318068788385,0.000187004033167986,0.0008078178439217092,0.052699354247123464,0.005241862584434506,0.020176029026825644,0.001229787339500521,0.0013421192546730918,0.07309204999415556,0.0005171370229405096,0.0002196310645512982
2023-12-11,0.0004817206561864492,0.028928814780273107,0.0004891904493204374,0.0009273003226881844,0.0004078883809814218,0.002759600050092722,0.0003659761111516749,0.0011679368403555148,0.014854516030120805,0.0004821642207982128,0.002499679812415901,0.0003758775535309178,0.000711839257640484,0.000284425794183752,0.002166601576342477,0.008312389411389877,0.0002815576808265446,0.0002478373085060285,0.0005456836069217776,0.0006722642144267156,0.0005207592237274851,0.00017878183113077155,0.00026749539798088455,0.0037567215595563476,0.00035737961945764426,0.00029226135875769975,0.0002220040134690425,0.00016421203028434177,0.011835001257648168,0.0007889367042495871,0.00016432175374525318,0.0006662939833727434,0.02754847167737117,0.00023930359460636762,0.0007841518179702497,0.0009330641900853193,0.004475948657501217,0.008175666466194768,0.002342090594226334,0.0012070137625060941,0.009575660431575594,0.0003077689137694835,0.00028315076211835483,0.0037902188081800586,0.00034157974267405805,0.000872501971255897,0.00803660410137914,0.0009521614818653287,0.0001609460046272374,0.0028297559439031525,0.00030988973509405365,0.005137729859393331,0.010431772049409288,0.001850266367816851,0.0008605403620382734,0.022881689066263207,0.0645420345004945,0.00025659215604819513,0.0016782535725323303,0.03723496670080203,0.0005668879350690137,0.00013751162094135703,0.005948382162277848,0.0004765394631557673,0.0008628749326710309,0.00043151097278052494,0.00027161709932427866,0.0008001789179857703,0.05342997471886031,0.02175693595987918,0.007086013675575544,0.0001438423002318952,0.0007248424134886297,0.0004533834031927984,0.0011201832886239094,0.0004695995325332881,0.0013686933737278224,0.0004206776505717367,0.0011068666448799302,0.000504838900712193,0.0003192868676872986,0.004958950408906412,0.001827283226729064,0.005038439056659031,0.0033136467407094113,0.000598257116935426,0.0012179399188233964,0.0018657248379756587,0.011533267251170808,0.0022246108425947714,0.00018704988325498047,0.0008198110155323894,0.05332990851351474,0.005230735996732686,0.019698361187752506,0.0012909062913882545,0.0013098743550040697,0.07470236640715547,0.0004913862195419136,0.0002163941846070665
2023-12-18,0.00048351488186490054,0.028065105548192193,0.0004682521892538804,0.0008583196215642229,0.000402943473095793,0.002643128746749021,0.0003764446875555676,0.0011001536252752066,0.014829555917879666,0.000489219067083782,0.002440672908670415,0.00037327244301155497,0.0006954343076223663,0.00027634997538010715,0.002119733049252626,0.00813684930758208,0.00026681286791312305,0.00022410065537856454,0.0005240572909937012,0.0006825497179874078,0.00054594290034319,0.00013852105621563936,0.00024845012341936863,0.0038363602246600926,0.0003477892699160737,0.00028528139467978427,0.00021445536386073343,0.00015342018775101952,0.011498058982048292,0.000694503342395301,0.00016309579312859,0.0006565749428417266,0.02696053378601644,0.0002226407491170521,0.0008044290171577324,0.0008847622082996768,0.0044158473996327155,0.008187749458319765,0.002132141580907557,0.001153186177552092,0.009470205713355901,0.00029540574031021466,0.00028046793307157027,0.0036136502176843236,0.0003523910685292165,0.0008120342534241589,0.00783698202166568,0.0009862455218407821,0.00014196639288199063,0.002913676961874182,0.00030986889198350646,0.004616291843393879,0.010197869352113215,0.0017748752686189992,0.0008098824488423918,0.02216542430932371,0.06314321422340129,0.00022755216677072335,0.0016183820814979146,0.0356435691611193,0.0005868050886075866,0.00013285815478164127,0.005854519568187895,0.0004799942481299376,0.0008751786929814371,0.0004252400060875361,0.00025618465465240207,0.0008012111897230282,0.05185453356028292,0.02163259164776468,0.007118623653067609,0.00012637321179196986,0.0006571320888242543,0.0004315263836894678,0.0011199863582754448,0.00038831615178032565,0.0013109555455558598,0.0003870218998131026,0.0010578526333345133,0.000540586249609704,0.00028433600362253494,0.005012572079979939,0.0016701839169685723,0.0048778939478665885,0.0031841372344909337,0.0006165400909085326,0.001198713625904216,0.0017321505577477605,0.011430518259031408,0.002106432672109694,0.00017048608346367745,0.0007852054609148136,0.05250489632466822,0.004711876893945977,0.01909937083224901,0.001273008391710527,0.0012311645802153346,0.07303660896344932,0.0004875428461122675,0.0001975494285774275
2023-12-25,0.0004626863373608834,0.02786872999840563,0.00045098541890269556,0.0008868333672276419,0.000385604340645566,0.002609157520068902,0.0003841287237553338,0.0011290427600189321,0.01489710437218816,0.00047261765436337386,0.002415860158543059,0.0003593236405162229,0.000673183099146044,0.0002637318196453976,0.0020407762907412967,0.007961816017614282,0.00025268777599197226,0.00026335494950393244,0.0005073357313798156,0.0006824756999526712,0.0005290403648004884,0.00015171955980723407,0.0002533412008982995,0.003786565246446825,0.0003263536087903787,0.00025991356010125635,0.00020611716437942616,0.00016481409708819694,0.011472705744726171,0.0006750501698691473,0.00016720761280509587,0.0006907042949845124,0.026732578874770412,0.00021742130135601586,0.0008061239190776629,0.0008351767208661311,0.004416097690230545,0.008222464542696815,0.002095963678545543,0.0011727198562324335,0.009670607055986578,0.00027870923769856903,0.0002793795564391892,0.003602274751427616,0.0003215686965433674,0.0007893251075256707,0.007818350427104642,0.0009896742991266068,0.00013375837598908122,0.0029330501156342695,0.0003049757288420455,0.004640486653484554,0.010100626575510545,0.0017384053602614638,0.0007803201309603433,0.0222177697138553,0.06289051952292193,0.00024153443213317024,0.0016273205922807661,0.035706032757152256,0.0005640778496781463,0.00013622771604882272,0.005776521109561091,0.00045682975763412743,0.0008499868042616216,0.0004248131903354438,0.00024350650761120887,0.0007829684196492847,0.051167986571811694,0.021882524775626137,0.0072047358099209405,0.00013033145797238386,0.0006735134424884093,0.0004545823097907548,0.0011615645216425576,0.0003743621967679328,0.0012966518202330187,0.0003868631732182238,0.0010520690752520933,0.0005036778485531329,0.00028528862770941095,0.005036217095252252,0.0016879527185461743,0.0049460680918116135,0.0031548256565271126,0.0006126368769082789,0.0012415852992185372,0.0017712483785403419,0.011675963127829755,0.0020807506694078626,0.00016866418510988454,0.0008009634429033578,0.051929232556562566,0.0047252277122695995,0.019193634125495688,0.001251088736950111,0.0012677119768161288,0.0730457600947925,0.00046054306044452417,0.00017566760420962543
