,0f259232e21f0c2fee6ad8d1d8f1027a,9274b3c3b5944720ff3a39acd9cf88fd,255b57e780bd487c9f2c9d8a6d98122e,81a7fd8b494dcdbef06baf399f2f6ab3,3679c0945f1a70a259b655406fc39172,456a12b90d15a721ad799e16006c6684,05b2f1f50c1ce311f0dbd14eee459bff,85e40ab41dbb322d6265279032519a63,fb99ada28bdcb8a828a19ba2293b5607,ec5c0d5f42ed96fb66f585f2072f51c8,5a238bc5400490331b6b4c08ea0fe0ab,f3b0f9ecd412b62d07cc9a0c8e80470c,f7e1531894d4de8cc0d90bc6c9ba8991,942619b5db45e2e562e61d92119ff838,94e09ab4773fbc3b2b67c2f34281220a,f0e3dfc632173c07417737b09c0ef573,05c65dfa276e4011e911260f8118f6c9,795c21f080ec8025792ef4d0dbbd8b71,af3df9ccd4174c841a11369f668d7eed,a107bcb0918d989fb9378c897e0ffddc,26946cac9ecc79ec658301e357330c5e,18583b9b1ebca580d6dd801f9dc66bd4,bca747f5e6237a7773881a0467d2e683,ccb2a8fe516433ddfb606137a178f9ed,61768dc417b2b3ede0ed37eb320093a9,0bcb8976125dbc200aaac6e2843288d3,9f787e7ea88cf6d08f0a84ff9671c365,c4c7efcae8d0827a8d07ca016a3bfb6a,b08119580a4f62b96c89326c2e32b695,0da4b490e41e0fe2c7df72f01af5ec50,a05ee4cf2d1de48475756e7a2d0a7cf1,a693b13a81f3e3d78eca32b7cc36b60e,c6424732171a02f1c1062f50c3a73a77,cbaac4719cd0e31524598d62fe31fe48,27da4027d84eff5adb55c509efaafbe0,ff9858a350a257210e2851650a7cd6d2,565b7097a474e2e3750586bd4d6b0bb5,23edc5ff51cfadd333466861a4e1ea38,c5d9c0b2012bb566a6a73b4d9e07fe86,1f56c874da3dc7e3bed7f8f6529b64a2,ae6f5f4d844a09b756dc601df2c1e8d9,36493d4cdc4c7a595e50be5d6c71f09d,dd131a05ead3e4f70b991714a54de5ab,cfe26d6aea9efd71c5513cd733043333,7ba28aba612a440ff8dd711262154f44,2a73e11492c29b7696d32cab40401a30,3ac8acc7e11bbe6772fddad237e51d2e,0d96aee679fac13091dac1b352b9485f,630ee7e776797db7d8df48faa23d5a65,9c0a5f9ef978de85871f0df5f328cc04,762c8c28af0cb9ae3028f33c1520a885,0928147d7fed5d2704e5864f15310df3,2e300d5b9ced3d6eb1bd338e15f42705,9b0f782fc5e61f4bcd60aec45a951907,8c1269604d51124eea733d76d969419f,71e83ca83dd815fb28599128e3923a04,2e207747b7f6ba4806dacd5c8eefb008,47251289aa301e5e085ea87168b93c5b,d774007926d300cfdc0af21fd17631da,a755c8d149dbfd8145d7e0970920af69,0e9ec21c9c1d75db573e64780f4bdc04,c4c87cc56c600398a547bf1d240bac4a,876d491f272ea12d93db7be1c54c1e5e,f4010791f0c5aa854730550435ca5837,d73f5beea409541bfeaa2095570c500d,3dd952e6eff4eeed1f99f883d7760558,ea594b4481ccdee2d7ed446a2a0ae272,e853197616422fca1c71e49cdd101657,32e418063c86b6aba3701f86f27b15bb,e47da797deb91bee9d49736f2c03f5d4,200d22d4f0b96478bc89e527590483df,ce1dd76e18ef0012011b3032be8a83fe,72cf8a1a01fb55ce2780a3fe0f8038d1,5402c87773c8c6cb257b4394b0717185,281856e1516923676b43bd418e6f25a7,9c863871d4cf0e4b25504375945feaa9,7fc85a57ec35f1b6145953e32a673446,67c5e92a315327f8188d2c91faf5c3a1,1ba20e49a934c9f63888c0aca2e3bdb0,106479e4024061d5093f0dcd23bc6cf9,179d05e99c44e629c8e68aef8ee71784,e2a80f87817bef0d96786c7ce389aed6,8597f5e4b5aabc29c6fc71c001a9303a,6a3dd1d0444d504a669c0825857a9074,fe5f4acc019e16ac5a920b1014cc7229,1ccc72120e9ca6b9c58c97c139468900,7342f68949be41c06eb30d3be1f3499d,9d5cf228e9ec57d97be4213c970d5621,a5b2dafc7f7a3eabaaff5f337f5a7d42,796b462f075af0b2fa608735085c20e9,668beb724f47e5a18cece4da0cfd0a51,a2a8db06139e5d8b33b9696c575f0414,9a6473062b1e797bcc9732f0c9a07849,cae432c95e5232373cb67ff90e7793d8,19f6997d3ba451b2bc8107503d70ab73,83e59a57e4575c3cbd02a8451997959b,5876cef9666eaf04c8dda83ec6c83a60,66b960536d4f8c72e04621cc3b3cf8e8,cf83b57ee57ce2ce8c9cc50781da2080,13e68590206aad4467ab4aa1b71406f6
2023-01-02,0.0005365867009745348,0.02644609843447014,0.0003892904453495922,0.0009137627819806138,0.0003302511281012435,0.0026409755721703274,0.0003186649510331146,0.0011645816859668968,0.015251767451340062,0.00044659261607987716,0.0023289315160444977,0.00034614810365710526,0.0005969489154120438,0.00027721104913070436,0.0020248260633126723,0.008300568211768453,0.00020736892448409137,0.00026013416486290217,0.000431500757485883,0.0006496086266939063,0.000547310441854291,0.00018424255970941178,0.00026701476061120487,0.003956801188461724,0.0002794389350326225,0.0002378516175477686,0.00018359902890905137,0.00014601110478675307,0.011498291125690261,0.000379322156731668,0.00017218251756719185,0.0005965934383714527,0.024938141127984877,0.0001825966771348236,0.000702873248726982,0.0008295611415657079,0.003645010141609031,0.008596863967449396,0.00206677392222053,0.001112043158653928,0.009809424505775346,0.00018730577221435688,0.00022322586710393438,0.0037570111293152306,0.0002862956594325585,0.0007444660328356806,0.007435135995800635,0.0008517319308751659,0.00012755900414842777,0.00305210040359067,0.0002703381433665305,0.004627598309323829,0.010287955494472808,0.0014071071276689749,0.0007135088438919346,0.021270782634433695,0.0578073919044043,0.00024362529179846422,0.0016325317589857256,0.03341866820858228,0.0005813632010169905,0.0001329572343658424,0.005612515884208539,0.000474446949355785,0.0006564233740083042,0.0004230949702335688,0.00022746723459835766,0.0008130157012930434,0.05004479371524007,0.021890200066509248,0.006826829618765611,0.00013369348148319378,0.0006769455778044313,0.0003153403161267937,0.0012075568662049073,0.00019990301946984877,0.0012303410325274046,0.00034097057931980617,0.000995979682543743,0.00043587618740197314,0.0002913342121966998,0.004463328190056338,0.0015754272370678989,0.004770870206491832,0.0031609567861653654,0.0006029807510655277,0.001155575937368336,0.0016369048455113,0.011847489449314578,0.0020629450816119846,0.00017896604826555742,0.0006562124529564399,0.05187597955253603,0.0046781186855592415,0.018626610898517523,0.001169743310052384,0.0012840372751562743,0.07097874635489079,0.00025292978634640346,0.0001704121292523929
2023-01-09,0.0005302832635793024,0.02645229897971794,0.00037893518096161804,0.000908756169371612,0.00032171635975095574,0.002617877809088982,0.0003167051040645891,0.0011639638804825665,0.015351987834822767,0.0004318842382086808,0.002316704942481245,0.0003397312156843302,0.0006220427782960857,0.000285340271693782,0.0020602115219859034,0.008386013604976185,0.00019854906916307253,0.00026793450208542526,0.00041572802595202626,0.0006333409893198947,0.000576453812732173,0.0001901083942816042,0.0002652928695887788,0.004047237676273686,0.0002744042803287518,0.0002274785910566494,0.0002009969282535496,0.00014626868818242176,0.011597491023504464,0.00038330605810673127,0.00017542070339937382,0.0005889400414871176,0.024781667029074472,0.0001824878315709807,0.0007018028346372625,0.0008452453312095044,0.0036732473869649208,0.008688475213800638,0.002034875164009835,0.0010996770289346696,0.009956589584981246,0.00020573787336643836,0.00021171081224802206,0.003747472207139601,0.00029319933957093285,0.0007200229751195001,0.007443836365586284,0.0008421290290209569,0.00012649617383257423,0.0031121819866087507,0.00026951912099316744,0.004525457733161018,0.010357483792768737,0.0013757449820084961,0.0006855966790235278,0.021260526385896497,0.0573063182886575,0.0002495058998160502,0.0016476801342037667,0.03343984965264753,0.0005614679698765615,0.00014159102524619594,0.005625400257413598,0.00047345790082506563,0.0006597263998038144,0.00041587072522973904,0.0002325686568661768,0.0008167979403214123,0.05004335743639289,0.022083798961410668,0.006712646709122803,0.0001298002103252056,0.0006862913641164019,0.0003001708168327375,0.0012371126868277532,0.00020153768979401803,0.001272676350098619,0.0003271222107922775,0.0009860584474582065,0.00042482206182551595,0.000284099931039848,0.004392557259984086,0.0015831203075857066,0.004850253883889673,0.003198072714508881,0.0005909964241918267,0.0011852896554520342,0.0016256972229556838,0.012064801132921944,0.0020296414623462026,0.0001809897847658477,0.0006342845901890007,0.052248331031523466,0.004570782019144145,0.018611895871101104,0.001178522311832712,0.0012839523402518361,0.071946633758702,0.00024267451421985047,0.00017303743450086927
2023-01-16,0.0005350279552055599,0.0268283712242586,0.0003841475563037017,0.0009275901914126518,0.0003271699083985711,0.002624366809730625,0.00032367454352081606,0.0011815208929456319,0.015507191390411677,0.0004389884625822202,0.002312802244864887,0.00035074180229012757,0.0006308659255850104,0.00029541543109948797,0.0021359632324190383,0.00845200511994636,0.00019895095603458316,0.00027575590389500835,0.00041316876161664106,0.0006462795670369113,0.0006019514942345056,0.000197187876593734,0.0002636579307685744,0.0041921839531468465,0.0002820453886431532,0.0002273091319219397,0.00020494907202026416,0.00015484859519577582,0.011707458696605812,0.0003963332839047438,0.0001813209551418319,0.0006010249860392728,0.024846806638437465,0.00018884208259839003,0.0006954868316819028,0.0008545201396710473,0.0037732370294772965,0.008831900748176146,0.0020261933324940214,0.001131885073265958,0.010155925920676118,0.00020934914015356102,0.00020993335864244862,0.0037589820328234732,0.0002988745100210022,0.000715845633237052,0.007555308277310964,0.0008476010376969465,0.00012987647862375062,0.003206059430837478,0.0002718978498724327,0.004480644414110603,0.010459000583415574,0.0013587146702335809,0.0006795527227632027,0.02155001559271285,0.05755074042212277,0.00025589856108718285,0.0016588142096187071,0.03384864241439656,0.0005623403593056287,0.0001487254990352306,0.005697268791399548,0.00047042245951902403,0.0006669248989041364,0.0004186024373655466,0.00024405315464762374,0.0008149936420900458,0.050296396142102504,0.022595130877652914,0.006740550646779512,0.0001281513913566697,0.0007064368965668726,0.0002924835480131677,0.0012705137870116746,0.0002133866695896406,0.001325430307353927,0.00033061655813524147,0.0010175253990829364,0.0004162409385428311,0.0002866249076238629,0.004451825919662402,0.0015966122774697853,0.005007445290207639,0.003255308903107292,0.0006057761393515917,0.001240703697136825,0.0016568670301854583,0.012369528414911315,0.002014877821067064,0.0001866984116908887,0.0006286597254047642,0.05288554329321489,0.004543609055083929,0.01882702987313427,0.0011915806274406119,0.001296394502479342,0.07345749199889393,0.00024705057334781916,0.00018519276344824227
2023-01-23,0.0005702567154700043,0.02759715352114917,0.0003871960311171911,0.000979110909274544,0.00033206443357529223,0.002717882065885112,0.00033224764519693004,0.0012339312161197314,0.015860844868287812,0.0004455195312799782,0.0023657206842360064,0.000365523593187283,0.0006511696306421136,0.0003015137654646193,0.002204663311200591,0.008720920543449823,0.00019751414815520756,0.0002876368413723151,0.00041826063736430055,0.0006757529790994882,0.0006169783460373351,0.00020222090009570053,0.0002728859498660014,0.004286015726838621,0.0002948218601252538,0.00023363672577428703,0.00021675529308758714,0.00016298451109895984,0.012045411796342083,0.0004285987934861049,0.00018669076876074177,0.000616095190883125,0.02532468681229073,0.00019429027005049963,0.000702021663556984,0.0008810533605186902,0.003835004278954314,0.009107804983778445,0.002096743218820226,0.0011674889339061436,0.010492771856327226,0.00021798726817961033,0.00021365443104224297,0.0038453888790091033,0.00030289231263904126,0.0007133917338276866,0.0077073043194307855,0.0008670025596979943,0.0001382866980080765,0.00326542509102673,0.0002692513958125808,0.0045961534317351905,0.01076184232371411,0.0013861360976822152,0.0006956729991372613,0.022069682195424566,0.05859616498915051,0.0002641757120097079,0.0017058445678478297,0.03495064741563381,0.0005639521314357295,0.00015701378972514903,0.005835729926397298,0.00047217926715556095,0.0006741716189908234,0.0004250637378570798,0.0002549160201188463,0.000834782668693478,0.051368053945752695,0.023174001392720696,0.006851251073655056,0.00013177488214218648,0.0007251194063176596,0.00029753540644999023,0.0012935654783939588,0.00022302290041382696,0.0013739247811254177,0.0003310889397833727,0.0010549905705465191,0.00040444262886311385,0.00029672794543192236,0.0044870564438898065,0.0016371670312472799,0.005190326369515519,0.003379590105884296,0.0006241401600376603,0.0012932333587932113,0.0017362718413755172,0.012797442745406085,0.002090437473143199,0.00019809793625481613,0.0006522076501881639,0.05432828062278032,0.0046507357485949235,0.01926042461779238,0.0012066777381354056,0.0013594910151377298,0.07574677516612438,0.0002543731388837616,0.00019419725525172553
2023-01-30,0.0006011732959707284,0.028967472411217686,0.0003885892127821088,0.0010282988856919113,0.000337112271678546,0.002826143484165835,0.00034253012428054496,0.0012934675774855652,0.01632476351527827,0.00046113638431345336,0.002433397654245199,0.0003786982156262208,0.0006698549837495901,0.0003158329961639024,0.0023047840924332427,0.009161855113752407,0.00019868988351965728,0.00030337014847940923,0.0004159004239104304,0.0006941173665758432,0.000628919092300607,0.00021158779885843557,0.00028110196520440763,0.004361673324136702,0.00030891456780901907,0.00023516982342747212,0.00023306939878689898,0.00017012298200420718,0.012668057172421157,0.00047306988992325033,0.0001920864992168133,0.0006480959887369352,0.026109816505730913,0.00020330713095716914,0.0007220071991227477,0.0009133470310307611,0.003919481046222679,0.009471254922354923,0.0021777453084212664,0.0012168275430460248,0.011005751212090737,0.0002225649619351811,0.0002191367794960614,0.003981683380500702,0.00031562679445679907,0.0007240947062651455,0.008022875558018373,0.00087647451582112,0.000149691713792866,0.0033100511478395102,0.0002727245349449542,0.004767736368346688,0.011302015503591892,0.0014011229953045088,0.0007225879731518115,0.02306813846987847,0.06015540253791195,0.00027652832428425944,0.0017791320695222125,0.037003423286098076,0.00056476997923973,0.00016405711067689837,0.006131527038245732,0.00047242521822845506,0.0006900021217324887,0.0004304682016940197,0.0002764776037363411,0.0008520939353312221,0.05357945316007287,0.024201179425752894,0.007069606877549543,0.0001368140041240569,0.0007461886363398565,0.0003221966262033709,0.0013091692083815596,0.00023156985958057663,0.0014472087244004116,0.00032749799471258823,0.0010872545755084948,0.00039579524744709076,0.00030920703812736594,0.004634921482960065,0.001699479895378322,0.0054394975941013425,0.0035411418185228426,0.0006494976847278927,0.001331579516462416,0.001823697026884784,0.013464720667301013,0.0021653872211087706,0.00020514307014790194,0.0006827206848286273,0.056991079544905024,0.004813721657297558,0.02010339283870599,0.0012325405135585443,0.0014383035215189235,0.07984356148140055,0.0002503490611482266,0.00020137873738249414
2023-02-06,0.0006417694720490927,0.030565803797152784,0.0003908004031162834,0.0010832822837987994,0.00034314844312164917,0.0029640698933420047,0.00036121020335755583,0.001356164534881116,0.016717936586433085,0.00048541889965304395,0.0025388195624268775,0.000407313509826613,0.0006947164581996987,0.0003262745340293318,0.0024219857421393896,0.009599935669185449,0.00020529142887671867,0.0003141798449898457,0.0004213109221333919,0.0007379302243087189,0.0006388160314557274,0.00021944039202795643,0.0002920898223978023,0.004412530564759382,0.00033491483456854113,0.0002499062759384179,0.00024470704255330147,0.00018297854256759413,0.013303299800171113,0.0005400880881052055,0.00019949155201685775,0.0006977352554365141,0.027147682539934857,0.00021221316820026177,0.0007614666886315086,0.0009533284504449316,0.004070120781225869,0.009743545845205958,0.0023121647987580374,0.0012692618783840823,0.01157024942195295,0.00023337374890815607,0.00023478821801144786,0.0041713672425466655,0.0003316066959982725,0.0007453369697861977,0.00840070148270653,0.0008972980439893006,0.00016041983752759613,0.003325172135663301,0.00027747118955385156,0.004985170591382214,0.011845054954790903,0.0014444810314373307,0.0007597363112328285,0.024088401949115986,0.06217945657069584,0.0002892510462377435,0.0018615257496479758,0.03932841050074512,0.0005799358373343558,0.0001716863117261721,0.006435200717493021,0.00047485520983809595,0.0007067581800025112,0.0004393463563402295,0.0003005249191650086,0.000873598279062792,0.05610392696596285,0.025321400396298,0.00732074327622834,0.00014260429191256482,0.0007680841310327657,0.0003557693711503933,0.0013254579044426305,0.00025845288147633604,0.0014948381062549652,0.00034510885747637946,0.00113516633722514,0.00039040123304669253,0.00032618767232998896,0.004818030279811482,0.0017611354276873775,0.005658751998411147,0.003746140697694283,0.0006885446316863231,0.0013616597897946907,0.001958729025700996,0.014147419986596578,0.002254468760958887,0.00021199274799811848,0.0007130012397810653,0.05970863589933828,0.005027836709229785,0.020945733742083306,0.001279224543422182,0.0015155430031059051,0.08373390085574725,0.00025582870410013507,0.00021657856608839929
2023-02-13,0.0006677539870381695,0.03147484083395049,0.00039847781921474227,0.0011253774471409242,0.0003505025567156482,0.0030672786298910184,0.0003789999228599424,0.0014030519717195713,0.017211355349710255,0.0004918738598095678,0.0026056789309842647,0.0004166251327674609,0.0007193570224164167,0.0003425735055895034,0.0025074786200863608,0.010000173709993586,0.00021361032583440645,0.00033001414148062897,0.00042509127323764047,0.0007685997346515571,0.0006366517509179001,0.00023236261964981563,0.000296911631360468,0.004479143291982016,0.0003478626879231797,0.0002533187806442265,0.00025531122366952315,0.000189059413459496,0.013829762761437816,0.0005910753517350284,0.00020131383543553035,0.0007219076042383568,0.027844478440710033,0.0002203340485194369,0.0007971885889566206,0.00099811994688701,0.004174344340486322,0.010104436607244225,0.0024332360290692722,0.0013065147964244864,0.012081484343553916,0.00024590564748518123,0.0002462018874772895,0.004301207565022065,0.00034245085704102035,0.0007647252420206603,0.008638341608039914,0.0009188092039847148,0.0001697344424373539,0.0033546450606328124,0.00027966788370269207,0.005160769544409723,0.012327379892006763,0.0014905889698854588,0.0007780736345742965,0.024900076860954513,0.06347709458555817,0.000301064722870493,0.0019257338296350844,0.040647905653849695,0.0005761486393405051,0.00018202055852470977,0.006599382482020505,0.0004767115914776478,0.0007170907877411393,0.0004425055356187967,0.00032725628672947745,0.0008954682532828053,0.05757254346040142,0.02621663421207623,0.007464697832856801,0.00014706866633754236,0.0007790966442521547,0.000369795895873629,0.001335468532967992,0.0002837332417310079,0.0015358708840953954,0.0003550853886671221,0.0011506761072040067,0.0003996982257954559,0.00033843400069139045,0.004917398525981835,0.0018286929239953182,0.005925385675019714,0.003878093000998013,0.0007130247022676271,0.0013933216917071888,0.0020644228479702095,0.014787419938192516,0.0023426039347110004,0.00021667041253939714,0.0007484745378154625,0.061668905950811356,0.005204079071962669,0.02163714540582386,0.0013290036306473163,0.001571479596099099,0.08651960562971041,0.0002542356251378975,0.00022538768173757052
2023-02-20,0.000724591733713876,0.03318118758534847,0.00040913853498674254,0.001201334769750363,0.0003579031052655682,0.0032465614776907917,0.0003976994766189859,0.0014845696687857306,0.017756985074281598,0.0005261747953263848,0.0026810912283647594,0.00043518499336462637,0.0007481592041444978,0.000350895312215389,0.0026772204924075237,0.010500722802351337,0.00022764114808607977,0.0003501962986543523,0.0004324089442881608,0.0008146668889039078,0.0006253307665714072,0.0002460624242075105,0.0003094291135856988,0.004480042832308531,0.0003822014608753199,0.0002667883223053158,0.00027157218058951826,0.0001994869294065236,0.01453165963238845,0.0006946800221855278,0.00020988024033140112,0.0007722099773240638,0.02866228455072821,0.0002351178041132818,0.0008171273113408135,0.0010448220803140889,0.0042971136203064355,0.01051998896367292,0.0025733710709161814,0.0013978275640885596,0.01273029718846529,0.00025189434200155973,0.00026246120471904474,0.004477040463009951,0.00034496635901993465,0.0007988816989589318,0.009073133858609708,0.0009517325623424444,0.00018965097587825646,0.003346912185227688,0.0002863789813343759,0.005465729045085089,0.012944118518477089,0.001541613781597974,0.0008196957982982938,0.026146243848471834,0.06546229078626221,0.00031714239622226254,0.002027687489509504,0.0428979011031416,0.0005770973789101949,0.0001894984207247067,0.00691362694212769,0.00047469453483469276,0.0007373849251643808,0.00045374972157871316,0.00036043912508629635,0.0009138352611233209,0.06009733786424837,0.027491458565602138,0.007766948507088842,0.00015586145370166245,0.0008165308839025554,0.00041652555347105864,0.001336991155654692,0.0003459868043511991,0.0016106276462730734,0.00037254874169038787,0.0012274315213919227,0.0004180636272487349,0.0003638028887365606,0.00511502354739336,0.001917013035935416,0.006239394172334713,0.004127946147616817,0.0007630438725433105,0.0013990494555743568,0.0022476367948779537,0.01561509961846537,0.002453246716119817,0.00023370005646445812,0.0007784700767455128,0.06464139558331755,0.005516006666406887,0.022661763758815217,0.0013858541739987088,0.0016638287188488008,0.09137252337156243,0.00027406340669507406,0.00024464155234973223
2023-02-27,0.0007638434846547143,0.03475888791253364,0.000425794825165428,0.0012562653812369007,0.00036947650990226905,0.0034255746684910167,0.00041124958379136804,0.0015314998062222755,0.01813019023859752,0.0005477772284817108,0.002782202299896589,0.00044138684261087435,0.0007778155508720919,0.00035688314687152623,0.0027816193977332985,0.010989647357513309,0.00024758642990023964,0.00036159019411221476,0.000442224054343101,0.0008529357614225773,0.0006066688772455874,0.00024676427751248186,0.0003175538025785748,0.004410735350073764,0.00041105196104927917,0.00028013058546137314,0.0002903891798487159,0.00020562244199108358,0.015268849255106553,0.000790983074280955,0.00021495106923964305,0.0008135892399316349,0.029828934513445593,0.00024286358492297346,0.0008426977347602581,0.0010940963789710376,0.004424335468684162,0.01072810641516996,0.0027613011786988264,0.0014890733764882998,0.013128540697839268,0.00026721712684125813,0.00027229101587191107,0.0046584595781145564,0.0003574551882163038,0.0008382909294052514,0.009506926403228168,0.0009603980128142105,0.0002085941646660849,0.0032667463371994897,0.000290648837346212,0.005861723070442976,0.013586918299517532,0.0015705261992350738,0.0008699209138942027,0.02704708152795771,0.06796596078993156,0.0003225029058325092,0.002098648088891418,0.04516957374420897,0.0005663476109969144,0.0001940991892246207,0.007219268964733358,0.0004787083573650288,0.0007387193212079294,0.0004594825086636688,0.0003944288682460907,0.0009196880771326155,0.06305243742104694,0.028353270143876397,0.007993564299418443,0.00016438590507650462,0.0008480465202439682,0.00046523617226045335,0.0013121124717018168,0.0003999575633522463,0.0016666402742443046,0.0003879959326918018,0.0012821351735649322,0.00043075236747210766,0.00039583421074534735,0.005237388610678946,0.0019965800477318493,0.006428491836739869,0.004334943811109607,0.0008066216762718843,0.0013838382131777585,0.002417445139492448,0.01604025650147198,0.0025804112862088035,0.00024623001799894723,0.0008138119682160748,0.06754320526524628,0.00592111430704472,0.023414663257063,0.0014456798746696159,0.0017213149732116496,0.09484363753217889,0.0002657122034102761,0.00025437389788638694
2023-03-06,0.0008110521378623585,0.0364247751806151,0.00043388999060003735,0.00135083499156941,0.00037573048425957326,0.003605320020276351,0.000426655660763422,0.0016457354082094473,0.01867755612060284,0.000557257533173014,0.002877452296757445,0.00046131177529499075,0.0008091361888968138,0.0003690419113330911,0.0029458012581999498,0.011465392109941049,0.0002539962029356694,0.000383619214475198,0.00044691611539707026,0.000895672737613562,0.0005860359456686383,0.00026336315065726435,0.00031875901095921807,0.004300463637824275,0.0004315960851291819,0.00028100194600504287,0.00030563107500906336,0.00021378879956830118,0.01592923613324929,0.0008661678033615935,0.0002174037557252017,0.0008506412741153822,0.030630285427424603,0.0002608845750667035,0.0008676752990863277,0.0011542835567913967,0.004563917841108383,0.011089081355556196,0.0029545931116488557,0.0015405518468703798,0.013721020175971715,0.00027896540430070993,0.00027130311992867027,0.004870421278202067,0.00036606017491826176,0.0008495601270507027,0.009890637868617127,0.0009583784917164396,0.00022640576999222742,0.0031624306405583125,0.0002907002411876434,0.0061110311676689615,0.014190818361053445,0.0016090799013280643,0.0008787576223652973,0.028411458033676354,0.06947256713889498,0.00033997071166002083,0.002187218293195516,0.047583577060738194,0.000559447090818873,0.00020460367812036344,0.007510994838890249,0.0004778974923601489,0.0007644764333371284,0.0004680184149898012,0.0004135437067500665,0.0009520123866070667,0.06568741564318173,0.02958164116729603,0.008166110984568889,0.00017077465754480436,0.0008750371313598038,0.0004744941828280463,0.0012873409150033655,0.0004477700378608472,0.0017194494129356428,0.00039073180684230744,0.0013530066286694439,0.00044793418306440184,0.0004158431804021304,0.005289141054583651,0.002112238069407466,0.006756996435730183,0.004571907861629869,0.0008253429887438906,0.001336061423054818,0.0025492076706644124,0.01679774808630318,0.0027058015897943304,0.00026043776702144037,0.0008412628700587631,0.07042721541588824,0.006159161329505618,0.024520141855773538,0.0015013981507133259,0.0018567492872470657,0.09938232014876888,0.00027783958489393775,0.00027391422564420676
2023-03-13,0.0008495202213962523,0.03815837044702306,0.0004443136166347494,0.0014024162767384673,0.0003858405744248147,0.003744796007703446,0.0004457002098120986,0.0016998239851718398,0.019147043544971484,0.0005792996618704396,0.0029727030536703964,0.00047679906797101166,0.0008347291836143623,0.00038252187230428504,0.0030845449253395305,0.011924028630517093,0.000272439973230761,0.00040045259644261706,0.0004531089295520789,0.0009296328321567293,0.0005515452666274267,0.00027730381754275144,0.0003321870511738336,0.004118669244012799,0.000468354585227113,0.0002890976367416276,0.00032186551792049247,0.00022759885742175103,0.016553448478911662,0.000956444869522655,0.00021973763348413035,0.0008945174694964283,0.031453730813914386,0.0002727421249071652,0.0008863789333882544,0.001203231132842529,0.0046851551898737884,0.011434694493601901,0.0030569890576722884,0.0016049297081861904,0.014240224188963492,0.00028824448229300143,0.00028347306583977554,0.005015866850989549,0.00037433356136710197,0.0008746173903941549,0.01024368434965393,0.0009370035019422284,0.0002459668952538465,0.0030052862144914765,0.00029194079259986326,0.00636804624742553,0.014741948593538393,0.0016309158743420668,0.0009114916661705789,0.029516821501291462,0.07132960105840828,0.00035761132527170657,0.0022677806902546846,0.049740100756358326,0.0005559729316553636,0.00020700349599687485,0.0077898079985847316,0.00048199740192479175,0.0007779212746308441,0.0004742803005305444,0.0004390842429384806,0.000969340651993305,0.06808723401711667,0.030639340743750607,0.008358352412838407,0.00017313786961036738,0.0008999203158245866,0.0005121133494127166,0.0012415065102757239,0.0004901648577696495,0.0017734488400378459,0.00040048488100200285,0.0014002414001082796,0.0004599412181716986,0.0004434309941509579,0.0053875414311014246,0.002188688746438124,0.007011504250401508,0.0048022305247004595,0.0008574864092113232,0.0012769899250797043,0.0026644192345033246,0.01744818961375685,0.0027959063527880656,0.0002694969626510119,0.0008740952100109388,0.07313039575266558,0.006427607487941517,0.02544525420912765,0.0015647182241596183,0.0019169977394107537,0.1035483092514398,0.00028884105425794424,0.0002878410087854839
2023-03-20,0.0008947603244902676,0.03899988178345618,0.00044616379449377824,0.001468290500511057,0.00038178777452748796,0.003898409459156893,0.00045129457337433985,0.0017705781620236242,0.019294936600896748,0.000602565279198461,0.0030585267838478185,0.0004990741863105951,0.0008443354499825108,0.0003875598151052463,0.003127792396059761,0.012236545279768545,0.0002883872577621966,0.00041353674174085883,0.00046423864266131203,0.000953431771325889,0.0005129404903236421,0.00027844878480277007,0.0003381252850641809,0.0038643711794084747,0.0004955678981500878,0.0003038582477603214,0.0003307350643057518,0.00023766960996102524,0.01697509829757101,0.001005171466083949,0.0002222722395576418,0.0009247992711666137,0.03211451368296648,0.0002837400652170291,0.000887332233022073,0.0012241804902914475,0.0046815836972974026,0.011597030309712564,0.003205283606735847,0.0016647209526083587,0.014573542669771244,0.00029710177054168143,0.0002877384148845495,0.00518891716524087,0.00037288577145085805,0.0008884843981304526,0.010514581626368697,0.0009105374799811123,0.0002626870746154911,0.002796274906966436,0.00029329572277360085,0.006697002013279689,0.01510135560267088,0.001625160683849203,0.0009543704977814258,0.030205599664270968,0.07265007700050184,0.0003672556184407215,0.0023190590924789846,0.05126434609910824,0.0005658263541237945,0.00020977218323525924,0.007993594311076883,0.00048285915809096695,0.0007743679946898703,0.00047962995814485965,0.00045254375463173586,0.0009804061901912836,0.07001041695942731,0.03118150255426552,0.008494109698206034,0.00018220757856459384,0.0009240843662148217,0.0005430120306471558,0.0011723491311976613,0.0005285986555922033,0.0017874308530118268,0.00041032487227330474,0.0014635577855987368,0.0004634676827950359,0.00047016240081548073,0.005431841662405131,0.0022359884175431888,0.007112627300150081,0.004937638908401182,0.0008864313359168189,0.001194266680155762,0.002805718185660985,0.017805248487848736,0.002922129703239462,0.0002794739152177613,0.0008907014175075232,0.07483559779676394,0.00676080434946345,0.026027573586623144,0.0016042571265962409,0.0019939533174343402,0.10559281384606034,0.0002906514118226207,0.0003026831152935275
2023-03-27,0.0009374140514346782,0.04047616689721696,0.000445643477127306,0.0015215393394269808,0.0003786712024412543,0.004028817188362368,0.00045794707685176453,0.0018415098320304954,0.019887806959611763,0.0006028090835078135,0.003155042068492857,0.0005146413528635956,0.0008701051251051783,0.0003982025720430214,0.003279639178713113,0.012799693810048945,0.0002874806443797453,0.0004328279996955569,0.00046213052187284577,0.0009819308811190978,0.0004650241381383896,0.0002933318704901973,0.0003418612052819398,0.003668225040550723,0.0005079900557021939,0.00030480569199712606,0.00034613799248497707,0.0002412350052229,0.017582361899349863,0.0010955664662100333,0.00022803473705144164,0.0009546008778320406,0.032966504599290444,0.00029300621050884447,0.0009157219655685619,0.001287819603483928,0.004764986611747346,0.012051758760789478,0.003372570376901692,0.0017101902847028348,0.015102537143458225,0.0003037731533994838,0.00028546135223496535,0.005388698922001528,0.0003772395832558283,0.000882415853535043,0.010777102614797774,0.0008715153408720851,0.00027118700355586794,0.002647620611931988,0.00029192074111985086,0.0069073894498915015,0.015676463312221084,0.0016319601074441005,0.0009663958118999726,0.03156351336433383,0.0740840500174743,0.00038661067714873976,0.0024037394416026566,0.053082636533773916,0.000562216536394851,0.00021815862206909373,0.00823875720009411,0.00048323378224798927,0.0007651931696404251,0.0004804531179767937,0.00045919026867094004,0.001023177655921966,0.07237497432253853,0.03225272359001613,0.008667903380922316,0.00018635107302965979,0.0009603640400174264,0.0005502713126683308,0.001120384219143312,0.0005793081266537008,0.0018356493316405312,0.0004072657898298617,0.0015074080343612688,0.00047713223547809607,0.00048423177621064215,0.005499909946594301,0.002382657341091119,0.007480312377068737,0.0051453685913576235,0.0008919418667982254,0.0011384311578965078,0.00291319178595507,0.018487508917179943,0.003040636154781981,0.00028600430663922244,0.0009225439244131047,0.07747217675300387,0.00695936559676761,0.027139529832617488,0.0016597875674803993,0.002095617066439334,0.11028080865673132,0.00029794973684797076,0.0003126828590062821
2023-04-03,0.0009802862840963974,0.04135560244729753,0.0004539457893594638,0.0015982413653020736,0.00037950691739451,0.004183799636591191,0.00046814124453988274,0.001927743539518048,0.019861398003981377,0.000631191985533332,0.003251813130787055,0.0005316293638772148,0.0008786309965563605,0.0003982807503528779,0.003319831289214412,0.013031494369902386,0.00030448054701696323,0.00044495669255896584,0.0004721342558216519,0.0010055992563542033,0.0004222174063331042,0.0002943723832557639,0.00034927643031560165,0.003470702265842626,0.0005364299639560387,0.0003182056765076774,0.00035295614492863753,0.0002499913624832452,0.01789166385193309,0.0011338328083774169,0.00022834229767404796,0.0009875405858142138,0.033624083404728125,0.0003079341905436572,0.0009156512326024561,0.0013088232453035812,0.00480916978567038,0.012068069186233231,0.003519570456583741,0.0017768996999409144,0.015291320661143186,0.0003108351448825863,0.00029297433672338696,0.005515897103663812,0.00037107988633563327,0.0009079297747690995,0.010990305261264929,0.000859648567405617,0.0002890429173604533,0.002511423962201015,0.00028985139046014836,0.007275772895004869,0.01593107060215044,0.0016478159569626213,0.0010094957274455892,0.03216582795480466,0.07568150289837665,0.0003942060379673752,0.002429487972483717,0.05444757615016108,0.0005697095470046566,0.00021627317783327307,0.008415736395601406,0.00048393801577655866,0.0007553721195048316,0.00048248332387398923,0.0004697466075317793,0.0010251544337387475,0.0739786957831193,0.03260247622682548,0.008824874316748686,0.00019315771304004252,0.0009792602611906644,0.0005831853807166201,0.0010654694412560786,0.000612351317251802,0.0018347862422479983,0.00042247997828033317,0.0015884647881105266,0.0004799496540936887,0.0005161894076122102,0.005614675850717323,0.002420779989435625,0.0075345792378156,0.0052642565063357296,0.0009195527447621426,0.0010754600353851736,0.0030550882745373634,0.01868166599606222,0.003173569445755606,0.0002930208144358282,0.0009379758695782163,0.0786919311197043,0.007341540737900297,0.027639937208330533,0.0016989636387607942,0.0021865807887194743,0.11150824783360255,0.00031283894302677284,0.00032599481797815496
2023-04-10,0.0009937184916861725,0.04175772760586613,0.00045568733289716966,0.0016130564337596153,0.00037156052659920456,0.004197047472018892,0.0004627546685826566,0.0019443830529505086,0.019865218541337073,0.0006306775864199139,0.003300327023555846,0.0005331928869151022,0.0008950047823574629,0.00040462124584135273,0.003343322554346899,0.013045000686675714,0.00031120089898912314,0.00045411317044829005,0.00047434180302750086,0.0010092036370564562,0.00037148127423929333,0.00029719819635574556,0.00034600068163010686,0.003222636975404365,0.000537781889085519,0.0003226498275256805,0.00036070950321264746,0.000249410495063138,0.017917036114272224,0.0011341371911342648,0.00022574692924626596,0.0009912864761752853,0.033779555974362684,0.0003139151128051345,0.0009033549407870801,0.0013323707857457868,0.004860126728794717,0.012110469648764255,0.0035605389210411516,0.0017907948268445274,0.015352388465250614,0.0003149798593877316,0.00029441133370307115,0.005607187467162095,0.0003711644209232702,0.0009018696998245568,0.011031407112702833,0.0008413377633184359,0.00029081565055032584,0.0023369827122809066,0.0002881616337523216,0.007288358872589178,0.01595170579901569,0.0016522051139859812,0.0010184444010765028,0.0326019404433827,0.07566611443018778,0.00039776643218985213,0.0024399089922150373,0.055143986285493204,0.0005754954901618176,0.00021783781692682883,0.008511338912678133,0.0004839280180359561,0.0007503093310840622,0.0004837792145173392,0.00045451417660271167,0.0010332189014763086,0.07458119267387424,0.03273556688235894,0.008791899627260218,0.0001951956909443747,0.0009893756420345297,0.0005861169008623467,0.0010050794182440489,0.0006285758901273989,0.0018620151644400081,0.00042128588893792514,0.0016226585348433453,0.00048434136943247447,0.0005195183075572767,0.0055830094816418825,0.00249942947423599,0.007649313221901385,0.005328922659981327,0.0009181715911305995,0.0009902243018102168,0.00308514035618657,0.018780519811561633,0.0031952016939025643,0.00029636660205498155,0.0009392215518783089,0.07895269229620272,0.007349029236254874,0.02797138039966883,0.0017125488011050277,0.0022026659161158385,0.11217407444472464,0.000333997269191656,0.00033658457427646716
2023-04-17,0.001024131034868527,0.04274229756973325,0.000452305232526785,0.0016653826739224296,0.00036078837450545336,0.004332183474021603,0.0004652371017104681,0.0020084076380965186,0.020092677577055584,0.0006368237894271461,0.003364228430309783,0.0005471453325765476,0.0009103676264421088,0.00040170036828591685,0.0033999540729521497,0.013326008983783855,0.00032528372570987305,0.00046814113684068493,0.00048521057043416586,0.0010298184907128404,0.00034192178238917365,0.00030471508748003146,0.00035168432872369296,0.0030847079126303718,0.000548483151422713,0.0003256778124377547,0.00037025106767458327,0.00025270881109796877,0.018303151332841737,0.0011734326793123107,0.00022780318853496024,0.0010115625237426234,0.0342541488183758,0.00032110802804127494,0.0009113027505955624,0.001366304319632443,0.004926076393872941,0.012327399185981493,0.0036879528959605987,0.001843487773869625,0.015741879686344475,0.000318282041569623,0.0002965870163158445,0.005757087726757196,0.0003663413190138876,0.0009009991787124938,0.011202948373081015,0.0008173302196685665,0.00030018805350813825,0.002250562914467242,0.0002785438275971022,0.007502359689497831,0.016306692371642326,0.001673369869612039,0.00103764681947794,0.03338288582268907,0.07684385083784832,0.00040915845350912415,0.002491624547417684,0.05667559591278064,0.0005715246239573212,0.00021738758197903325,0.008683813206739392,0.0004802915686254287,0.0007325573497734604,0.00048550889302808686,0.00046533556676834644,0.0010596234186482083,0.0762434118625617,0.03342727005094102,0.008952588632084726,0.00020111423177367462,0.0010149366006931833,0.0006058934982262726,0.0009590277774675103,0.0006566948164037114,0.001900788479014287,0.00043066981433650926,0.0016752333522217424,0.00047498972023947634,0.0005371988825728968,0.005642207250796189,0.0025777950373257912,0.007836052941442528,0.005446435822200057,0.000913741675118317,0.0009361754810816093,0.0031772405314959644,0.019249723533436083,0.0032982062541298688,0.0003048310784470239,0.000954366009650869,0.08060478467572778,0.00756809631386013,0.028624372629375148,0.0017463384727793188,0.00227078555451102,0.1146418859225498,0.0003456039035718779,0.00034576260534587835
2023-04-24,0.0010592470040163436,0.04371249939578058,0.0004555463018554772,0.00172645977626444,0.0003523366051812081,0.004441310911033349,0.0004690708661912663,0.0020798182614668198,0.02038182565961804,0.0006520198239502068,0.003415800111018425,0.0005560673447859512,0.0009271853457182329,0.0004162078734777451,0.0034718978519592443,0.013618421019818984,0.00033908870102884617,0.0004758354783602596,0.0004931338232768611,0.0010630329497544554,0.0003163182468804936,0.0003106309820713428,0.00035235931486327993,0.0029167865868092164,0.0005664221850426221,0.0003388006014813047,0.0003778545298967547,0.0002592664456777708,0.018665527365785247,0.0011980288401270095,0.00022712156996715816,0.001043350059172539,0.034784909789873024,0.0003329019406605481,0.000923570038455631,0.001391569752730476,0.004962448975183784,0.012526507453932424,0.0038228260720256325,0.001901881345277519,0.016087820240730626,0.0003278362701272051,0.0003018584570344074,0.005869881626114898,0.000371266248690017,0.0009067734319878171,0.011395780381592195,0.0007948323202286026,0.0003128270189973063,0.0021511580354379835,0.00027836963332718344,0.007776506527942706,0.016652120677286858,0.001669150085030676,0.0010668506326115778,0.034103627293517104,0.07784125966686498,0.0004210209859073695,0.0025552516643692533,0.057869739210976295,0.0005730541647245886,0.00021969309627892767,0.008828747389511228,0.00048089765045850643,0.0007224530891626492,0.0004892021503886467,0.0004595950224956588,0.0010865746239661234,0.077641870124979,0.034095372690293994,0.009063891793522745,0.00020554353166264255,0.0010271929722091408,0.0006236302978808298,0.0009156149780805042,0.0006657965266312496,0.0019064803653179997,0.00043638065610249237,0.0017152460170291972,0.0004715641052443516,0.0005561359323178638,0.005706620220818135,0.0026286264567668633,0.007992387522226902,0.005584721000094868,0.0009226809159446957,0.000882200354131956,0.003297573390415394,0.019694375367098654,0.0033962461186713058,0.00031185818097503995,0.0009808863814717073,0.08217372334343588,0.007848941310526495,0.02923385563816689,0.0017677175546768388,0.0023461423773985025,0.11698770976993517,0.0003532322513888225,0.0003541646486349183
2023-05-01,0.0010831597989799807,0.04416034794161909,0.00045540149471803794,0.0017580571206273396,0.0003442248778004262,0.0045361812545484,0.0004639123442830154,0.002119078656364236,0.02041200941409873,0.0006610113612228321,0.003461410175576544,0.0005626269597180151,0.0009276260725174321,0.00040884448263348906,0.0034744149368900355,0.013728752527214347,0.0003487342516948114,0.00047501855516392396,0.000500447311024106,0.0010647341053708513,0.00029455774830378654,0.00031409381953516574,0.00034944143306234405,0.0027857610435473123,0.0005770401488184827,0.0003485608976755895,0.0003858505497275328,0.0002562893805548675,0.018824713718765824,0.0012270286969665654,0.0002206940859771944,0.0010588483991166191,0.03516462245574211,0.00033603143841530984,0.0009281668787715268,0.0014171880222337814,0.005004151303201094,0.012534692817205068,0.003931174743942042,0.0019463487776503418,0.016146360984733453,0.0003270578650716663,0.0003089790475689675,0.005989213109969313,0.0003687657896507179,0.0009112200170387623,0.011537129625044834,0.0007980709705378187,0.00031663259898262464,0.0020806644465015275,0.0002742992492488988,0.007964463935807103,0.016781257766269535,0.0016978004080859992,0.0010963964605843891,0.034624666015965554,0.07864296738447579,0.00042873573411841793,0.002564549428499514,0.05870339976171575,0.0005797084707478923,0.00021330768581669684,0.008907079513815464,0.00047601746797711704,0.0007049941700983205,0.0004897218835070445,0.0004481513325084006,0.0010929890020263653,0.07871847796108465,0.034174909441311165,0.00915712916032117,0.00020878276038072832,0.0010331788315767981,0.0006416289189397266,0.0008726633731228023,0.0006848977006318823,0.0019009826565350796,0.0004432007312831121,0.00173778176636822,0.00046403057285918,0.0005689462192147109,0.0057770961262738115,0.0026798374529880074,0.00807074758776512,0.005646391252879558,0.00092334339720427,0.0008325825995684721,0.0033606982002198017,0.019743177561806546,0.003497632942474156,0.00031296149949752597,0.0009937501129410047,0.08270834643324657,0.00802847345461276,0.02967588280502572,0.0017816206474582073,0.0023968877065438984,0.11752024951863063,0.0003733838219170942,0.00035866674917013554
2023-05-08,0.0010803830400145525,0.04445601672435941,0.0004426604228318276,0.0017361243161053443,0.0003245333987101677,0.0045244347218529705,0.00045988318094265644,0.0021014636682541825,0.02055669067405969,0.0006577604229502974,0.0034540468266425657,0.0005570290922578612,0.000948689186365311,0.00041234867484389365,0.0035233300745224055,0.013793022429772206,0.0003404694467159897,0.000479676891156932,0.0004962424866685713,0.0010549960020922009,0.00026829203402875697,0.0003157081543926658,0.00034787170149210705,0.0026467957257810437,0.0005748045178973014,0.00034713989674685673,0.00039542004715370553,0.000250790031266922,0.01881259132383278,0.0012311442264843044,0.0002159318306554963,0.0010594244263009154,0.035016156440697006,0.00034025818684054566,0.0009325067723212989,0.001444447211508095,0.00498502820585479,0.012603951534064616,0.003917514782773908,0.0019289606163608829,0.016100141663003303,0.00033923763994573827,0.00030763659986640613,0.005971765285730334,0.0003593167741417014,0.0008935572542391102,0.01141297391754081,0.000775246184755413,0.00031433612457670824,0.0019975637191814053,0.0002685103490468925,0.007876842003064207,0.016803240745479207,0.0016671004712212572,0.0010793372670187776,0.034917747276076445,0.07828418634668274,0.0004342576745894284,0.002558155165868353,0.05869593308111952,0.0005771850685027703,0.00020696645936492744,0.008886971967263133,0.00047599834168384283,0.0006903100973566641,0.00048251495463845674,0.00042567637601977873,0.0010966417545745964,0.07879906346354607,0.034178288703099594,0.009206329399262527,0.00020661475407229426,0.0010347751668959033,0.0006438133701473698,0.0008324224416204984,0.0006931524470688588,0.0018939233470605943,0.00043564797858713087,0.0017332585767710117,0.00043140242404907873,0.000562577900551179,0.0058093225354084645,0.0027336373983618103,0.008189114834323821,0.005692485532938922,0.0009011739470090698,0.0007826750932104331,0.0033143622926933253,0.019718676783402854,0.0034844182401250704,0.0003093672052856375,0.0009924884784723274,0.08298455696105425,0.007927123733260967,0.029892148932751113,0.0017997636980827956,0.0023848445016755185,0.11849649002883086,0.00037328632445455883,0.000357631051684595
2023-05-15,0.0011067952931266116,0.04467216737756477,0.000444421862440806,0.0017625787962095248,0.0003217300040030905,0.004613267840818906,0.0004620096272623114,0.002134586935196462,0.02043292487030773,0.0006706137902221742,0.0035389288723926982,0.0005669798029785861,0.0009299313963622714,0.0004072011784293212,0.003506937507261741,0.013868366059269676,0.0003486631297414374,0.0004882558246988283,0.0005062566059109739,0.0010727362808244795,0.00026702978950052085,0.0003173086044664485,0.0003543757274452542,0.0025867765817058005,0.0005854104877781694,0.00035600738001714214,0.00038561273544068087,0.0002538768174923057,0.018906247639163612,0.0012407036119644024,0.00021689317103131572,0.0010767938204868878,0.03534050822049781,0.00034679570630438407,0.0009297542816772617,0.0014203458472381437,0.0049897475685983595,0.012587971465801305,0.004010567540259186,0.0019661381190855037,0.016152837239382937,0.00033539501578082337,0.0003065402522299691,0.006054570135286127,0.0003569903867786003,0.0008960644115469594,0.011497129990186103,0.0007664703974986949,0.0003253865275630615,0.001976546943469012,0.0002685061870612067,0.008062279679072158,0.016878744297681474,0.001696741193995107,0.0011040070464822208,0.035233819908361386,0.07902150743890157,0.0004415550875797147,0.0025750163061837627,0.059308139960123574,0.0005816200631936838,0.00020855051138483276,0.008952230237405757,0.00048531698866716096,0.0006655991810414121,0.0004872594032678256,0.0004315542484429836,0.0011110485065289597,0.07956623228891382,0.034227607909295694,0.009220990230891176,0.0002142386366194069,0.0010452191531754615,0.000653212619103698,0.0008125084456589147,0.0007071155408806635,0.0018846344486304896,0.0004342717253684836,0.0017668836566036034,0.00042987533769383776,0.000583153234168472,0.0057984285165335134,0.0027529573322209854,0.0081532328803231,0.005729311350637641,0.0009098040649839444,0.0007895556817065759,0.0033959188745949402,0.019727041868168285,0.0035531540134150492,0.0003170202098337547,0.0010072641434030604,0.08336754119435125,0.008109909778036706,0.03017954435425575,0.001814478920019087,0.002419737370344221,0.11848530766242306,0.00038949275347742343,0.0003646942621929057
2023-05-22,0.0010886377849235926,0.04386414071589192,0.00043414258005163654,0.0017489838805648207,0.00030595605789537423,0.004520872579531525,0.0004518798650822479,0.002121023619742092,0.020083213213057435,0.0006558522996848563,0.0035029680715673835,0.0005706028808772125,0.0009202224951315441,0.00040901128559711115,0.003405450190440637,0.013502159945960001,0.00033928768158226206,0.00048291515847726673,0.0005033351661878639,0.0010670983183590694,0.0002707855447617321,0.00031245326552933336,0.0003388600951286957,0.002560717501186128,0.0005667030306478732,0.0003509218955285317,0.0003807876689304089,0.0002475140890373014,0.018437216784314054,0.0011696370223506557,0.00021064863319423654,0.0010735161147155967,0.03508472319452839,0.00034500841181721705,0.0009167246082291142,0.0014091117115201054,0.004986260418479891,0.012318317099453788,0.0039358144503281916,0.0019636272241582813,0.015797674649867255,0.0003386028280726984,0.00029341930504315393,0.006014363566559399,0.0003590465623119679,0.0008572869192109697,0.011334312560038853,0.0007341378622778759,0.00031171459408286823,0.0019587717684901207,0.0002576230637828159,0.00783061444100366,0.016437589399915024,0.0016545991814542749,0.0010859714105167927,0.03470775075629916,0.07848496273741686,0.00043372763793106416,0.0025079539196961194,0.058474710819860894,0.0005801000966982588,0.00020914646921477823,0.008850471331403964,0.00048215587276741314,0.0006640582570680161,0.0004828993198355103,0.00040239388305632063,0.0011085487832883077,0.07817159626658339,0.0336012514032132,0.009159762764842557,0.00021115122836375805,0.0010220692151429577,0.0006273947863034581,0.000820716870777084,0.0006797635566872083,0.0018528878973550706,0.0004165760568555537,0.0017770851171315214,0.00040612026025650693,0.0005658917271305212,0.0057620502151959985,0.002727709652270227,0.008045691906315499,0.005601947167051956,0.0008942172960057477,0.0007600293353459967,0.003319235640395848,0.019293990042936467,0.0035024493011488944,0.00030934256113849515,0.0009805574526193593,0.08161008091224765,0.007880178608929282,0.029738480174842985,0.0017783830070489696,0.0024038009053882776,0.11587579722648994,0.0003948995537906124,0.0003631234669855416
2023-05-29,0.0010983755224372412,0.04424253575035796,0.0004288657316235073,0.0017611737414770367,0.0002943513959547525,0.0045636844261957325,0.0004483500573400827,0.0021344178595283335,0.02011991859232996,0.0006536842569850492,0.003534305108882451,0.0005694479730282638,0.0009119889939411843,0.0004043934575088911,0.003424688817857042,0.013619379302183938,0.0003286457014629533,0.0004930550985545092,0.000495527662984136,0.0010765119123079135,0.0002755634674302475,0.0003125649247523657,0.00034280410616546584,0.002537259997077663,0.000569308121107867,0.0003497115074715445,0.00037776033539263867,0.00024896098584642316,0.01857664632972537,0.0011810305312900638,0.0002142142773129201,0.0010788919941874218,0.035230695373143044,0.0003464264651939149,0.0009092707636752864,0.0014050630242110505,0.004926074237625247,0.012362966334319346,0.003954280175683535,0.0019796346083647905,0.01596909927769844,0.0003343742614187857,0.00028288787958230744,0.006042693275103203,0.0003534657203068644,0.0008262464009621013,0.011334796924270927,0.0007189685996793044,0.0003143669591580683,0.0019615837019196034,0.0002578323860651772,0.007842729170432395,0.01658855554516324,0.0016377682222798854,0.0010762424155519872,0.03499401739168159,0.07855093085856901,0.0004325698571589033,0.0025223599004084987,0.05898987116107611,0.0005740800597474861,0.00020889182959847775,0.008927253926239505,0.0004835977806865259,0.0006287240099647181,0.00047580321678694464,0.0003940093843711696,0.0011090717789913984,0.07885070823221277,0.03395286712201338,0.009135536881224059,0.00021032284477901124,0.001030063602207644,0.0006127896475871238,0.0008115789189488178,0.0006872174910334907,0.0018532881713339455,0.00040699073758472613,0.0017934969691971426,0.00038354748362567367,0.0005704357755290433,0.005710193083550078,0.0027382183567680853,0.008069200129478326,0.005661522825656651,0.0008825304891166194,0.0007748545732245167,0.0033436734041582482,0.01949554151511673,0.0035220820219773186,0.0003114582559529384,0.0009688034255087955,0.08250859639860883,0.007884596500588318,0.02998711542404863,0.001796402600083237,0.0024134764865370744,0.11709124042992201,0.00039964146424292346,0.0003665222852379495
2023-06-05,0.0010742629400222288,0.04334597505729841,0.0004240813637838177,0.0017337894807406915,0.00028593058326778796,0.004453096344741168,0.00043877861373469855,0.0021074156420369363,0.019691201213862093,0.000647019764178479,0.0034593843953137425,0.0005787005892574003,0.0009067257877216581,0.0004044334534645059,0.003369350925396121,0.013181167418225946,0.00032430194548018875,0.00048222134944069856,0.0004901647168281404,0.0010587326223798123,0.0002782863154805194,0.00030154834738613045,0.00034018421824541425,0.0025837251911998878,0.0005508186125362359,0.00035405956443553764,0.00037054393945417226,0.0002461613707834871,0.017998954090190273,0.0011350840607680472,0.00021087681990900381,0.0010576633715054294,0.03478545555977625,0.0003455026738387208,0.000899185755958451,0.0013863802693266575,0.004941443473599727,0.012063246037724441,0.0038532561077513254,0.0019576600598116573,0.015553681532326917,0.0003322749149967464,0.0002876587797896294,0.005915831887738344,0.0003566014733389788,0.0008159353195760182,0.01117510646231127,0.0007289727534906366,0.0003075109374580377,0.002001573334766985,0.0002580230457761889,0.007680482206934228,0.01604229145176573,0.0016218503761933946,0.0010786376447411514,0.03425055464566637,0.07778843472139015,0.00042170936007709085,0.0024652134166810286,0.0578459365508989,0.0005902230141761539,0.0002073127935745974,0.00879166769188466,0.00047590282666370147,0.0006308901541542082,0.0004733283824766855,0.0003861842602384385,0.0010826779614561373,0.07729074269323777,0.033201317894769204,0.009179577700498095,0.00020773668544267645,0.0010208955309818635,0.0006181184703094912,0.0008164267989746042,0.0006694322431211154,0.00184572619937132,0.0004069549177607761,0.0017872438473316926,0.0003685118429623841,0.0005581630332644589,0.005768506418394428,0.0027004882240536337,0.007919107359481108,0.005547618513622485,0.0008677642897127187,0.0007785045405340574,0.0032652588426567613,0.019007840442860066,0.0034611243922958255,0.00030645005666256835,0.000972890762838636,0.08020019600694064,0.00773223058907799,0.029317482916084475,0.0017599046162956465,0.0023726845982937946,0.11414377032142348,0.000402047795444306,0.00036262361178207147
2023-06-12,0.0010481908158534619,0.04335873752432779,0.0004220002510872468,0.0016737533122444922,0.0002789680939860545,0.004377201362378064,0.00042977693931136587,0.002046457037830004,0.019593561091930438,0.0006342703646803486,0.003457366340756947,0.0005797275750452102,0.0009042752609236049,0.00040009250185257946,0.003340376464387088,0.013008032897176171,0.0003149708720242832,0.0004741650798052847,0.00048368425192988707,0.0010540096789310967,0.000280572496209925,0.00029904989602066236,0.000340569458801001,0.002608013131467373,0.0005439042921745469,0.0003551567664503459,0.0003701152504707852,0.00024451694633037687,0.017761981408863207,0.0011048849747667625,0.00020946235953149287,0.0010636538060364135,0.03457032624125619,0.0003388834450842888,0.0008833759540392885,0.001373180596021637,0.004925904557518169,0.01200994721506582,0.003764762967962066,0.0019442725843381984,0.015446130367175981,0.000332841937821148,0.00028982479441494474,0.005849572638868123,0.0003566804797791953,0.0007952674879571559,0.010994028803721339,0.0007402032285242807,0.00028791832832457105,0.002031242933019913,0.0002560898129057433,0.00746725537866512,0.01585444919543668,0.0016143698630297877,0.0010672841068715194,0.03428906121359229,0.07733759613745989,0.000421978573175544,0.0024317724935416177,0.05758557022276911,0.0005943437091937901,0.00021324284616746475,0.008749136185790119,0.00046293072496148485,0.0006234221923499468,0.0004694638444946031,0.000368995546036217,0.001083691954510842,0.07663564778922412,0.03316224571938047,0.009203347472636073,0.00020349237420024793,0.0010090597518365556,0.0006071993109300859,0.0008156325940323111,0.0006621031853577805,0.001835421112579287,0.0004036265767743256,0.0017591730053729093,0.0003503686129504676,0.0005404409851851976,0.005849822916556371,0.002717465971113377,0.007874947563548985,0.005525415113999515,0.0008601110004268198,0.0007845401898335232,0.003167084228741345,0.018920753222175048,0.0034024445568626295,0.0002988160611167377,0.0009761328455628676,0.07963944189019605,0.007513048890969789,0.029322824672612356,0.0017550880448137132,0.00230829786265465,0.11361761143334471,0.0004083406396429627,0.00035370650298737464
2023-06-19,0.0010267430030543177,0.042631095008114954,0.0004285266327725963,0.0016506310562030488,0.00028035115752456324,0.004271125911733473,0.0004280064332256364,0.0020158524272317377,0.019316928512830234,0.0006302282722376236,0.003432048200695035,0.0005785805534655375,0.0008938114529900115,0.00040044808862846565,0.003254210948925482,0.012694475059327215,0.0003074933569754476,0.00046942537836492466,0.0004888964254427492,0.0010544244036064954,0.000302504259962799,0.00028785655272197124,0.00034762876783028926,0.002726005883542299,0.0005349947311165637,0.00035973519694662115,0.0003602476448825119,0.0002461481244575031,0.017384033783836073,0.0010620732670113123,0.00021638897597239817,0.0010578864136276214,0.034185453922751546,0.00033662131902363786,0.0008839298951936205,0.0013610203207607813,0.0049442520691550945,0.011765404084515882,0.003679459641849403,0.0019324598628416509,0.015120565802014437,0.0003348908227945652,0.0002913474756732852,0.005750016464749685,0.0003626349206018465,0.000780856997707143,0.01088531461581159,0.0007610897618201167,0.00028097816977201885,0.002120169396319245,0.00025825824063015966,0.007260171976166033,0.015530775093416918,0.0016378759254085233,0.001065453366551234,0.033564919022253906,0.076685523696201,0.00041309687163698796,0.0023816178791847063,0.056569879483007054,0.0005982533147005421,0.00022085235450188497,0.008621825308220359,0.0004697683976804004,0.0006275260537650402,0.0004709690933756956,0.00036577232164768754,0.001085891749087381,0.07539960516424254,0.032519939378755955,0.009216043141527833,0.00020628510021544551,0.0009995522332220494,0.0006083143496852523,0.0008428331764628412,0.0006441637678827071,0.0018315545829336614,0.0004077188372648285,0.0017536681223196595,0.00033982147756795813,0.0005252489897050475,0.005885214162048132,0.002687914785041915,0.007740254928837451,0.005402698895679875,0.0008649512430706958,0.0008317930733094533,0.0031381228577244172,0.018486478061683322,0.003333435717723754,0.00030065539217011375,0.000973565473184556,0.07810387812639166,0.0073076940938668926,0.028709258452239157,0.0017447236948026495,0.0022663429192041496,0.11126473558301718,0.0004293057046242637,0.00035525169241329527
2023-06-26,0.0010083572170218652,0.04202862559666829,0.0004228453876645766,0.001621593143976425,0.00027601620904535435,0.004204694759161696,0.0004221273813494859,0.0019834969887432756,0.019216500209725085,0.0006183993441833581,0.0034136923881979402,0.0005754494529764784,0.0008944576512588738,0.0004030906509171853,0.0032087298047921865,0.012483279435892728,0.00030032610562920364,0.0004628070382233047,0.00048400321143211405,0.0010361727638043543,0.00032392494489819177,0.0002830179924421673,0.0003415621132640958,0.0028166796011727404,0.0005244614016065894,0.00035318412441258807,0.00035854004746291605,0.0002458533949003084,0.017088391385104904,0.0010177190705189308,0.0002158274113248873,0.0010450546221760482,0.03394061749757854,0.0003283373065095503,0.0008763683653353703,0.0013388937135375037,0.004961646021715199,0.011727536346902441,0.0036125880247609406,0.0019157603980833769,0.014966203123888423,0.0003320805574125275,0.000287567035620717,0.005666383767514359,0.00036141240269298375,0.0007679353069672068,0.01072625306958731,0.0007677889698773957,0.00026735518663752113,0.00220456024491177,0.00025272783386941987,0.007137158135362447,0.015273655185348846,0.001653832296635052,0.0010537739212916827,0.03321807291174433,0.07610610657520049,0.00040994037195059047,0.00234927440994169,0.05572349689512579,0.0005919851438599806,0.00022494677115295113,0.008534424396365505,0.0004672846162300965,0.0006287433462609061,0.00046502020424373484,0.00035667693676235464,0.001074782686573235,0.07445231087029658,0.0322695596861927,0.009152836780671207,0.00020265887036479587,0.0009866868815236298,0.0005976048516770274,0.0008471846783996943,0.0006240510859318196,0.0018287885978186796,0.0004053554313849813,0.0017412377078894563,0.00033803652602551866,0.0005133983379830918,0.005895649876883059,0.0026474337763354996,0.007677956038848141,0.0053152470171766684,0.0008514653282738122,0.0008532143920161533,0.0030687431420109634,0.01835033966931641,0.0032983051292867836,0.0002926450996656998,0.0009701248658208809,0.07702202668503581,0.007184884153608126,0.02841669750814978,0.0017255106266961203,0.0022314307198319605,0.1100380565889126,0.0004357468602087907,0.0003460746540908799
2023-07-03,0.001010246018959357,0.04169760952080845,0.0004138137981971551,0.001603763333990681,0.0002725918595528232,0.004170571145382768,0.00042741255855229546,0.001966394778997274,0.01923634412709893,0.0006161990892459587,0.0033792414800401637,0.0005766793916621948,0.0008847808804951612,0.0004146367747895784,0.0032073385153017883,0.01238776041802536,0.0002941057003387209,0.0004654489805393233,0.00047918413987047687,0.0010313138051779018,0.00033372611510369964,0.000287152440961071,0.0003504997088773324,0.0028936457845084216,0.0005245567581035447,0.0003499219611593242,0.0003512433782166328,0.0002483936278609778,0.016982001087804132,0.001000758537107656,0.00021876758559952913,0.0010454285848387297,0.03368114515260986,0.00033329734777382735,0.0008871024559690239,0.0013274482024988325,0.0049572048149242876,0.011741426879745531,0.003559078028759801,0.001898525798813524,0.014899841853726965,0.0003336923600968228,0.00028428147768362936,0.005616788754505166,0.0003671399414135016,0.0007640346321927162,0.010585743219043233,0.0007902845016229011,0.0002668119499148557,0.00228742254847827,0.00025122058829242955,0.00703990827002343,0.015169197075075252,0.0016514899535761058,0.001035920409827827,0.03279164132117579,0.0753432558599236,0.00040911549303996117,0.002360029462656284,0.05496477518074945,0.0005894431706185831,0.0002275927696472557,0.008461338588265938,0.0004658843503145835,0.0006383277942190301,0.0004682582896030753,0.0003489354845115056,0.0010667140697069907,0.07364755015337553,0.03211346424046365,0.009166798310269508,0.000200535538185288,0.0009876453259546193,0.0005797427196985835,0.0008565166756947817,0.0006057697415735785,0.0018610773068061734,0.00040511486730008216,0.0017297194062496617,0.00032528156024765384,0.0005052549955554889,0.0059542914432167875,0.0026167728767290143,0.007647032141198301,0.0052653992991536875,0.0008568955775978297,0.0008940996729793281,0.0030243189359843055,0.01828472660686506,0.003266697390106175,0.00029347199401133565,0.000978335756569932,0.0763495394155621,0.007081179400866624,0.028075800531483844,0.0017158933424491006,0.002221566652463226,0.10923513107147546,0.0004307341291374811,0.00034676603855405316
2023-07-10,0.0009712951241990437,0.04079727127594198,0.0004110896245741681,0.001560406173759717,0.0002756465634644915,0.0040694906414154314,0.00042190818971132973,0.0019110335099570524,0.01903216377993237,0.0006032825343527544,0.0032895355535339354,0.0005735997406133079,0.0008835373910727934,0.0004190017022116572,0.0031713933705299338,0.012156664422688139,0.00028461109734068926,0.0004521805781015175,0.0004712851147468343,0.0010148513464550647,0.00035841772499288976,0.00028369038959967345,0.0003466773333796633,0.0030445346244030386,0.0005034741346695899,0.00034941792229857614,0.00034735751611682806,0.0002479786241514216,0.0167265138220201,0.0009576610999693244,0.00021898204643177165,0.0010191637573117207,0.03305142317971878,0.0003285935017241465,0.0008684526738726535,0.0013102124706238136,0.004974174650149303,0.0116110499289192,0.0034264856791585293,0.0018534575094151435,0.014703872798382532,0.0003299968394187811,0.0002804599138881748,0.005479649617403527,0.00037338293853798866,0.0007457567464750847,0.010406551610514417,0.0007963450213210248,0.0002588989706194848,0.0023983703382192915,0.00025261809112384835,0.0067567126817856486,0.014911397666778533,0.001634150877075725,0.0010008803529792526,0.03206928949425122,0.07393659199446688,0.0003927032101673697,0.0023275477664901206,0.05384079603147332,0.0005851772346291998,0.00022485108942489195,0.008378464562293849,0.00046387453829065085,0.0006453757065238523,0.00046685471194865454,0.0003478335172704302,0.0010430747784764703,0.07202837907724886,0.03174119953595691,0.009083730354246873,0.00019701826745677247,0.0009758461630615283,0.0005612843930506013,0.0008896014352230445,0.0005753080977991365,0.0018551202571337497,0.000396118486921332,0.00170038412009821,0.0003196074836062093,0.000480340707593662,0.005964716531852418,0.0025340819293891686,0.007521145688833783,0.0051672078916016485,0.000854747606570996,0.0009417829152440403,0.002918400371117707,0.01806052938564107,0.0031483252563253086,0.00029224687177786774,0.0009458326379593922,0.07515151530997426,0.006797422141777105,0.027452208018885562,0.0016750268056241009,0.0021574958133079728,0.10771011261862071,0.0004232414848363169,0.0003458853797850675
2023-07-17,0.0009917925988060668,0.04165922996467996,0.0004202797827987272,0.0015838747695300288,0.0002852248555231139,0.004129853391941824,0.0004308738156798442,0.0019359164001626816,0.01941990807165093,0.000609100802971763,0.0033441855346472175,0.0005801480438290729,0.0008953006141292722,0.00042710145148542017,0.0032640427179742096,0.012405809520232784,0.00028113243730467583,0.00046438678945726823,0.0004742124958724368,0.0010453937184660477,0.000392457762264465,0.0002938004801251785,0.0003490405854652748,0.0031992556923579486,0.0005132257934075833,0.0003494925920635445,0.00035734539413211623,0.00025630821435241127,0.01707265233924146,0.0009859843619095738,0.00022797550741334729,0.0010478605978476022,0.03355734928605184,0.00033344080382320554,0.0008802029729167067,0.001318167295748848,0.00505112366645024,0.011924213806150458,0.0034686184513978537,0.0018929871723302083,0.015061073235420623,0.00033877017672964,0.0002812421964702442,0.005550989434749057,0.0003829694430895259,0.0007432731146162501,0.01061713514378199,0.0008183673476529297,0.0002676765361723341,0.002512090633174636,0.00025739642991534693,0.006782150734497816,0.015194346671011966,0.0016234354339017066,0.0010075231606668667,0.03271241619579516,0.07489683926868544,0.00039727165319382817,0.002374075778552957,0.05516786403088487,0.0005850384768304845,0.0002314076781768593,0.008594746787142084,0.0004641440780427038,0.0006595441180884689,0.00046467391346980975,0.000363276563725702,0.001051476060151208,0.07310548188097807,0.03251244169157398,0.009190297132402063,0.0001997392070424845,0.000977321263162027,0.0005656543935718489,0.0009209319562190659,0.0005852684394246655,0.0019092730470932583,0.0003994374792425231,0.0017304142732616193,0.00032186453882817077,0.0004921950084906495,0.00599375331016494,0.0025791057492027753,0.0077449245220052275,0.005281024656144698,0.0008707566457810588,0.001004432940804153,0.0029725673191423442,0.018540003485260227,0.0031981750614067123,0.00029842328163406836,0.0009495773355907095,0.07685565625074804,0.006816333289628284,0.027962917477739636,0.001703225833704532,0.0021835042389932715,0.11078968479517531,0.00042070275187684183,0.0003561408675332955
2023-07-24,0.0009941474992736792,0.04193726816020251,0.0004209408449324851,0.001585574956392771,0.00028818864986943456,0.004120013986693169,0.00043202689383825413,0.0019323823806367318,0.01949084902713546,0.000612169269275487,0.0033165847703649633,0.0005838569804605651,0.000899820859044277,0.0004373530387883688,0.0033057561980303052,0.01248928564628982,0.0002695456473222101,0.00046488102777066185,0.0004758301764694287,0.0010601951198886443,0.00041305400114105106,0.0002982244303786426,0.00035051614719008883,0.003335754215395064,0.0005112574497755746,0.0003572196220991426,0.0003625495700399193,0.00025874416060074753,0.017219755164053552,0.0009788354914877396,0.00023140631010762098,0.0010546664405767917,0.03366560990569703,0.00033495351177609777,0.0008797047755302334,0.001325462977523968,0.005100341678741146,0.012025281768604285,0.0034406776125553273,0.0018916215024819907,0.015237563610563854,0.0003371194972597513,0.0002839786330621034,0.005518113213126629,0.0003872659121772903,0.0007405979035354958,0.010664870663453615,0.0008314762714351786,0.0002669845537157712,0.0026057289352542953,0.0002609447881694312,0.006647657807109565,0.01529587000555798,0.001645260443886241,0.001006826686329095,0.032832882832371,0.07501667670886793,0.00039663886353778473,0.0024029989987402007,0.05557953557589212,0.0005888810461653984,0.00023608710110615183,0.008692261867254003,0.00046248789658404554,0.000675118339061375,0.00046844652873359106,0.0003699585499478446,0.0010453446360531684,0.07310560263954186,0.03292956826046797,0.009258846893147677,0.00019946361405100786,0.0009771113615483855,0.0005683553938236614,0.0009597525519335532,0.0005757801457766002,0.0019523216536864918,0.0003967617229538734,0.0017296149647778847,0.00033128027061155827,0.0004774204205503948,0.006090842138195483,0.0025680465540025466,0.0077998045154025995,0.005335791806787688,0.0008942765238293226,0.0010418598490828461,0.0029677299531737046,0.018795976974545485,0.0031655449487339687,0.00030262239275777195,0.0009430974030209312,0.07749041931572019,0.006683012105790188,0.02806338726127873,0.0016875380536623273,0.002192322076184869,0.11217587640065321,0.00043050213922858746,0.00036148683137920154
2023-07-31,0.001003050786191546,0.042659327449210784,0.00042223783839671826,0.0016008729461452756,0.0002937373023820291,0.0041501665369439045,0.00044685567656321427,0.0019270435654532392,0.01973494620650006,0.0006201363973512257,0.003340670177462301,0.0005875454321447477,0.000915413044159012,0.0004442465134261783,0.003363156965737148,0.012676832030049262,0.00026632696014715086,0.00046777936647725976,0.00047140927616090924,0.0010687721317259474,0.0004285015937907029,0.00030381603139502237,0.0003563161599923383,0.003436237429951069,0.0005128927135205163,0.0003584630330258938,0.00037154658762020737,0.0002602199419589091,0.01752584799021859,0.0010199465786375067,0.00023426031609622268,0.0010729162439768417,0.03418574470605075,0.0003332861990534912,0.0008896485561484815,0.0013453403727086831,0.005197953850838253,0.012232258086698708,0.0034523691009192684,0.001913606759043102,0.01548130956741889,0.0003380195577419342,0.0002852657548231483,0.0055720319498240205,0.00038697964155179175,0.0007495287070174838,0.010817779541193784,0.0008549149792703855,0.0002665670867994751,0.002690677358953917,0.000265413324484284,0.006696413358151738,0.015542433560705794,0.0016621262738575123,0.0010200491369672462,0.03325668461128841,0.07601326187674892,0.0003980991659345681,0.0024438424252855367,0.056541068263195736,0.0005809513446383554,0.00023446951248373764,0.008847620323280975,0.00046114655246090255,0.000687844783461535,0.0004689412216283916,0.00039019473144323797,0.00103732922771809,0.07392311763374065,0.033508862341197106,0.009448780632099878,0.0001996027824183947,0.0009888850912275924,0.000579706635936697,0.0009896131142033886,0.0005928541845514458,0.002002269653680462,0.00039557729878810015,0.0017374757711789788,0.00033955694457691297,0.00047842813581603966,0.006261842085776462,0.002587485694187725,0.00793914401896296,0.0054351321436640725,0.0009121200474368373,0.0010949773681300022,0.0030054317915535447,0.01912296568069366,0.0031637317439168118,0.0003044600816003177,0.0009570133071919283,0.07866736440074208,0.006741429532034624,0.028410398846201813,0.001690264744826447,0.002189651265642182,0.11422270689854844,0.000433678175162313,0.0003656936676846973
2023-08-07,0.0010221432746002606,0.043619898469905674,0.0004282030540841682,0.0016329905381225064,0.00030144751953141386,0.0042474790987712405,0.0004643349721623161,0.0019635514867516876,0.020195776589606206,0.0006398977375151985,0.0033893087366583313,0.0005891391745923883,0.0009409024112186525,0.00045496925018450717,0.0034626977393826283,0.013040550674603281,0.0002766388846251346,0.00047947281521040167,0.00047565076696118254,0.0010928444484194825,0.0004587431999844385,0.00030749588940811136,0.0003597010168668134,0.003578521900397997,0.0005310641734556317,0.0003623184093732855,0.00038459784333091273,0.00026324866249097635,0.017999870365757252,0.0010863938570330974,0.00023851227424654978,0.0010940977113764103,0.03476109876207011,0.00034141766627511917,0.0009184541266945179,0.0013836257956837932,0.005352641899422542,0.01244829244826019,0.003557261576873732,0.0019530071765435858,0.015846994167582486,0.0003490891083010149,0.0002956581721830409,0.005662090759884093,0.0003988908856532567,0.0007618863985082115,0.011049250205941396,0.0008897030804271082,0.0002784296419183055,0.002798184301819913,0.0002727954332808421,0.006885276183161381,0.015975346015257175,0.0017119844956051083,0.001039129285854341,0.03398114388770023,0.07716431254867606,0.00040286593687780485,0.002483665527477962,0.05777285699924411,0.0005874930289168348,0.00023201508179214453,0.009042828018201405,0.00045952542131746834,0.000712748344214037,0.00047334540804060035,0.0004114604350331675,0.0010380153510716602,0.07543344926567898,0.034258458886022095,0.009578350548917208,0.0002038792045798189,0.0010076691584687233,0.0005944540123181913,0.0010277768640051658,0.0006319252982537227,0.0020649026575684185,0.00040739025599829856,0.0017596162121313477,0.0003445246611554849,0.0004947269172445348,0.006399255962666521,0.0026336733890524743,0.008164175572612708,0.00557435965516821,0.0009189418397704129,0.0011627393222911325,0.003078378082046679,0.019579845282108755,0.0032461448062370917,0.00030966316572979,0.0009780738044781433,0.08069233386986403,0.006931013079040234,0.029008940290264285,0.0017392831080161207,0.002235243786757051,0.11725974056082782,0.0004379187793624352,0.0003719185388102463
2023-08-14,0.0010658040025507954,0.045079053209178634,0.0004426899227278425,0.0017094995419396012,0.0003134929347133189,0.004420856546144759,0.00048641025280035026,0.0020612476266417554,0.020544588417993687,0.0006536258966962519,0.003490403104927639,0.0006034106416179552,0.0009508155097432195,0.0004565121775980117,0.0035728115844363218,0.01353752000555512,0.0002824025303109208,0.0005037510416550448,0.0004815321022218977,0.0011318963917020953,0.00047884917757465685,0.0003173809186276709,0.00036980147203704807,0.0036433650689005675,0.0005567399189007531,0.00036297177527895336,0.000395192128656994,0.0002718537466129088,0.018652205914350486,0.0011594790885315468,0.0002448023998842414,0.0011324491380268877,0.03567700545581627,0.0003558056376021754,0.0009287663511679524,0.0014246924063264638,0.005455934457274368,0.012761492279539613,0.0037298648999580693,0.002016957914033259,0.016391194964835282,0.00034382762305958743,0.0002950983710842251,0.005870097776843348,0.00039973357376644293,0.0007821253416838244,0.011472190991258301,0.0009037979766542936,0.0003042004381110701,0.0028393041210652364,0.000277801147797167,0.007204206365734318,0.016554286732224185,0.001723781006205708,0.0010526138833903617,0.03504443763683878,0.07906146247169506,0.0004141841416694723,0.0025724855874116655,0.05992484087982278,0.0005837137945696568,0.00023251095969003172,0.009362855712530252,0.00046594689857525865,0.0007243778729448896,0.00048464382067703305,0.00043799352035251695,0.001061826164396361,0.07814674636271948,0.035203752029894876,0.009803621188903804,0.00020868127930405087,0.0010496760946186602,0.0006096923628560176,0.0010290079128938202,0.0006703954634250625,0.0021135496901637375,0.00041335245797499855,0.0018119406142850162,0.00035619039122076926,0.0005230303165394547,0.006514744448341698,0.0027086730983471082,0.0083661884934639,0.005764678783761371,0.0009502353875962136,0.0012048511308624585,0.0032368974584579754,0.02022177871887673,0.003368333714067135,0.0003194672028330934,0.001017632566596379,0.08352316263728478,0.007235694261536958,0.02990127776411951,0.001793280449131528,0.0023516185121355998,0.1213512167267926,0.0004433327441073638,0.0003835492435166022
2023-08-21,0.0010629243409292458,0.04559094266685802,0.0004471395608093534,0.0017190223092758057,0.0003207989356315442,0.004432340819410209,0.000492927478097014,0.002063193642499142,0.020831898803640187,0.0006594963533430616,0.003501705812814346,0.0005959254109065906,0.0009810708571435487,0.0004677830088726437,0.003629902421270699,0.013600218396548062,0.0002882832818136626,0.0005057971739819816,0.00048484025080817067,0.0011370582423878542,0.0005077531944848999,0.0003217395606535378,0.00036525413596586267,0.0038582926485558715,0.0005584298230254382,0.0003603035742208329,0.0004135580040024795,0.00026941144748594966,0.01876636687415681,0.0012026674140001913,0.0002443565674724498,0.0011317346291328666,0.035832247422102934,0.00035604210815771536,0.0009387873228135011,0.0014627386515478093,0.005531057463508038,0.012909919765415168,0.0037447141043780805,0.0020291126391525686,0.016500818549554052,0.0003613250217013273,0.00029828890865731493,0.005872785366598805,0.0004063891443290196,0.0007945620180197485,0.01161635403323359,0.0009313689226960273,0.00030569968119185963,0.0029636966648658824,0.0002803592307657349,0.007247314666332401,0.016661214218724647,0.0017496299388869297,0.0010617062075196282,0.03542247606182671,0.07928471280777506,0.0004204377061440679,0.0025743700065126215,0.060493085922774394,0.0005894421619442344,0.00022782261679433571,0.009425891978320722,0.0004640117535375069,0.0007421647266509289,0.0004853819740268699,0.00045084058809715516,0.0010630599596198175,0.07884739823641713,0.035564229726178426,0.009800465322709836,0.00020726424699752248,0.0010505169987756514,0.0006171082677304447,0.0010841016277955574,0.0006926215880946795,0.0021403220862706226,0.0004200466619854662,0.0018122361324395268,0.00036538030454196055,0.0005210414088183881,0.006509231418721556,0.002744463773935086,0.008544647488137654,0.005824186064152043,0.0009576028314978065,0.0012769081535057535,0.0032539623257378963,0.020420189927720742,0.003378009648332423,0.0003196711280702781,0.001018494785580693,0.08427849991505129,0.007285142509912482,0.030177538154544808,0.0018177561684460735,0.0023531654217661705,0.12289209717774238,0.00044742144195764673,0.00038523408408064173
2023-08-28,0.0010935848812638387,0.04673855703041474,0.0004597039604902248,0.0017762984698276151,0.0003348275810459048,0.004581960986283578,0.0005137107762593183,0.0021269451092070196,0.021143000225329913,0.0006738564667912743,0.0035826853397839076,0.0006010209859104923,0.0009955121323276213,0.0004722593760537618,0.0036824575469366965,0.014041613296844583,0.0003012457389146794,0.0005142165270376792,0.000485387603381415,0.0011553277610179121,0.0005380409359042602,0.0003295745255215556,0.0003669662787222055,0.004001980553036343,0.0005887650365736306,0.00035967933898090304,0.00042450031923604083,0.0002753390181066704,0.019456027968759858,0.0012825917785204719,0.0002477567291134689,0.0011648653514639562,0.036581077450862295,0.0003705974918242824,0.0009577051908762222,0.001500023619092347,0.005603044124536697,0.013058984530576403,0.0038966558349065486,0.002070976696150032,0.016940069583850276,0.0003654538443407032,0.00030212294019517794,0.006001490039342392,0.00041076811038598073,0.0008107135015717163,0.011947052591188313,0.0009411434768405067,0.0003230141606146157,0.003053300023743783,0.0002861481285975899,0.00754813787699479,0.017287410757895992,0.001775749983832542,0.0010738460389828758,0.03612232000370546,0.08098261085993229,0.0004254764788871167,0.0026423432705611717,0.06225820010701107,0.0005869002131062486,0.00022766733714477117,0.00965636071870942,0.000470690036320343,0.0007790790094183849,0.0004984710180978258,0.00046942080820972616,0.0010710277972545382,0.08115518985735665,0.03638103936952056,0.009836071992496226,0.0002114312468985578,0.0010756188285625792,0.0006327050071108422,0.0011178393966413554,0.0007384798546916643,0.002154579862111052,0.00042536997417119465,0.0018386236719819529,0.0003776347651261987,0.0005485528676834165,0.006523521295397578,0.0027941633308245398,0.008658901972135122,0.005968842338306286,0.0009815612154227516,0.0013314857477988576,0.0033945963739874623,0.020884874662514864,0.003497042067522351,0.00032610521124120637,0.001042803129930591,0.08672563098071558,0.007591403985539516,0.030758394804793282,0.0018767469115524152,0.0024227627545923653,0.12565304314402745,0.00044691031966908863,0.00039524818539682415
2023-09-04,0.0010900864858585406,0.046939300487659735,0.00047330801339178874,0.0017800028471919467,0.0003497707401265992,0.0046371342425559955,0.0005223414337047946,0.0021297919253796048,0.021106506539106527,0.0006750939450795756,0.003623171902108098,0.0005857863199524126,0.001016518768332126,0.00046759892833327386,0.003713460701020527,0.014200009101067286,0.00031772040282887194,0.0005089308607313179,0.0004920288231738899,0.0011387556673826769,0.0005532096918823269,0.0003223452625574582,0.00035996389490436213,0.004097016487714138,0.0006076180489055537,0.0003611230626404375,0.0004261251543050116,0.0002673657153259168,0.019688409711700536,0.001338076614326044,0.00024170941402800085,0.0011588589916840834,0.036860986855415556,0.00037030676124186234,0.0009618567879967744,0.0015265104225214046,0.0056758057078139055,0.012989568511301673,0.003927765498129771,0.0020862572894222555,0.01690237545613181,0.0003644553043438707,0.00030912635857609385,0.00608096946741696,0.000407311081034179,0.0008370910886986142,0.012160104836196171,0.000962890739325582,0.0003293752348927921,0.003117224320707847,0.0002860540857342409,0.007671070829130572,0.017492493166626804,0.0018106866316143597,0.00108685966647069,0.03633214107875662,0.08206697263806806,0.00041833640413202467,0.002639836152704592,0.06264565140681197,0.0005900946847686892,0.00021051427976891046,0.00969079730632032,0.00046958032038380655,0.0007864946785967041,0.0005049558676392224,0.00048484926349300636,0.001064908510123016,0.08212851813028756,0.03627721275692346,0.009772755184443926,0.0002104519457370626,0.001079189888184186,0.0006349988296722252,0.0011470590393296144,0.0007776133685435142,0.0021304743172274464,0.0004298904282339042,0.001843801488320954,0.000387557626468598,0.0005569527003962206,0.0065055193331006855,0.002827607835977007,0.008683637223729083,0.005986217885361703,0.0009805252904213151,0.001359104041699401,0.003413957569167773,0.020801660448321244,0.003538572998653335,0.00032449588307391895,0.0010436848701100825,0.08737836969370885,0.00771674990442594,0.030952818639520246,0.0019161006857651096,0.002424404298744068,0.1262233427178201,0.0004597281764486842,0.00039322798780652994
2023-09-11,0.0011014656340906006,0.04731223141235329,0.0004849840422438463,0.0018027206982221366,0.00035947938620710433,0.004731227982982165,0.0005319269161141038,0.002158325773104719,0.02117786745030143,0.000681155789850429,0.0036679438348660434,0.0005770837008513449,0.0010438840301297079,0.00045897753894190343,0.00377221729891058,0.014228417105049806,0.00032991525747150876,0.0005080443200027044,0.0004972799736769044,0.0011265050569530188,0.0005630340616272613,0.0003266248368400644,0.0003573710401715325,0.004169791127677427,0.0006220431274551337,0.00035326037353219724,0.00043303860823948174,0.0002592475592584914,0.0196775329749523,0.0014262926379133068,0.0002379853206747125,0.001157836555250324,0.037120012260487244,0.0003813416782451712,0.0009649646057533637,0.0015740968878025614,0.0056993456297656465,0.01290848403543036,0.004067324647141421,0.002096053448883595,0.016694512023267754,0.0003647476474974709,0.0003051618199140673,0.00613559838699207,0.0003993711021174209,0.0008634270185968441,0.012310415606019164,0.0009804770844881545,0.00034601046019147374,0.003157308848581546,0.0002916258516351954,0.0079166381682192,0.017511792668881664,0.0018330498299874726,0.0011011032926165876,0.03680098415007169,0.08298648049299859,0.0004253997055413376,0.0026126998260820916,0.0627273466905527,0.0005836729757964153,0.00019413865900670053,0.00967023829069375,0.0004753602121847569,0.0008127877621991869,0.0005134768366832854,0.0005104037860612049,0.001073027939606287,0.08293800161133458,0.03584889396054642,0.009674320893181789,0.00021468906196296786,0.0010986032990139448,0.0006373715291848046,0.0011771278484166282,0.0008548467202242622,0.0021206641961928315,0.0004361487690611535,0.0018566482591717093,0.0004018325963225365,0.0005702994633736451,0.006454105254930983,0.0029132053398067516,0.008718997620692979,0.006046630563437544,0.0009737036415544096,0.001378100844278727,0.0034598820072326516,0.020464693144456404,0.003640878222882505,0.0003273391212249368,0.001034847263549518,0.08725527975120669,0.00795824869616006,0.0313165765037253,0.0019710642066027594,0.0024511399004756565,0.1258915045755864,0.0004733549766099014,0.0004012473413107623
2023-09-18,0.0010833119043300867,0.04744285977356931,0.000489600462431547,0.0017845163015631374,0.0003647146839472246,0.0047395324492315516,0.0005366118047066133,0.00215065652391537,0.0210677443754772,0.0006783555287010854,0.0036814251560792714,0.0005709211958638405,0.0010458750572714295,0.00045192883211723226,0.0037938300471442622,0.01414664191464413,0.0003359619320965216,0.0005052418112478989,0.0004999409228575203,0.001115765973941297,0.000573434510921141,0.00032422673063223554,0.00035109224578971666,0.004188632622764213,0.0006203322363013768,0.0003547110981649719,0.00043017359920506534,0.0002529211924227735,0.019550695876914638,0.0014795947008903808,0.00023478297452402788,0.0011464136903637056,0.03724698728861086,0.0003868208893120959,0.0009739372984094722,0.0015785106401057848,0.005742041324509532,0.012754439316787788,0.004077068620924833,0.0020709024894130274,0.016512246534539355,0.0003553216701823505,0.00030028783198001255,0.006130918013668878,0.00040320614807979433,0.0008673500874951431,0.01235193271340071,0.0009721144765883435,0.0003517685383938711,0.0031598136094839386,0.0002927393297555257,0.007929820964579752,0.01740316950809441,0.0018732330236926227,0.001102218634184977,0.03694423020536631,0.08342162470907039,0.0004282230552665394,0.0025904964833964226,0.06276903873448192,0.0005823272903326163,0.00018315639589555006,0.009653610258274409,0.0004789629545704989,0.0008372396344176528,0.0005222982373210512,0.0005169107946979459,0.0010832567616283874,0.08327056570892793,0.03555613214735843,0.0095643259699171,0.00021241056677270977,0.0011001609207131296,0.0006311311028176507,0.0011906811562115223,0.0008977457398257378,0.0021013010689110425,0.0004320907767168821,0.0018333475688418015,0.00042123490281178956,0.0005733708944485107,0.006375507981490841,0.0029374175293298953,0.008687967732749522,0.006040083437109191,0.00097188419724619,0.001376409769856501,0.00342978898776679,0.02022443417239888,0.0036583326133066457,0.00031995779546852807,0.0010292697886027332,0.08695296794062467,0.007966623588953626,0.0314255904476834,0.001994070241628758,0.002448663398558688,0.12543446889500806,0.00048648342807793986,0.0004021169522238939
2023-09-25,0.0010739621575674115,0.04713880126034314,0.0004966932925592072,0.0017746430981953004,0.0003722436652591962,0.0047307180041727395,0.0005365731747087036,0.0021417677516587536,0.02088716967094533,0.0006855617154639618,0.0036866847881143975,0.0005533183364624133,0.0010444959955414467,0.0004427790922831739,0.0037157985361484566,0.014098665455184765,0.0003494799087254302,0.0004946477530079913,0.0005142599669266903,0.0010987212332336579,0.0005781168698592215,0.00031664273032514217,0.00034300047943367856,0.0042620621927522955,0.0006220503731949004,0.00035691691974256546,0.00042464748137619645,0.0002397597883524474,0.01949090389969998,0.0014858928860671833,0.0002279461004951956,0.0011357958039668362,0.03737151102130409,0.0003803925033633275,0.001001123443237458,0.0015884439036589666,0.00566865426353556,0.012511628944746616,0.004104027996562389,0.0020652886409865327,0.01634611649086723,0.00035841261502371675,0.0003060168372389895,0.006149202876145428,0.00040071974565466243,0.0008848593692135982,0.012397505871100108,0.0009910716167989403,0.00034844216501394947,0.003198231058958686,0.0002955125774294136,0.008106672009374228,0.017349677023865064,0.0019169424585543972,0.0011237311697195169,0.03678316789025282,0.08383685612892872,0.00042155659487400266,0.002553542372215307,0.062456111455455446,0.0005923701402168453,0.00016880288209363987,0.009563334694657068,0.0004849662775752239,0.0008718735116120331,0.0005246694079155383,0.0005106273889400663,0.0010781823269694092,0.08326433328464464,0.03515601784090212,0.009457105663301962,0.000212937910491872,0.001070303783144298,0.0006382233299789416,0.0012024748943913442,0.0008966202486193804,0.0020175594511574477,0.0004421899367661262,0.001807873645520777,0.00043818142311752794,0.0005855174071399217,0.006325827548058197,0.0029221675011717983,0.00854730657262389,0.005984867152641612,0.0009574709138947937,0.0013990064721367446,0.0034281676038554858,0.019971219935804724,0.003687034908550267,0.00031309363979975405,0.0010358161721096314,0.08655077211120181,0.008147998739327275,0.03132191073012579,0.0019977770325135262,0.0024309458362158642,0.12396826443607234,0.0004990852300726178,0.00038575940324455597
2023-10-02,0.0010309200435963503,0.046099466252233906,0.0004975429549985874,0.0017242150023496668,0.0003787020207718805,0.0046170258345032775,0.000526484610762718,0.002087253785023316,0.02037298532129517,0.0006753133635542623,0.003642751237526728,0.0005448377714807869,0.0010270886726392852,0.0004337249534228297,0.0035821034254325916,0.013629323502757133,0.00035206485432008003,0.0004660163115778822,0.0005192189116112158,0.0010669867047312456,0.0005861186587696099,0.00029833334278188357,0.00033563089149969753,0.0042926348780886695,0.0006085048835394267,0.0003558574630551727,0.0004054764845448884,0.0002278415680014269,0.018880943021329418,0.0014458736188585728,0.0002160834943587466,0.0011018805489200808,0.03704957681540924,0.0003686884252670995,0.0009974966877824808,0.001562975914549832,0.005656697870066674,0.012060103637333454,0.003986033818780715,0.0020283692181742898,0.015738624716075875,0.0003430965577185742,0.0003028245330901183,0.0059941226127683996,0.00039645651632510523,0.0008895979951647604,0.012144912894517223,0.0010051498391214885,0.0003315004522158214,0.003219170181135459,0.000295446355402044,0.007967698921657943,0.016847277056249842,0.0019386225674695114,0.0011240258845558793,0.035966383784597836,0.08340609629039977,0.00040493221888355163,0.0024607735907101686,0.06088065169690689,0.0005955644817277571,0.00015649366111412558,0.00930355563954159,0.0004829793763470398,0.0008931337612872633,0.0005232486035324378,0.0004941400186609796,0.0010586685725377722,0.08168408743135228,0.034093809713837735,0.009355011848914793,0.00020778885866879816,0.0010315432425129793,0.0006278860898915784,0.0012225990108561222,0.0008730686013592856,0.0019300022341249491,0.0004401878479207961,0.0017500564112529098,0.0004496589795773497,0.000572552822642396,0.006253351949320116,0.0028543267842732443,0.008282274027786802,0.005788411868319252,0.0009263261649168357,0.0014093146953753606,0.0033302254388164467,0.019185631382666494,0.003605890266653846,0.0002984874157339527,0.00103421847073542,0.08420097880776993,0.008021335734521505,0.0306401057712231,0.001965061197596505,0.0023602191306285702,0.12000574665408692,0.0005066053337794175,0.00036805949723265333
2023-10-09,0.0010120416131712523,0.04559511258182802,0.0004957452880450342,0.0016857485682629121,0.000381818135844821,0.004567535385505343,0.0005142816299556067,0.0020449096767861633,0.019973292683581265,0.0006589525219111574,0.0036039951975807135,0.0005244768611562654,0.0009816328748630085,0.0004008118607918825,0.0034795340738626983,0.013488560544896272,0.0003508575002384318,0.00045146028985826395,0.0005222798179402015,0.001037539931027324,0.0005855324550745626,0.0002836945534008575,0.0003318472851445789,0.004282542858021876,0.0006038304665237562,0.0003520937735508168,0.00038378305416129877,0.00021790327872199235,0.01871309288698894,0.001437291613932991,0.00020777434359805594,0.0010883106413873585,0.03689951032493498,0.00035568199384918334,0.0009936498996863166,0.0015283571635288217,0.005562762100289576,0.011824048812620324,0.003953647599320449,0.0020132422110932476,0.015549121091172659,0.00031860548681029153,0.00029830068047593074,0.00596800879442029,0.00038630641241914614,0.0009018714793685295,0.012112220551840502,0.0010230740198238814,0.00031825554421542054,0.003221684364713,0.0002967182070323542,0.0079245654446178,0.016702909683274873,0.0019543907127522876,0.0011244406035666888,0.035637167671779775,0.08343197551308025,0.0003936288674672626,0.0024159518659502303,0.06038231415880881,0.0005894860392784044,0.00014751101970965846,0.00920175110546357,0.0004796219944854541,0.0008870455264471765,0.0005219131696438662,0.00048309567072817115,0.0010403593071024422,0.0815447812070941,0.033672714532744154,0.00924362363722984,0.00020260793919126642,0.0010162889854928498,0.0006200748009847456,0.0012235845548298802,0.0008779095408847678,0.0018494603452485232,0.00043442480107734263,0.0017116261310564243,0.00045863363360237126,0.0005680277698414123,0.006200088715691374,0.00282446337674052,0.008058988176669023,0.00571380340546883,0.0008976417497728452,0.0014027856657657847,0.0032974280454099343,0.01889603469116693,0.003579414349605896,0.00028680689187069467,0.0010182405630934593,0.08351147944449734,0.00798526856527049,0.030398063438174503,0.0019451215947542215,0.0023083891128530005,0.11847144963075752,0.000513790774386521,0.0003481786182544756
2023-10-16,0.0009727545752637037,0.044306646683932555,0.0005045999326648246,0.001655879854131343,0.00039235945413218244,0.0044518792886595404,0.0005050525468690716,0.002018274445751014,0.01917723404588172,0.0006723336865458815,0.0035660848720722484,0.0005173522506699024,0.0009646561809166455,0.0003860164403367364,0.0032929308971732735,0.01289870378030195,0.0003654640133373504,0.0004337786615607555,0.0005322497414868708,0.0010171736974894656,0.0005841772658034933,0.0002685092608026604,0.00032843968947322697,0.004290086854112411,0.0005915928877881445,0.0003645815122085265,0.0003663440889649705,0.00020685781855834655,0.017987737785714088,0.0013683139209968505,0.00020119740651064008,0.0010715209676252207,0.03661617273832794,0.000347743347532953,0.0009913322199849234,0.0014659607566739087,0.00552490170806917,0.011215962763174884,0.0038529428996052473,0.0020167051760390828,0.014881286377385875,0.00031012635647317897,0.00030583795805797615,0.005852282659183504,0.0003781852803638427,0.0009358092480868359,0.011981700698427637,0.0010421298473180568,0.0003093587196725391,0.0032235629520966655,0.00030518415520721477,0.007928740122473127,0.01604624314072943,0.001988725830197489,0.0011629771537034683,0.034447690627561346,0.08330149187933354,0.00037973730774960184,0.0023191542737783875,0.05893490748012275,0.0006024486760233961,0.0001380217650827941,0.008967345408737662,0.0004861527066245538,0.0008838049484257304,0.0005226359386788227,0.00047042933281481647,0.0010254489388052508,0.07985423540780948,0.03231852815702216,0.009203602328063519,0.0002066187351900194,0.0009857571934769242,0.0006415824910196852,0.0012369964142011094,0.0008558303540734731,0.001762285765686216,0.00045105595305715117,0.0016947429768656883,0.00047957496116417383,0.0005668205368779156,0.006206717299456168,0.0027365336611360827,0.007682323178114055,0.005492082546393617,0.0008919353629758546,0.0013995405266287219,0.0032415746254967773,0.018008542544990316,0.003539197073736855,0.00027639442938562456,0.0010293459278367192,0.08044194557764935,0.00801541323261274,0.029416170738417922,0.0019049433611373198,0.0022630263777662133,0.11302139107411649,0.0005259349961092006,0.00033324411536531643
2023-10-23,0.0009051561100211424,0.042482395405667256,0.0004973468979262738,0.0015414995472313225,0.00038821976758915465,0.004236828639300327,0.0004906913827305882,0.0018981328360848635,0.018584359646932058,0.0006376634931133051,0.003460209293265665,0.0004974252593308308,0.0009073261475152719,0.0003656071075112214,0.0031139338545641483,0.012247568636252891,0.0003477028752382484,0.0004012161366859969,0.0005300802887470612,0.0009748803954408678,0.0005848376220280977,0.00024407282983191764,0.0003167074150506314,0.00424908308579461,0.0005556044419494812,0.0003554704088030027,0.0003322602101911997,0.0001949584128696933,0.017136269065520873,0.0012877908675342376,0.00019042308304624808,0.001015293360459337,0.03579363160748582,0.00032499297835994587,0.0009843975615164526,0.001400177254778836,0.0053724354239367885,0.01075342978261528,0.0036623727392301893,0.0019121640302119623,0.014106421273707976,0.00028773828718192185,0.00030265381227725886,0.005595215071828147,0.0003741367746749009,0.0009259425695875035,0.011497277057473589,0.0010270902521178798,0.00027720821008674025,0.003169882372741101,0.00029997533057509026,0.007574494932160047,0.015319319057329445,0.002000900210788908,0.0011191176432130009,0.033041234262052493,0.08162574915008154,0.000356687448991169,0.0021905610465387704,0.056367239606123776,0.000606362609068483,0.00013359591251437274,0.00858853481492416,0.00048229030578113145,0.0009035911368363076,0.0005128429313849663,0.0004461716997761061,0.0010012583206241495,0.07680831044980418,0.0308994998199657,0.008929513289306698,0.00019720016149770062,0.0009326709229546065,0.0005996791738378174,0.001234737551874413,0.0007999800537456534,0.0016786861856004352,0.00043870587218296865,0.001603491645483526,0.0004910151171086082,0.0005301872263467979,0.006045747696885106,0.0026189887663302246,0.0072790988350119965,0.005197640287846272,0.0008475698495181798,0.0013770794724229977,0.0030381274706717193,0.017039644038950134,0.0033862205710274034,0.0002583502753929958,0.0010107091151012805,0.07682561856327533,0.007660211056349112,0.02826162800173552,0.0018326123739873924,0.0021251773019826956,0.10761324552265134,0.0005259027689144712,0.00030780680663258336
2023-10-30,0.0008262795007656767,0.04011708739823922,0.0005034018470081406,0.001429248966874959,0.00039750742023997413,0.003961771456481183,0.000473116836175566,0.0017633443950342454,0.017850559881622846,0.000619612175456689,0.003311814164789867,0.00046959228788081544,0.0008813244131207586,0.00035315190385988506,0.0029266269946848864,0.011452618380136288,0.00034313632386255495,0.0003732563006401706,0.0005292054780338727,0.0009181291320531863,0.000581375984937957,0.00022024570222164592,0.00030626995453064964,0.004243749280846239,0.0005259843472364855,0.0003521714553261181,0.0003140173411944119,0.00018087914580485699,0.016085884952520932,0.0011918829283472348,0.00018627166709600052,0.000963548179029152,0.03451225725737909,0.0003023643875167639,0.0009619622951385452,0.0013380818088624248,0.0052847328686503724,0.010143133664635809,0.003413772722084849,0.0018220736916392695,0.013108468476340786,0.000276684220160522,0.0003038475678316285,0.005308702625340331,0.00036339716708269745,0.0009319840418764958,0.010939028548024263,0.0010277906005763831,0.00025302343800682407,0.0031425238693438984,0.00030301852426133444,0.007275948257648321,0.014395248119108719,0.001994168147101438,0.0011089873226917662,0.031008480028912926,0.07928800081435022,0.00032793116753832225,0.0020542939204645267,0.052764548678024784,0.0006104701506472329,0.0001254708543582896,0.008120908838892743,0.0004816541891383066,0.0009074310602035152,0.0004983911269483227,0.0004317663647498502,0.0009490516138485191,0.07273490573039783,0.02907911922115838,0.008663681285851417,0.00018944730430296974,0.0008889235012972398,0.0005906048983596598,0.0012300268078203505,0.0007378827508643196,0.0016053286450867423,0.00043742540611422923,0.001523916922326472,0.0004996504226323227,0.000504433602873826,0.005929023128415849,0.002450985738701999,0.006811627707005042,0.004866922948437684,0.0008300774008075718,0.001359914654867454,0.002830424458815308,0.015801413034168408,0.003209541626124794,0.00024371243190328122,0.0009663866555362438,0.07225941239970285,0.007373190571302907,0.0265405962788923,0.001749302540629351,0.0019552488947698903,0.10069343786276114,0.000534333035910389,0.00028267667509352214
2023-11-06,0.0007350836207043634,0.03719625351546567,0.0004973039295010246,0.0012675736178658355,0.0003926389297876327,0.0036270081070354835,0.0004485570864504781,0.001582940307097689,0.017136962585454357,0.0005619527504979496,0.0031221794501408214,0.0004401858218585704,0.0008307625521674485,0.0003330448802472524,0.0027301255815271696,0.010629931881571717,0.00031846018770728213,0.0003409932826429226,0.0005178855844528106,0.0008402237114272543,0.00056858592444909,0.00020981799000669056,0.00028997416032011127,0.004161435629881902,0.00046883892679330645,0.0003253679343177005,0.000284192704423211,0.00016659724559173238,0.014860355620057383,0.0010588103208834434,0.00017415324775451398,0.0008821017140923561,0.032674682158341815,0.0002873981506575075,0.0009036786558811498,0.0012527930034136189,0.005081235499645988,0.009685954037343686,0.0030949911489073136,0.0016729569335528559,0.01212252898004737,0.00026251867663943187,0.00028185611902708927,0.004913061212786183,0.000351663154442548,0.0008880961212044648,0.010071389990795765,0.0010029454600009745,0.0002201600791115524,0.0030836690384371595,0.00029463962226318024,0.006580872683020799,0.013322199185260949,0.0019353055147325543,0.0010211481357263916,0.029108423870741466,0.07524342082851602,0.000315919467636842,0.001893326918775595,0.048153126864888623,0.0006107386939236421,0.00012185741731279586,0.007523214888045467,0.0004795008363419536,0.0008858686469700159,0.0004884247475580068,0.0003910423544415567,0.0009382045235594297,0.06764875700035211,0.027159484985627216,0.00813347981834343,0.0001788305615375571,0.0008467028300505511,0.0005088651849225355,0.0012065807798843716,0.0006855369436311391,0.001515301547165476,0.00041022618248249057,0.0014097346976563979,0.0005023445194555986,0.0004463288936948079,0.005600276465154109,0.0023586191328900537,0.006402556732626058,0.004469956733500531,0.0007598269014698405,0.0013295537747613833,0.0024905069668747152,0.01465092809273156,0.002948696363065843,0.00022311154376065308,0.0009111166538468059,0.06689062779690758,0.006654653782929582,0.024911634192855654,0.0016660915043630615,0.0017560860326178863,0.09363650458442355,0.0005287099258502989,0.00026311686113038345
2023-11-13,0.0006830943161566711,0.034757049037176045,0.0004952906297585786,0.0011842315996318641,0.00039714172541876417,0.003401536875553982,0.000431757515139431,0.0014963367658208733,0.01634051951561696,0.0005381174839147906,0.002961246216160512,0.00041915344650632233,0.0007925358400343708,0.0003212705902087783,0.002535558297031278,0.009860036573946502,0.00031004423895556854,0.0003127608898636249,0.0005094703000956343,0.0007835233002439111,0.0005588871879303004,0.00020468351753582696,0.00028078778760676595,0.004142871166505362,0.00043577889882873497,0.00031410966394409217,0.000259353536534195,0.0001574384432774068,0.013875799074834409,0.0009397855552934978,0.00017127489082060168,0.0008228279451147904,0.031262499031877236,0.0002645414367144667,0.00087822145631787,0.0011641927813237037,0.004968082421084834,0.009136339619783874,0.0028950862982508423,0.0015879564399056297,0.011357791576573297,0.00025251358142677044,0.00027102562834623695,0.004657007899148177,0.00034429010594340094,0.0008731869917257961,0.009501253764552778,0.0009951651937785818,0.00020094770792118588,0.00305686339880948,0.00029566670362826084,0.006260950399067705,0.012419554864376547,0.0019090938384958658,0.0009869566104785527,0.027038031081613394,0.07230005144185951,0.00029863355401488423,0.0017980687314253308,0.04475137100776691,0.0006084542661544646,0.0001144175855582648,0.007101192846841492,0.0004755870827111099,0.0008915689104436462,0.00047515406128358854,0.0003730691127480265,0.0009096598648265398,0.06394145983033589,0.025579451227139838,0.007903500702186279,0.00017014395212696057,0.0008091142970890852,0.0004762453873097403,0.0012018590762541692,0.0006167963972465026,0.0014344106665274445,0.0003985164620192069,0.0013401878239842643,0.0005154174258129741,0.00042162837289112174,0.00547530419499764,0.0021803367665784424,0.005884678618892423,0.004167409289653248,0.0007302709561948347,0.0013112762087442958,0.0023118483762315117,0.013666390718749278,0.0027952774650357856,0.00021192901758551182,0.0008503805466149909,0.06271347387087209,0.006328144311376341,0.023251039960355276,0.0015683993803398007,0.0016577160204085367,0.08681587434170018,0.000536505413995604,0.000247065365413297
2023-11-20,0.0006247414877622048,0.03246018304900729,0.0004886291333692772,0.0010927870487615898,0.0003949113321746867,0.0031625524102077904,0.00041102649987819,0.001377513555915014,0.01576745934212806,0.0005125723929610578,0.002799307209713132,0.0003955608494729583,0.0007384687943904084,0.0003099454869130562,0.0023714099519955996,0.009257827932110253,0.0002951852343082162,0.00028925357162805577,0.0005125853114068496,0.0007265398623656138,0.0005499220024761764,0.00019281345079307131,0.0002750051394786187,0.00414410730958543,0.00040330173665129477,0.00031178618980951504,0.00022923538056391453,0.00014700209166259575,0.013021894816162368,0.0007971267305491161,0.000162419869718297,0.0007601220449411222,0.029791995177385795,0.00024658765579559837,0.0008543278145112975,0.0010810113246779096,0.004804215889523675,0.008782256415464613,0.0026420477985243133,0.001479182186477601,0.010591765735473168,0.00023550832350673924,0.00027267173436583566,0.0043553363502905895,0.0003323787909682511,0.000872030924131726,0.008909322481535161,0.0010016994524552542,0.00017553997705759233,0.0030518624977500432,0.00029278426782420604,0.005813661990366914,0.011662737140762332,0.001909261501941561,0.0009605974096582849,0.025250209095130212,0.06928768536137267,0.000278758502864065,0.0016960836036635542,0.04131367482642517,0.000628501668835553,0.00011018043518800441,0.006650982070504484,0.0004687962047414707,0.0008725363745351988,0.0004624546063073916,0.00033525323008830587,0.0008732569574842324,0.05990088256062244,0.024081303316105217,0.007655857380641444,0.0001601734603189929,0.0007576179715782542,0.0004613678853718385,0.0011927623306477256,0.000528683243838971,0.0013557927184343278,0.0004034601110903283,0.0012601078423036577,0.0005077432541688177,0.00038200073115622775,0.0053344438874691185,0.002015844943674969,0.005492690476401055,0.0038534743309041543,0.0006962432145954786,0.0013049969835649531,0.0020908131579434816,0.01275416842057063,0.002600750971691895,0.0001973670920195492,0.0008149040903535625,0.05886406927378965,0.00589280353687122,0.021773670090989215,0.00147194380971256,0.0015153167911757131,0.0812443768663382,0.0005203469433218579,0.00022282829134409485
2023-11-27,0.0005788100771412067,0.03070179083311697,0.0004763971596192155,0.001014817732079374,0.000387928517828072,0.0029474059183907273,0.00039978107860761937,0.0012826186184864564,0.01546813162157391,0.0004916336940120479,0.0026431362654438157,0.0003838782317697993,0.000713223076293541,0.0003094580392266697,0.002266779340381277,0.00876931784495363,0.00028066514301493066,0.00026787353541715025,0.000503562099967041,0.0006947138280510275,0.0005284812109475358,0.0001803532153850832,0.00027431088686349095,0.004053248201244992,0.0003735006585457041,0.0003049587520621061,0.00021747750462455882,0.00014245501400448783,0.012329405720040085,0.0006994248687357675,0.0001619699500633688,0.0007218409043322966,0.02865334808735546,0.00023376404523774738,0.00084539033070805,0.0010281281117409866,0.004768475586383096,0.008518491990990404,0.002415295665324232,0.0013878508792150644,0.01005609921980911,0.00023051611088190817,0.00026709660053404586,0.004071905437264778,0.00033588747542404734,0.0008532608263356634,0.008398288997227225,0.0009748861686402299,0.00015690843874805255,0.0029939176566837005,0.00029279027852790714,0.005418133604551272,0.011043974210171387,0.0018413619152984075,0.0009185714564529723,0.02376498261117979,0.0665672216896494,0.0002620113129548326,0.0016273727770306251,0.03855544657933967,0.0006239612188683734,0.0001069789133518437,0.00632137393197023,0.0004676597893479173,0.0008652520356922614,0.0004557990093907541,0.00031716557066905607,0.0008431518940863331,0.05641701153169132,0.02296122768671842,0.007493068439446559,0.0001530792441995625,0.0007234707209812568,0.00044194664058750104,0.0011682505471318858,0.00045652987460387864,0.0013299650190562908,0.00039364627060644686,0.0011874471633711282,0.0005073054089559648,0.0003510417110230797,0.0052979783135503455,0.0018826067535573235,0.005217391372555392,0.0036305915681768067,0.0006770292017122198,0.0012686306400880995,0.0019142000257391899,0.012099243502382069,0.002412258751734851,0.00019239921751819608,0.000789974824109171,0.05586327494247691,0.005497187412579619,0.020524424272658073,0.00138786547805811,0.001404817323946608,0.07702724349075116,0.0005106220303655269,0.00020522264665945008
2023-12-04,0.0005493604907665824,0.029311589794910296,0.0004649531220935822,0.0009577055990849914,0.00037824414757210104,0.0028217810155151644,0.00039326248269787106,0.001228702497812827,0.0152816099965705,0.00046450350879468326,0.00256929604193406,0.00038007885946634017,0.00068976292979593,0.00030086252539289,0.0022014620945305886,0.00850879811918492,0.0002583373802298704,0.00026087196362412145,0.0004950791809075733,0.0006750008795335118,0.0005294721166334307,0.00017657540683121205,0.0002660701481063841,0.0039875631304755075,0.0003460329922535002,0.00029226091241834473,0.00020726056758081415,0.00014126803029878275,0.011886258112582643,0.0006160965329562982,0.0001613226771658418,0.0006794605005101438,0.027886075886578435,0.00022742141554627515,0.0008196367362289582,0.0009930548941770123,0.004643129673500036,0.008434206195411666,0.0022968277912938516,0.001294879615150512,0.00984657299823917,0.00023216643471120357,0.0002563277606713333,0.00389215640983982,0.00033698455872295877,0.0008139403835145689,0.008006907906112437,0.0009580011501385659,0.00014508841439508878,0.002979518472507271,0.0002891065324911669,0.0051080276402842625,0.010676248296383927,0.0018010316388264308,0.0008532140910072856,0.023016251452723825,0.06440349182102208,0.0002591474664359834,0.0015805371452292172,0.03663934075173062,0.0006173236047786471,0.00011212097696803477,0.006060816876674998,0.00046951838762463274,0.0008406870836640479,0.00045106898714881354,0.0002978034214316962,0.0008496854819913389,0.05432546323272119,0.022469296099945746,0.007299742878927818,0.00014657053307557842,0.0007001448776313507,0.00039183498134533385,0.0011498578949919438,0.00040678938804107406,0.001306888477591266,0.00037478673186767193,0.001124921253707323,0.0005037997658351932,0.0003250541804813239,0.0051745766546843226,0.0018216333472212054,0.00509315175497696,0.0034648314394582574,0.0006543639187501401,0.001252637452415486,0.0017859113934638542,0.01187146886254467,0.002296787231015394,0.0001843572726358055,0.0007609595975350702,0.0541562184870083,0.0051655001327247044,0.019921135372891578,0.0013440783200633403,0.0013576119885229602,0.07480982041158218,0.0005001512261261228,0.0001999714263321998
2023-12-11,0.0005205881118773982,0.028296907266154657,0.0004506433823310862,0.0008952177743141167,0.0003696184606364664,0.002664613102741625,0.0003805931408085207,0.0011661175543101518,0.0153521921334802,0.00044986751689485944,0.0024574492792623394,0.00037377449839590875,0.0006809956763531274,0.0003109821837752868,0.0021452550358524824,0.008331204020145814,0.00023996801985352802,0.00024556118243887915,0.00048629797217244444,0.0006604557413110606,0.0005221044940716303,0.0001731675420727972,0.0002675524919005216,0.0039740896190035326,0.00032532397270193655,0.00029279946298712504,0.0002092498696324134,0.0001378322232364672,0.011626861806339026,0.000525227160657847,0.00016398984881247118,0.0006572462703790669,0.0271742979015894,0.0002105835426594539,0.0008139023982350131,0.0009689262716781472,0.004548824273108451,0.008398968243554777,0.002122952029043835,0.0012409853166479323,0.009665726598899053,0.00024187012781404192,0.0002605774032514329,0.003700000632910545,0.0003387638484879335,0.0008022529502286194,0.007641700427436143,0.0009593743906926034,0.00012289242355637518,0.0029933512937625464,0.00028919207599194805,0.004791716056957194,0.01046064277600144,0.0017433939931897156,0.0008200649310212128,0.02212384221901178,0.06251299341803389,0.0002497817336603676,0.001543203547030319,0.0349375001001956,0.0006218786805238833,0.00011717333718207798,0.005847138936497567,0.00045976080073619776,0.0008403840259417932,0.0004368506727389759,0.0002702413829704796,0.0008232508716131928,0.05220705452447706,0.022186736916639832,0.0072781968163711415,0.0001408621646201902,0.0006594342830728265,0.0003827577739242597,0.0011460057601193347,0.0003252769575459258,0.0012915896694416702,0.00037473341514049276,0.0010696281156385035,0.0004939768672524167,0.00030054917464716733,0.005170508099433351,0.0017042991389602492,0.0049967772399668485,0.003346060468759007,0.0006519381663614069,0.0012417273506476327,0.0016676209849562204,0.011696653912607113,0.002176179639905862,0.0001767048887225506,0.0007456861881368564,0.05290852613567935,0.004854111798103609,0.01919303461150671,0.0012873525817115852,0.0012861556714421417,0.07311691453735755,0.0004780498210800367,0.00018381306494653303
2023-12-18,0.0005275013345986419,0.028010656809023083,0.0004436903836190328,0.0008950263999309737,0.00036650657293648797,0.002620503181020258,0.00037396361506064835,0.0011629192193715597,0.015430329356711153,0.0004449687110233662,0.002429511910261465,0.0003754700511284413,0.000660402977601134,0.0003073844036886922,0.0021156556045542614,0.008290274605027959,0.00022684974911575296,0.0002466913021744259,0.0004761188139719178,0.0006711052659419952,0.0005387302573499514,0.00016907851683953782,0.00027181156088495415,0.004029143367252214,0.0003134862087634025,0.00028888163034257095,0.00019686763977980654,0.00014120773535739527,0.011638952877254156,0.0004602912976651682,0.00016999036629105203,0.0006583693697496799,0.026868212293388326,0.00020043262027381154,0.0008275625375189822,0.0009234498302038233,0.0045311141814632135,0.00853205537239447,0.002037839331103413,0.0012189997700279142,0.009806347861364296,0.00023609763314165203,0.000268936186751154,0.003668406461477703,0.0003438391130619677,0.000802097298226081,0.007551268715988246,0.0009790790998596356,0.00010253628015461868,0.0030557872090180623,0.0002935783917581447,0.004580344869567292,0.010454202361740206,0.0017391966255492052,0.000795003210980906,0.02182640222229447,0.06159941935289674,0.0002465638025612244,0.0015713574611753158,0.03479846425448744,0.0006250149744529195,0.00012408949039756034,0.005821964682440626,0.0004512556928622551,0.0008276179828508431,0.0004318563774715569,0.0002578980892146785,0.0008172000341746809,0.05155666813579128,0.02233409943505686,0.007337302197547577,0.0001411225372044768,0.0006516823278650107,0.0003802412993981748,0.001165554580624659,0.00025802261032272764,0.001306883340023509,0.00037321579327398224,0.0010539615190142061,0.00048504334221073143,0.0002786617763590813,0.005235894940942664,0.0016300855922783699,0.004967749635858149,0.0033213935832578246,0.0006499731930498636,0.0012629356290115778,0.0016514568212624143,0.011894986595123308,0.0020747521299348337,0.00017633931831163144,0.000754343023171841,0.052790376071890924,0.004639150184827432,0.019004679480221796,0.001236913486873999,0.0012830511193442674,0.07322148363148975,0.0004651124381225213,0.0001758819666502335
2023-12-25,0.0005266736160815184,0.027980454906060513,0.00043600513587073084,0.0008970452288031488,0.0003619592425626018,0.0026117789239551983,0.00037407268192953116,0.0011559925508737225,0.015425333492228473,0.00045200480036014913,0.002403065244848165,0.000372638817561747,0.0006377746874079938,0.00030672773792618833,0.002082293054280715,0.008227570228656843,0.00022541524317869135,0.00024755745572340473,0.00047208435846422835,0.0006770754179686266,0.0005457865428744347,0.00016555015510611156,0.00027792251208755655,0.004090934266619915,0.0003122999109984888,0.00028906886502012624,0.0001918988931057063,0.0001453206382509161,0.011611426944554457,0.0004363519418322953,0.00017161064855508495,0.0006550394711172347,0.026766393003703717,0.00019417457625529923,0.0008235703069107658,0.0009016375489343986,0.004486889126575334,0.008543424257982518,0.0019880821155636563,0.0012133087417606197,0.009862976312713267,0.0002203882373403592,0.0002706977170850254,0.003634947978348836,0.00033554488974977365,0.0007996060467391018,0.007573479392434353,0.0009830185877285577,9.831499641251782e-05,0.003109064217201845,0.00029650802675522164,0.004546647323593607,0.010429105095256394,0.001725665992764989,0.0007967809291086448,0.021551872129198228,0.06160780365903063,0.00023944233349788998,0.0015705316254289938,0.03479317504800508,0.000628006312116678,0.0001290970226717614,0.0058266272081499955,0.00045430577728171676,0.0008120463086485746,0.0004235127926434318,0.000252564010104659,0.0008068537074291933,0.051374933265469144,0.022423036085558685,0.007370504905862134,0.00013920725000371556,0.0006393901818497608,0.00039671440420306224,0.0011879354626722586,0.0002272849984540278,0.0013100422459906935,0.00037851641699794574,0.0010471971601378966,0.00047626521826521154,0.00027552383938493185,0.005228716549755017,0.0015605664260891837,0.004921798519171683,0.0033056359699434514,0.0006532319487909545,0.0012798677913508675,0.0016529580846242173,0.01196607999983849,0.0020382793591873644,0.00017858413813149398,0.0007539326376959788,0.0527870384640894,0.0046212963123051405,0.01878974589542553,0.00122402659275065,0.0012673918894652422,0.07308166787871294,0.0004438152596613601,0.00016965980430577325
