,0f259232e21f0c2fee6ad8d1d8f1027a,9274b3c3b5944720ff3a39acd9cf88fd,255b57e780bd487c9f2c9d8a6d98122e,81a7fd8b494dcdbef06baf399f2f6ab3,3679c0945f1a70a259b655406fc39172,456a12b90d15a721ad799e16006c6684,05b2f1f50c1ce311f0dbd14eee459bff,85e40ab41dbb322d6265279032519a63,fb99ada28bdcb8a828a19ba2293b5607,ec5c0d5f42ed96fb66f585f2072f51c8,5a238bc5400490331b6b4c08ea0fe0ab,f3b0f9ecd412b62d07cc9a0c8e80470c,f7e1531894d4de8cc0d90bc6c9ba8991,942619b5db45e2e562e61d92119ff838,94e09ab4773fbc3b2b67c2f34281220a,f0e3dfc632173c07417737b09c0ef573,05c65dfa276e4011e911260f8118f6c9,795c21f080ec8025792ef4d0dbbd8b71,af3df9ccd4174c841a11369f668d7eed,a107bcb0918d989fb9378c897e0ffddc,26946cac9ecc79ec658301e357330c5e,18583b9b1ebca580d6dd801f9dc66bd4,bca747f5e6237a7773881a0467d2e683,ccb2a8fe516433ddfb606137a178f9ed,61768dc417b2b3ede0ed37eb320093a9,0bcb8976125dbc200aaac6e2843288d3,9f787e7ea88cf6d08f0a84ff9671c365,c4c7efcae8d0827a8d07ca016a3bfb6a,b08119580a4f62b96c89326c2e32b695,0da4b490e41e0fe2c7df72f01af5ec50,a05ee4cf2d1de48475756e7a2d0a7cf1,a693b13a81f3e3d78eca32b7cc36b60e,c6424732171a02f1c1062f50c3a73a77,cbaac4719cd0e31524598d62fe31fe48,27da4027d84eff5adb55c509efaafbe0,ff9858a350a257210e2851650a7cd6d2,565b7097a474e2e3750586bd4d6b0bb5,23edc5ff51cfadd333466861a4e1ea38,c5d9c0b2012bb566a6a73b4d9e07fe86,1f56c874da3dc7e3bed7f8f6529b64a2,ae6f5f4d844a09b756dc601df2c1e8d9,36493d4cdc4c7a595e50be5d6c71f09d,dd131a05ead3e4f70b991714a54de5ab,cfe26d6aea9efd71c5513cd733043333,7ba28aba612a440ff8dd711262154f44,2a73e11492c29b7696d32cab40401a30,3ac8acc7e11bbe6772fddad237e51d2e,0d96aee679fac13091dac1b352b9485f,630ee7e776797db7d8df48faa23d5a65,9c0a5f9ef978de85871f0df5f328cc04,762c8c28af0cb9ae3028f33c1520a885,0928147d7fed5d2704e5864f15310df3,2e300d5b9ced3d6eb1bd338e15f42705,9b0f782fc5e61f4bcd60aec45a951907,8c1269604d51124eea733d76d969419f,71e83ca83dd815fb28599128e3923a04,2e207747b7f6ba4806dacd5c8eefb008,47251289aa301e5e085ea87168b93c5b,d774007926d300cfdc0af21fd17631da,a755c8d149dbfd8145d7e0970920af69,0e9ec21c9c1d75db573e64780f4bdc04,c4c87cc56c600398a547bf1d240bac4a,876d491f272ea12d93db7be1c54c1e5e,f4010791f0c5aa854730550435ca5837,d73f5beea409541bfeaa2095570c500d,3dd952e6eff4eeed1f99f883d7760558,ea594b4481ccdee2d7ed446a2a0ae272,e853197616422fca1c71e49cdd101657,32e418063c86b6aba3701f86f27b15bb,e47da797deb91bee9d49736f2c03f5d4,200d22d4f0b96478bc89e527590483df,ce1dd76e18ef0012011b3032be8a83fe,72cf8a1a01fb55ce2780a3fe0f8038d1,5402c87773c8c6cb257b4394b0717185,281856e1516923676b43bd418e6f25a7,9c863871d4cf0e4b25504375945feaa9,7fc85a57ec35f1b6145953e32a673446,67c5e92a315327f8188d2c91faf5c3a1,1ba20e49a934c9f63888c0aca2e3bdb0,106479e4024061d5093f0dcd23bc6cf9,179d05e99c44e629c8e68aef8ee71784,e2a80f87817bef0d96786c7ce389aed6,8597f5e4b5aabc29c6fc71c001a9303a,6a3dd1d0444d504a669c0825857a9074,fe5f4acc019e16ac5a920b1014cc7229,1ccc72120e9ca6b9c58c97c139468900,7342f68949be41c06eb30d3be1f3499d,9d5cf228e9ec57d97be4213c970d5621,a5b2dafc7f7a3eabaaff5f337f5a7d42,796b462f075af0b2fa608735085c20e9,668beb724f47e5a18cece4da0cfd0a51,a2a8db06139e5d8b33b9696c575f0414,9a6473062b1e797bcc9732f0c9a07849,cae432c95e5232373cb67ff90e7793d8,19f6997d3ba451b2bc8107503d70ab73,83e59a57e4575c3cbd02a8451997959b,5876cef9666eaf04c8dda83ec6c83a60,66b960536d4f8c72e04621cc3b3cf8e8,cf83b57ee57ce2ce8c9cc50781da2080,13e68590206aad4467ab4aa1b71406f6
2023-01-02,0.00044215453882920277,0.02682827544740443,0.00041584043696374644,0.0008879745346271243,0.000347516732524596,0.0026489654007960032,0.0002915545552287738,0.0010978185490828503,0.015373888955823044,0.000488724517673529,0.002423396584751865,0.00034881540442510196,0.000624471973267228,0.00028414809856417154,0.0021112731497135596,0.0084710336476728,0.00021372941102851113,0.00023561947682906813,0.0004761039535166779,0.0006958521916385135,0.0005274228565585566,0.0001586853786074686,0.00024804830344962844,0.003663953981257692,0.0002535432649179907,0.00022539283164430565,0.00019064650874157894,0.00016736641391287333,0.011742103060419631,0.0005857812851776869,0.00018680587397620712,0.0005941457660269382,0.02565663008543184,0.00019497489913216132,0.0007304089695538523,0.0008769955817979952,0.0038189773874328517,0.008803707247274901,0.0022211276195878114,0.0011479902073240785,0.010122262490222385,0.00023458400043297145,0.00022363966339105013,0.0035941942261897243,0.00027693938361673855,0.0007851816320161476,0.007571195909093454,0.0008156706325922282,0.00017008276663352503,0.0028274957715897185,0.0002624844716371366,0.004645038853334917,0.010540674358586747,0.0014703795250113052,0.000729323269960146,0.02216124405983752,0.060348810231541775,0.000262291483194102,0.001667592119417907,0.03499577245860406,0.0004667256611790247,0.00014357814616884932,0.005743508781609604,0.00048027813572104166,0.0006334486766612268,0.0004088087435570163,0.00029985711656969145,0.0008204275403818216,0.051684605244055756,0.022355301356027216,0.006942227521389146,0.0001330741767514794,0.0007148454190558169,0.00038752778150400976,0.0011902335385705703,0.00032610822213015235,0.0012552760760716054,0.0003802130414868361,0.0010400614068241613,0.00044008871908689956,0.0002901947351959063,0.004378325040278321,0.001775215892162012,0.004983475034156881,0.0031156996424629843,0.000582691856002165,0.0010246977179921531,0.0017266929079399148,0.012187794122111486,0.0019406213887119732,0.00019868188225975788,0.0007273062532970188,0.053174916394378685,0.004701184579615228,0.019102887980984348,0.001153774958677402,0.001235572086040876,0.07343673889806385,0.0002762154388139964,0.0001921421484224266
2023-01-09,0.00047241853623076254,0.027130562491252307,0.0003549001815797968,0.0009605675492829018,0.0002963757363369301,0.0027797788059142946,0.0002872969186713602,0.0012413910406768132,0.015862491454482056,0.0004801893134286264,0.0025066176752450327,0.0003471288942921257,0.0006429515469792175,0.00026224304939156284,0.0021164508095682126,0.008699210255373697,0.00022489664636565483,0.00027536128159134574,0.00044403345114285846,0.0007003870945537158,0.0005360143183453302,0.00018069435842100865,0.0002400211308592228,0.003691343262087315,0.0002783212430789598,0.00024370561725313707,0.00022742839586625783,0.00014871583568474553,0.012060020703347524,0.0006056755303229331,0.000178793275043365,0.0006499750056032718,0.025757228655931743,0.00022156837805858027,0.0007390312073033397,0.0008632826278794621,0.003779115748553656,0.009106342281348588,0.002325748586337867,0.001159658503656586,0.010352814795828738,0.0002496434301203892,0.00021816419922951908,0.003930497365263573,0.00029932201089692017,0.0007541813400224435,0.00791279842129389,0.0007581424379727197,0.00018794095967161493,0.0028636731304097704,0.0002669400337437639,0.0048451362293880345,0.010751512615806926,0.0014066470713187693,0.0007440546281984746,0.022628152844595913,0.06009710348189407,0.0002783159623476442,0.0016931326889368628,0.0357300969849228,0.000461415267304939,0.00014713290247638368,0.005834451510661534,0.000493451755941827,0.0006288523863655045,0.0003879408272598454,0.00028252728194581644,0.0008361760414172656,0.05243752883353594,0.022639296062773644,0.006827860926838028,0.00014066455428666795,0.0007121806257057908,0.000397350932304557,0.0011632941866339974,0.00033618746350278655,0.0013094732789162137,0.00035311055839902636,0.0010847271200808226,0.00042650922253140974,0.00032751953282831236,0.00433800963371076,0.0018634640755690822,0.005144495827387071,0.0031924084268993617,0.0006297039110758377,0.0010283772180146081,0.001883839005381227,0.012496528052022277,0.0020639695185434366,0.00020295340993796822,0.0006992822959247804,0.05380965049793229,0.004872603741227423,0.019517911531754133,0.001243198812059628,0.0014165290628648443,0.07495787908320206,0.00026553684055794397,0.00020718960464656576
2023-01-16,0.0004640024149639091,0.02671519356684096,0.00035797968990219464,0.000848611521319343,0.00030749600628010186,0.002679943134343444,0.00029783170367139457,0.001044301318151233,0.015707565684082582,0.00046198589877244095,0.002274220498277053,0.0003666293158746002,0.0006524228781276626,0.00025695410567189874,0.002174082062771777,0.008106163750606925,0.00019504243393001993,0.0002752712142424451,0.0004407447702046353,0.0006789543998800145,0.0005901816271398999,0.0001679268059826157,0.00024147750586145958,0.004035082108237707,0.000284774104963586,0.0002323220534921877,0.00023316246617729056,0.00013840457071920452,0.01146282964700421,0.0005325117953033936,0.0001907189271263673,0.0006240377093314697,0.025218241448245738,0.00019824378719017087,0.0007310474291510717,0.000835677836914773,0.003895005851833223,0.008947299480204236,0.001980553436896777,0.0010889735168695253,0.009907296663892045,0.0002271063935221127,0.00023032385082175292,0.0035945347526934587,0.00030577761726375706,0.000730024941767662,0.0074045525471045665,0.0007860852343197333,0.00015571114708902748,0.0031344507752211815,0.00028165214119036075,0.004155027518089743,0.01029575947470239,0.0014419911510912648,0.0007244105126474763,0.021415068512421143,0.05871581767257053,0.00022489022345293034,0.0015880123086514392,0.03448053703207457,0.00047891861432016803,0.00015748606559152703,0.005674891953216062,0.0004609873870996952,0.0006322213727221652,0.0004033101218377204,0.00023334568045417378,0.000792834024585506,0.05003091111126381,0.022561040549967402,0.0072011547294064705,0.00014112440379198836,0.0006260452554518092,0.0003923373977657819,0.0012528611664953324,0.0003089764670311417,0.0013357652368449192,0.00035649131675716245,0.0009950957121022297,0.00042458242993254953,0.00027631749076021024,0.004614230206724579,0.0016236812439663945,0.0050510669946171325,0.0031517263117014005,0.0006250896164815664,0.0010559090482279336,0.0015884146462600659,0.0121364360985186,0.0018928173744723765,0.00018458763801659247,0.0007339204943187369,0.05239186382181,0.004198047012752923,0.01846948726023523,0.0012240578448919185,0.001198241297789216,0.07313174199682652,0.0002752388706762452,0.00020400370226057198
2023-01-23,0.0005118651073534391,0.027650689563237414,0.00040133693032419124,0.0008124011202588698,0.00033077411366863667,0.002663068512890102,0.0003243235288163901,0.0010336631557666366,0.015982406228541385,0.000478669448195601,0.002423943750726305,0.0003588204578308008,0.0006399614385743292,0.0002939103792393262,0.002202269995779529,0.008232174772311165,0.0002237192248651152,0.00027921105294607734,0.0004440998558705988,0.0006722199787964885,0.0005858154816376933,0.00016026138870238064,0.00025966624893155286,0.004178204439258345,0.00031854552825819635,0.0002514618965621339,0.0002211566587636038,0.00014564678537614967,0.01171871074505336,0.0005686769614364391,0.00019024468417252417,0.0006696237047296906,0.025850888374287416,0.00018992327059823944,0.0007373761093951973,0.0008437471049856293,0.004042122692765768,0.00912753930687268,0.0019216936717560977,0.0011476725928210682,0.00996460111678426,0.00021709389900933038,0.00022835585328174912,0.0035391170126536755,0.0002778442811068255,0.0007722167919213254,0.007523521859425748,0.0007979452492968552,0.00015027311984046796,0.0032064531783692115,0.0002877124948209512,0.004147244258417871,0.010468916699502256,0.0013794528676550296,0.0007090649825175675,0.0221189737123726,0.06057226468512282,0.00023735581022754802,0.0015783874838493192,0.03480423105280483,0.0005072642344478211,0.00014156099580149516,0.005660608872074275,0.0004368808382857566,0.0006345564979377156,0.0003919906635351656,0.00026560488687205443,0.0008193082112680166,0.05133182352685662,0.02258924056785249,0.007356515469151559,0.00013701880011777405,0.000681278332632832,0.00038816654974166545,0.0013321852997295446,0.0003069756649736097,0.0013799023095992275,0.00034437120069669727,0.0010074319741665127,0.0003949887906893389,0.0002763796908854946,0.004866074180161747,0.0016104618822664176,0.005129758428209309,0.0032243991451087004,0.0006618098508757476,0.0011509302852231462,0.0015188203579456676,0.012166222849601005,0.0018857944951709222,0.00018878746863734878,0.0007244568686627157,0.05355308520478755,0.004168655746717609,0.01921979552579732,0.0012465603365772436,0.0011618068384645318,0.0746983996555005,0.00030601870996500326,0.00021245892133334068
2023-01-30,0.0005633926677956051,0.028705038599296424,0.0003991175675373082,0.0009386665330620126,0.00033084344739587956,0.00283038124283143,0.00033654891349199287,0.0011816559862110664,0.016513882782464784,0.0004822369430017019,0.002511030448293571,0.0003679603342767052,0.0006755640134716094,0.000275390184284103,0.002225452193984534,0.008742585125001732,0.00023196619712202973,0.00029133345369205746,0.00042143945099947443,0.0006968122362074035,0.0006118059823368591,0.00016746085239347376,0.00025664434165935217,0.004278182222506645,0.00029604099243565077,0.0002387951102767168,0.00021772589902059814,0.0001344164363526432,0.012184443545943072,0.0006499952438507522,0.00020286576032747287,0.0006655190383069188,0.026319823784084994,0.00021115145446709717,0.000738146777733359,0.0008599211104375434,0.004014628171075058,0.009357690537675765,0.002212753403215468,0.0012012828511391064,0.010560313774031955,0.0002433997643494194,0.0001962424605759646,0.003774194356455226,0.00028845402005416753,0.000768258034299229,0.007961949933422688,0.0008094361484890576,0.00017585761891982811,0.0032539285585883927,0.00026801137057394986,0.004689984037116513,0.01089189729782408,0.0014450941611318252,0.0006929539734430801,0.023348510635724216,0.0615874942442582,0.0002646431460415113,0.0017373667539203577,0.036451957349072514,0.0005031255947881421,0.000138569922442804,0.0059453380229522075,0.0004770342099166021,0.000638658730696978,0.0004094638062796602,0.0002777088688314047,0.0008276333483430181,0.05315807630400261,0.023026324554084383,0.007088561196253246,0.00014225220625842816,0.0007641685208953281,0.00036246573111265573,0.0013578547089221123,0.0003528136095658925,0.0013787475141123213,0.00032743365798569167,0.0010690783766995641,0.0003911356724550801,0.00028246292879819914,0.004620753217231548,0.0018135190310899477,0.005495681946448069,0.003426392363451932,0.0006281186641507446,0.0012219500012260493,0.0018300565118698979,0.012837754280919158,0.0020976217376749923,0.00018001229584243254,0.0007426461136323527,0.05562492403337099,0.0047167643220726255,0.02020624453187013,0.0012641718487668707,0.0013383537791281693,0.07887872148668904,0.0002840946819709199,0.0002136083379872581
2023-02-06,0.0005977578788491234,0.02995925018699637,0.00039724350621348354,0.0010763700436826514,0.00034143669983201236,0.002866075734759871,0.0003476360505750384,0.0013400770093737828,0.01658304062231647,0.0005061874531428008,0.002510251976111999,0.0004230196537323447,0.0006990671846395254,0.0003059255397214999,0.0024478634486958884,0.009369556131388606,0.00023253403643991733,0.0003111676832766935,0.00043587583603061844,0.0007468778190433085,0.0006003976723440663,0.00019019399048750182,0.000269135962452441,0.004468536131757539,0.0003026230700127837,0.0002789547840225197,0.00024189216995259294,0.000175463323954558,0.01295415230355401,0.0006728709121236831,0.00021713965966001995,0.000674338169319096,0.027526329605631665,0.00021228853943395457,0.0007985511401557188,0.0008562460353300791,0.004206709037860348,0.009503421331760482,0.0023029666709569827,0.0012511034656674603,0.0112176636125315,0.00022866250552387767,0.0002343602195257019,0.003969209749859307,0.0003304114703642278,0.000813823031456709,0.008382882819854139,0.0009093600355312598,0.00021600798734609626,0.0034088108075172943,0.0002871509301327358,0.004780133148707999,0.011584255570920639,0.0015274883453774784,0.0007735484857436909,0.023648871330772488,0.063660822463061,0.00029387845241642796,0.0017930271047583968,0.03868831435111646,0.0005228795708473956,0.00016318867210978394,0.006350452290149497,0.00045895012703583857,0.0006457984065808202,0.00040902986674041603,0.0003180079790145659,0.0008900765545590505,0.05605627898515958,0.02454187858612415,0.0073681371571907555,0.00014249514332478102,0.0007855605912225107,0.0004049369996787386,0.0013447868791221075,0.0003563938067050747,0.0014492026394613156,0.0003504445444849079,0.0010947639784061446,0.00041320573758042755,0.000338818363625547,0.004879752164861618,0.0018467734052596764,0.005630254430562762,0.003604157427279171,0.0006843081386340135,0.0013819549277155933,0.0018710210283470659,0.013702140957738154,0.00223669968390104,0.0002031753473170191,0.0007811619904053824,0.058612623107057185,0.004816797389802228,0.02044178923383529,0.0012732650392577429,0.001499975202657278,0.08234475199461638,0.0002904797586671502,0.00023197094871072824
2023-02-13,0.0006415200211180614,0.032186916190759564,0.0003987720138801296,0.0011614138659417224,0.00034663962780164274,0.0031061618427651386,0.0003770030393975548,0.0014712022014475431,0.017149500424553408,0.0005241741421833043,0.0025728288713753834,0.00043766283256102073,0.000727382471931071,0.0003101281921380515,0.0025516435628172547,0.010206096526187482,0.00023945300791243914,0.00029611170935844725,0.00044303832529194527,0.0007666412912827598,0.0006098490122579178,0.00018430714719182916,0.0002785191317381902,0.004453296488218434,0.00033107901129559463,0.00028573999120018315,0.0002598679431872287,0.00017516252854638906,0.01408854584718348,0.0007893797921829523,0.0001879595060925051,0.0007195080695779833,0.029304320262513717,0.00022761360421093494,0.0008262849567554048,0.000978579798257325,0.0043961494964104815,0.0096721248004874,0.0025708706258833246,0.0013918822991894034,0.011421021700650862,0.0002662330890775065,0.00026346052987226496,0.00434189324173808,0.0003322301718041345,0.0008529498219788845,0.00910113908317685,0.0009263754661990586,0.0001752866194314885,0.0034030773435856816,0.00027208580287065785,0.005400259078504291,0.01261694738717309,0.0016145778878775044,0.0008255821957559097,0.02465366727843228,0.0678478158931741,0.00030504047974309596,0.001849993342722248,0.042285596982501034,0.000505096186548864,0.00016679000280769493,0.006764520693985862,0.00044457614580606494,0.0006929716722630206,0.0004193235180533689,0.0003624704070730866,0.0009481592495062748,0.05995418232718696,0.02526417175620991,0.007698206534261723,0.0001529543839973488,0.0008052393576471176,0.0004794258096431723,0.0013175502951531322,0.0004087027383486421,0.0014805511378144394,0.0003735017651615699,0.001155144398078871,0.0004309934111150741,0.0003367607844912935,0.005191515898660843,0.0019313049518130797,0.005594505769955292,0.0038751806735098002,0.0006768639759306686,0.0013920809865567943,0.0021534511686929427,0.013954237999363912,0.0023362297036277546,0.00020973379912353707,0.0008510290397328755,0.0620824061263575,0.005417507883038903,0.021284836810706857,0.0013772764693541066,0.001675555386742296,0.08580085338034564,0.00030678942179718157,0.00023175666072614487
2023-02-20,0.0006069583310542878,0.03173813422301669,0.0003806707604491823,0.001064059593566995,0.00032376974453058205,0.00300016776538581,0.000360507890567451,0.0013177944389964418,0.016616044003193112,0.0005148356553954367,0.002559879908533417,0.00042879560089387295,0.0006824920472039224,0.0002963516499116452,0.0024191859969473805,0.009596418132392866,0.00022086084297938478,0.0002931665089053061,0.0004463312798705577,0.0007473031411866982,0.0006561416312195137,0.00017164677337419153,0.0002785767992656805,0.004636280106323658,0.00035319213079215586,0.00028293148040061636,0.00022967885956043005,0.00015239358791967393,0.013423791574604292,0.0007575816480417772,0.00021472530213742524,0.0006960933297755727,0.028959111784696314,0.0002269586497551875,0.0008537690011510343,0.0009719112158072896,0.004606732378273306,0.009604774605200664,0.0022743920206299622,0.0014410790816096186,0.011389195959077066,0.00023779808253678698,0.0002637423575952526,0.004121970745591107,0.00032189974457235717,0.0008127176839234981,0.008682145714798088,0.0009995105022544979,0.00015541503480378548,0.0035375426602924894,0.00024419372962372745,0.004722320061045369,0.011946797499089133,0.0016551920395437001,0.0008138131077605065,0.02430688302993596,0.06719519664934129,0.00026294252931742713,0.0017929386805989136,0.040796020668050714,0.0005130519102472102,0.0001557737148007229,0.006747942520609817,0.000452546191570836,0.0007078596622950308,0.0004249291682086123,0.00036031561755769947,0.0008896858281816268,0.057931439336859736,0.02529038778742632,0.007883288422408347,0.00014735760145328703,0.000747835147147871,0.0004473112176399667,0.0013484926136865818,0.0003806075515913358,0.0015343971360873595,0.00037932066468310065,0.0011839567838837143,0.0003954205110791144,0.00029557907401512977,0.0053574620061783125,0.0017982220597643058,0.005552756193299995,0.0037229345344848078,0.0006374922861870439,0.0013944867342311014,0.001927885918863901,0.01396368913934706,0.002197154961801588,0.00021945904306104952,0.0008201375288833139,0.06068527128987767,0.00476209104936758,0.020974034857047047,0.001306671251811594,0.0015130393211760717,0.0855303062258043,0.0003392207900829214,0.0002334319673734991
2023-02-27,0.0006205203592471393,0.033157598309560866,0.0004043544500134311,0.0011323434502773367,0.0003327018197926362,0.0031380474650039326,0.00033006420698878134,0.0013946992686351847,0.017204608462779342,0.000554641791405905,0.002702384132528941,0.0004573238812406697,0.0007438952384601162,0.0003183540652966379,0.0025648459944414134,0.010162878675571224,0.00023180206277021923,0.0003175295411918618,0.0004667264572885949,0.0008079103656472874,0.0006605023042103137,0.00016835955809102766,0.0003007492580787053,0.004748282102578817,0.00038112551883759827,0.0003003806212062371,0.00022080799820915894,0.00016367360707777466,0.014180925372483477,0.0007658620119752773,0.00023442405795681548,0.0007543498143885349,0.029432601286369417,0.00023965164626240791,0.000878393741340932,0.0010109045044158222,0.004723756501975245,0.010126531903622686,0.002637036716764957,0.0015027853674495948,0.01196948809238256,0.000241359230344007,0.0002673516003948264,0.004425540494578016,0.00033752756336578345,0.0008034972611887613,0.009316012998419231,0.001056038862856348,0.0002147240848138987,0.003589249890893038,0.00025880788345732753,0.005264168444132091,0.012628304639434996,0.0016955796582958462,0.0008659192939393715,0.026147120734058702,0.06920466706749735,0.00030414005830555553,0.002021095782494906,0.04318612654467962,0.00047856567591175774,0.0001692350763262202,0.007022305345889424,0.00044771902123564515,0.000692402936066551,0.0004056160990829108,0.0004007783262728822,0.0008783610240922639,0.060053900403279833,0.026255310612310803,0.00791467152055705,0.00017574771683107494,0.000805301843772548,0.00048261597217648047,0.0013548828347138052,0.0004219151232705346,0.0015982444201953759,0.0003843202938088285,0.001238277718904634,0.0004264306857929424,0.0003621990447427796,0.005537900675284309,0.001985167918309639,0.005866785422316424,0.0038609409981038264,0.0007223316302357366,0.0014726576356623076,0.002190560483026676,0.014628509728742311,0.0023514306969390506,0.0002503153854263628,0.0008380228659803143,0.06319352268977796,0.0053428059464601255,0.022477772336357324,0.0013578152065127644,0.0015781152303958844,0.08901815275482844,0.00035782667908171,0.00024608824000051273
2023-03-06,0.0007023068484484804,0.03449169382999087,0.0003936417788446254,0.0012684293103404634,0.00033146726452774883,0.0035127836808183533,0.00037307621960315615,0.0015514843627221513,0.01805085359929341,0.0005853555265129347,0.002808867985498442,0.00045638591353163794,0.0007806002939886358,0.0003376743032935845,0.002701025360178661,0.010861302349250816,0.00027361196977170705,0.0003302835640448142,0.0004967637596119276,0.0008867882506053343,0.0006090135747576747,0.00022894769993984145,0.00033729911184507584,0.004569076237538532,0.00041270200445658596,0.00031152470361505834,0.00028106697989540414,0.00019189596957878418,0.015020361201800975,0.0008124120691219865,0.00021755011795561734,0.0007936012318091217,0.030284620606592816,0.00024902480299394573,0.0008738925873281851,0.001047293279655533,0.004757213338806798,0.010584444429729044,0.0028968345465773242,0.0015360347595138693,0.01301622566778702,0.0002575636119917546,0.00027680514696604115,0.004589404206929382,0.0003189190395381918,0.0009315358903283868,0.009786987923959352,0.0010697780268860695,0.00024128054040804925,0.003460240236269673,0.00026431803964534553,0.006040525164861196,0.01348237766219649,0.001718076485635112,0.0009026978961874973,0.02727107846927147,0.07076293685591167,0.0003150271076553309,0.0021587861207836207,0.045659598661018486,0.00048751357725255383,0.000186740005466813,0.007251553784119445,0.0004412681579399605,0.0007358982338334315,0.00041541714977427307,0.00041418471481063305,0.0009199351361037849,0.0636632648716035,0.028014098023960723,0.008365183269194502,0.0001924883262215991,0.0008138974458489677,0.0005450298662372995,0.0013022671736615588,0.0004597083765014696,0.0015750440768166837,0.0004208852936136973,0.001251625719553704,0.0004581453273766942,0.00040985680346406167,0.005666741669110537,0.0020772240753783766,0.006231253990596661,0.004105679834192655,0.0008084913936923632,0.001425930590880027,0.0025058916218273055,0.015865474947788782,0.0025052911224314124,0.00023952346788495884,0.0008651982067633297,0.06700127920151715,0.006095904151335112,0.02349049221919932,0.0014214731428451627,0.0017740239133194546,0.09349266531671051,0.00034244823910064344,0.0002526135943685614
2023-03-13,0.000810397564169094,0.036057642981047994,0.0004014285245022524,0.0013841948846184651,0.00034615098437789954,0.0037980021623635397,0.0003927873124325056,0.001694012869799091,0.018601669612991565,0.0006091495206037899,0.0029572454092313097,0.0005052291388647622,0.0008089689267746564,0.00037491799791795563,0.002963837048821044,0.011608947285585132,0.0003066727878507658,0.0003752834701989765,0.00046412740987804085,0.0009398236819488881,0.000573112903152595,0.0002604812855495839,0.000344637381403755,0.0041037772739521096,0.00046177962302132306,0.00030061864805389354,0.00031436417354355965,0.00019686394637475612,0.01584841046234859,0.0009757022519238211,0.00022425765993376985,0.0008739085724089482,0.03120653115836904,0.0002728190391838467,0.000896911878343713,0.0011019783127428871,0.004950493411040934,0.01097699741542751,0.0032454902731657376,0.0016043411424068107,0.01392579602126911,0.00027685811523875446,0.00027569440976687597,0.005027119527658655,0.00031570241077242227,0.0009627453429492396,0.010464155672531401,0.0009938733885747919,0.00025338955724021927,0.0031249124885266294,0.00027554282023387706,0.006672865906675201,0.014251579138881951,0.001713199155636219,0.000942103424824066,0.02849210040763945,0.07322025102832137,0.00037992786866950065,0.002195200083564286,0.04886346378738457,0.0004602636540396247,0.00020283954922942676,0.007589414506880739,0.0004747019541230601,0.000753138897049209,0.00043286805103987625,0.0004259242960253122,0.0009871781977858164,0.06659564471985219,0.029505943239622665,0.00847120379146682,0.00017005786454954818,0.000877818970453985,0.0005831061194283376,0.0011771581545444068,0.0005631935473913916,0.0017086637862586316,0.00041937276294845723,0.0013949815763068464,0.00045289348706092187,0.00045058263222620476,0.005759789392904958,0.0022351523638721913,0.006505763763527707,0.004318455244914836,0.0007752845145784208,0.0012560410561778556,0.0027528275005698705,0.016897055007740094,0.002780793140612886,0.00025904367008128476,0.0008978916192332926,0.06983236275114693,0.006710578336748439,0.024578299057008667,0.0015314160432373094,0.00191903195989262,0.0978365110311479,0.00035392133714194564,0.00028595868957081603
2023-03-20,0.0007990700515793632,0.036287141627849163,0.0004126318938605125,0.001378685365028761,0.0003385976009614049,0.0039040929466676593,0.000414780070186614,0.0016673219513202182,0.018936037297605943,0.0006575786234457197,0.0030030927173446947,0.0004847129174175244,0.0008229732233600771,0.00037720884244705165,0.0029573579873172014,0.01152894998569302,0.00029986864224596513,0.0003820947276237172,0.0004928721027598158,0.0009447006680024399,0.000492443736329637,0.00026927395555307996,0.000331491976489697,0.0037140152279764786,0.0005061083270212477,0.0003074877545452864,0.00032624285192174113,0.00020926543996155784,0.015839140474764687,0.0010839934771309147,0.00024255208059160117,0.0008613304843542134,0.030941496318245935,0.0002605446361234962,0.0009004480394284065,0.0011610014217351644,0.004817908062387053,0.011116211047748728,0.003143399021495524,0.0016146355505554063,0.014063366712581026,0.00031123786504586823,0.00027953139095096785,0.00498659597798475,0.0003311887715969747,0.0008951590517338214,0.010139548707095356,0.0008669086300352054,0.0002828906571420027,0.002832802809350253,0.0002843791661735628,0.006430173231189922,0.014262220866858934,0.001673208114930153,0.0009358374284790156,0.029089039087744854,0.07290750374207258,0.0003497111350430711,0.0022081945996708144,0.048128079450318495,0.00044234326898801745,0.00020926422512714427,0.00761463779037959,0.000479452207564555,0.000765273596497485,0.0004487806661031106,0.000458194556700758,0.0009557945556817381,0.06655280072132398,0.02964380140457972,0.008613078160805681,0.0001803462396608789,0.0008631198179218443,0.0005999489125861374,0.0010886123335616532,0.0006043149103112899,0.0017583505372212294,0.0004095002945221213,0.0013740896525750667,0.00045357017865456156,0.00046660441727866206,0.005651356703562583,0.0022278713606703093,0.0067022740075033,0.004414581805732126,0.0008265917226390762,0.0011866299438063489,0.0025805065079335266,0.01706384492801571,0.0027413665443453876,0.0002756050038101704,0.0009199207490223154,0.070728657601173,0.006472393596765145,0.025132379153471166,0.0016078811148163951,0.0018757943581080776,0.09883406448395221,0.0003857476169000652,0.0002935069775344584
2023-03-27,0.0007756153052201683,0.0368066030909402,0.0004176871045532634,0.0013668029747378996,0.0003326224017062791,0.0038009529139831507,0.000403414201301135,0.0016979874835684442,0.019025487787684824,0.0006342364112407242,0.0030761852999625873,0.0004738873678475915,0.0008086128158682662,0.0003831465975239396,0.0029529823689107243,0.011861316947320677,0.0002775101111427777,0.00039659635955879553,0.0004823160268494735,0.0009073725378009982,0.00047116855667743375,0.0002831720358389267,0.00033034418410796666,0.003646717082304231,0.0004695388131074027,0.00032238643112363443,0.00030810635763720484,0.00020739973632653564,0.016106965824405732,0.0010445990510824085,0.00022067025036069915,0.0009045575707269811,0.03170466214523345,0.00027631996272251794,0.0008939824693043068,0.0011282943320835646,0.004805510633331931,0.011396568389811451,0.0031702430103820426,0.0015462312002666734,0.014142992348186948,0.0003214826587254213,0.0002721657228229325,0.005014022991784103,0.0003407712333954037,0.0008815797858619577,0.010217019340911907,0.0008546135817701655,0.0003042597474387079,0.0027297002320138208,0.0002882189155689812,0.006594915902984105,0.014590982187403831,0.0017137158179437195,0.0009888941840076446,0.029461240172596315,0.07277913817312674,0.0003411891897348327,0.0022024314161587528,0.04868741518991444,0.0004894573089915053,0.00019046017796538154,0.0076482877499563255,0.0005170669557295698,0.0007193409354436317,0.0004201291230664708,0.0004375567170207583,0.000978605651971158,0.06711193566974025,0.029512484230608742,0.008629526893328432,0.0001805420243408263,0.0008684133635675117,0.0006234774799647333,0.0011365690445947008,0.0005648572665871469,0.001773006915750434,0.00036136360023291607,0.0013360287230895012,0.0004486079136029131,0.0004895638649043222,0.005673538304249388,0.0023296708542044787,0.006911330619307029,0.004481393807996779,0.000812432052493472,0.0011350239292466338,0.002727101248392312,0.017094986258252898,0.002769466315308473,0.00027372922556258067,0.0009338008446171077,0.07118002835379549,0.006621555754056036,0.025348002613785187,0.00161338292633129,0.001908345976525848,0.10034430166706686,0.0003799513621569004,0.0002998700248597325
2023-04-03,0.0008209139280944424,0.03834380791788259,0.00041179677007136336,0.0014515459132609732,0.0003410174081755105,0.003949325485000137,0.00043182410298288256,0.0018573433716740162,0.01950764024231294,0.000671141290379847,0.003005038343407684,0.0005151767482979988,0.0008603283209211931,0.0003815382837355968,0.0031224550190714602,0.012561251423729445,0.0003007453230473077,0.00039854908389747414,0.000458612342971212,0.0009572436434124994,0.00045844708825564136,0.00027369096523016445,0.00034666168646169907,0.003671578943006645,0.0005016648588119803,0.00034139265329995134,0.00030246673677267823,0.0002076449655738282,0.017106886127814327,0.0010373937870117671,0.00023919068583245354,0.000984559003989097,0.032747160609008154,0.0002763143288941617,0.0009626959538183205,0.0011949498412077806,0.004984283802804386,0.011524924065401239,0.0033691398776795082,0.0016863800137571318,0.014578569336933541,0.00027890249543132366,0.0003152958461230051,0.005204849058249212,0.0003497738510002231,0.0009824459649001856,0.010597887970172814,0.0009454260025074958,0.000304862396479916,0.002719700401305705,0.00030111051454104155,0.007121951564358639,0.01540016293129351,0.001762267639284258,0.0010309363568259565,0.02983726385660594,0.07531502790307115,0.00037011087368084993,0.0023241183707583563,0.05094252197965737,0.0005089414972003547,0.0002011203813412301,0.007851965426146985,0.00047692352361621194,0.000751308367731377,0.0004197801397181325,0.00044518908715713803,0.0010577852628272488,0.06938779787148627,0.0303398082686033,0.008909229174554575,0.00020789202154550165,0.0008834899581110088,0.0006829434646483542,0.0011034618008342488,0.0005693104402931797,0.0017519892552512735,0.00041447016385877,0.0013886777841187194,0.00048626774212620643,0.0005389658787832429,0.0059994713860752075,0.002301784509322806,0.00691049185451947,0.0046884501700953035,0.0008997138388868347,0.0011233613597143469,0.002906780219129033,0.017566215756299606,0.0030234102477796135,0.00026129578922620906,0.0009681885538702485,0.07405019729459823,0.007190400759366241,0.025766396765426334,0.0016810017419873302,0.002103549286454566,0.10366618683076458,0.0003914608305251657,0.0002905990584894079
2023-04-10,0.0009093065908770798,0.03964085992905733,0.00040482756959109664,0.0014873869605414804,0.0003293065537842169,0.004051864188811152,0.00041786486115127566,0.0018697947307581215,0.020007860626265812,0.0006712012477711979,0.003031244045481345,0.000511943464982493,0.0008636485682819371,0.0003589306423683794,0.003119441879468291,0.012773296426739035,0.00030789924658741513,0.00040310963195284413,0.0004892445429857462,0.0010166831754996493,0.0004186176225331473,0.00026791207031836114,0.00035669939138672797,0.00331426914543291,0.000522206823807811,0.00036731817797820406,0.00031774359594002004,0.00020975138494636828,0.017194929294437954,0.0010939054957409728,0.00023607387099485274,0.0010050005382336632,0.03329229395361773,0.00025813541706427265,0.0009660927602600394,0.0012095062476400239,0.00503871130952646,0.011889482306166483,0.0034398759488481036,0.0017495667240003516,0.014928985546807425,0.000280536453207392,0.0003062590722514347,0.005433258442257121,0.0003441577965860166,0.0009691301204584615,0.010449004225884621,0.0008748388057762219,0.00026916084109404473,0.0024970934098499575,0.0003118425359336461,0.007272676940446687,0.015571830321133566,0.0017430080872801157,0.001057701741179929,0.030478605940480474,0.07682005759645906,0.00039391280759876006,0.00230219413192581,0.05176409194843895,0.000524823139896936,0.0001913147078954841,0.008030755143718999,0.00044275589992695227,0.0007633527406498956,0.00044332141999173225,0.00042897932994098763,0.0011288219485019184,0.07100938946218799,0.031078126658974727,0.0092612278570918,0.00021281490518175938,0.0008939232190553869,0.0006869831548964597,0.0009905369455028186,0.0005948479684992459,0.0017350825285841589,0.00044384294830342045,0.0014792404266506598,0.0004537126133699567,0.0005243841415359372,0.005965419927211399,0.00236993056395948,0.007087393215838246,0.0049279583650259405,0.0008831842906426621,0.0010783565597067388,0.0029415284900075655,0.01808444709759886,0.003085564729919834,0.0002696647372805544,0.0009862738632643484,0.07593105357095127,0.007291321765453248,0.02630944696297278,0.0016693170471692275,0.0021218743927234386,0.10610120916612192,0.0004088614249906999,0.0003026948722543786
2023-04-17,0.0008726460036489715,0.040225006986847944,0.00040653047630797055,0.0015544905633432826,0.0003360899329416838,0.004071234710556719,0.0004110954097797315,0.0019515198038803196,0.01999750451387413,0.0006903368179372976,0.003027032212323276,0.0004591034160884634,0.0008842422651383255,0.0003666326325889936,0.003182097123007752,0.013160646782360595,0.00030228155064226144,0.0004167470868838968,0.0005035821687043488,0.0009857905004692401,0.00041064188668599037,0.00025547972066846644,0.0003451036632399956,0.0034176185794420706,0.0005578672078001423,0.00032004800618129085,0.000303444078551995,0.00021191741517773334,0.01771200965539377,0.0012111264378873604,0.0002221788500330513,0.000981361618791283,0.0335674315030665,0.00026942781254308103,0.0009484257403133532,0.0012109034119394348,0.005012866690519157,0.011849231459071598,0.003516855178106243,0.0017585092400988053,0.01522707672506651,0.0002974925536943098,0.00031877925519434606,0.0054084959998308086,0.00034648050442364454,0.0009347668205808957,0.010732940357365873,0.0008808451464002114,0.0002803474982489415,0.002574976564702842,0.00030309836991838625,0.007482460017813225,0.016041875859816576,0.0017820305088800973,0.001049764924272193,0.031213766669098694,0.07712197116656136,0.0003949750287351687,0.0024119925972006196,0.05316852213195904,0.00048678699007370207,0.00019038693634459842,0.00816007075303793,0.0004303391053427481,0.0007226092325486307,0.00047628378344491857,0.0004796372807297669,0.0010657765109040507,0.0729066596738799,0.03152640031724072,0.009106673101327425,0.00021463668055853974,0.0009424257801440725,0.0006628899963378901,0.001023173061323978,0.0006501178711522351,0.0017630100500378382,0.0004396317760331298,0.0014868313671885568,0.00047266167933161216,0.0005246305934330748,0.005920195610131843,0.002380862808645169,0.007360827484061913,0.004954343121657893,0.0008008858668519996,0.0011493129965820955,0.0030291888172936754,0.018424634432204785,0.003037961330533354,0.00026303426436829146,0.0009987425567294132,0.07771069047224645,0.007548227689566246,0.026953532934499366,0.0017000153741278366,0.0022196559755774626,0.10949998520280829,0.00038392257352513236,0.0002922515284103322
2023-04-24,0.0008983677786482561,0.040794965387814394,0.0004035344374233266,0.0016397552350579003,0.00032692579414668124,0.004121944171315593,0.00038820594504865546,0.0020359655741770924,0.020044161448458112,0.0007567314392046794,0.0031169095350479328,0.0004833932397609304,0.0008796460156354519,0.0003772320202725999,0.0031857585969775155,0.013395884581660494,0.00031002595537553304,0.00045303396530439597,0.0004986718670811651,0.0010043789442282592,0.0003344257610284997,0.00027251822386401356,0.00034507416384574704,0.0030122931590880063,0.0005599025836736546,0.0003129994587841575,0.00031114093690606093,0.00021670893514899714,0.01808839636425211,0.0012058913075555537,0.00023227004543643738,0.00096980514727113,0.03370198401712796,0.0002913525817293343,0.000939395221260184,0.0012435860444132423,0.004856764309312143,0.012040597640408268,0.003663983213259081,0.001782814194424368,0.015395716652846819,0.0003011923881610291,0.0003146037659709844,0.005548609593395416,0.00035590801567544125,0.0008774301828505077,0.010870361825183396,0.0007810755485555844,0.000334557414822068,0.0022580657362610305,0.00027064348047812386,0.007517877787813159,0.016287548705498135,0.0017173607434392616,0.0011113210273087774,0.03164141842872112,0.07652584628132861,0.00040805672593994527,0.0024378073178533835,0.053946371522419295,0.00047082860678191135,0.00021284036654326438,0.008177680369817138,0.0004890883119235631,0.0007083535441921362,0.00047909899173054053,0.0004730737531412766,0.0011206011298783237,0.07405273894993902,0.03179096147368139,0.00894197034500567,0.00019923151161291752,0.0009901806401683346,0.0006738318206243355,0.0009277831560529965,0.0006587487425005621,0.0017380922141844663,0.00043413446750860597,0.001544186202461719,0.00046229893478853937,0.0005691235830108551,0.005723882776747321,0.00248739798501089,0.007412336392576656,0.005074178337893352,0.0008261272253840235,0.0010309852233713784,0.0032015362805686404,0.018580007346497514,0.003138018425488877,0.0002789364673963959,0.0010253716359734987,0.078324761777783,0.007582507618862938,0.027250348545378635,0.0017407951533026029,0.002324984872352971,0.11085634492147137,0.0003703538791999815,0.00030786383640197103
2023-05-01,0.0008603407407275323,0.04002521083512692,0.0003772779725009438,0.001629876325853066,0.0002985697308775383,0.004120399241345929,0.00036349416039982766,0.0020600596121804282,0.019653562540386967,0.0007312670439589133,0.00307064067521702,0.0005143668574725702,0.0008617835571291544,0.00033713021079097804,0.0031073442456651212,0.013092063054516755,0.0003254060310573581,0.0004003791882126237,0.0004826747763758781,0.0010219842714401046,0.00037876814305465257,0.00023570224055102144,0.0003466168929029788,0.0030668759622155587,0.0005337574478621047,0.00034414493470454657,0.00032168067126968016,0.0002202632248327673,0.017665886864647106,0.0010998505791100777,0.00021126912226363348,0.000981407621782971,0.033170867932038765,0.00027924006985670553,0.000945317081862407,0.0012465518293527135,0.004826871749920458,0.011818741099714522,0.003586410877146543,0.001779251545900876,0.0148994135243426,0.00030179032537329696,0.00033248392184540487,0.005484390863011637,0.0003599732062110312,0.0008959157554148843,0.010299975839161167,0.0008276447637726864,0.0002710806184289508,0.0023060621703676737,0.000263197261459006,0.0074052224326508955,0.015985191865954672,0.001657447587407488,0.0010917991371421235,0.03103241564189866,0.07580412662542306,0.00041095487236473085,0.002410078854377376,0.05188889851163931,0.0004972125017217467,0.00018660300295671975,0.007966711741845975,0.0004500958218709486,0.0006950562878576829,0.00046242985346203,0.000430073331844697,0.0010607305933070716,0.07253754313455371,0.03084975321493484,0.009108109062527833,0.00022343401743733394,0.0009609261345619926,0.0006868570374268107,0.0009357574150307694,0.00060940310089398,0.0016893840475565535,0.0004659348864829451,0.0015719397265165967,0.00046851487003899826,0.0005110686680247032,0.005821938785695304,0.0024787000183905472,0.007213437381759665,0.004983418239575613,0.000816558381076599,0.0009590951663586032,0.003219187383685601,0.018000802116854106,0.0030744124473058745,0.0002769965660336097,0.0010045378408902717,0.07613480106408864,0.0074355357259887735,0.02657976926870435,0.0016433042924874953,0.0023606641954319408,0.10743068980160111,0.0003856483347036445,0.0003235843396340597
2023-05-08,0.0009434289678818073,0.04096302398751615,0.00037073579801081923,0.0016235535261599982,0.00029508529315695205,0.004415314094289842,0.0003837150980095453,0.002039946803532065,0.02009986667910283,0.0007286649195925237,0.003191935725963917,0.0005160481375091738,0.0008808793753600233,0.0003355288491412322,0.003197378206264505,0.013177227679075703,0.00036876035807588853,0.0004572288618229761,0.0004931621682836058,0.0010449299873445735,0.0003591731709893519,0.00027858986840238433,0.00033481529475052794,0.0030689454848616547,0.0005900726547363303,0.00038334367727401266,0.0003314841320108129,0.00020848158658834417,0.017846624526296876,0.0011582851788621425,0.0002015990157479098,0.0009864755293961835,0.033727320295420894,0.0003094138592231447,0.0009590444169865093,0.0012827757907444344,0.004987377188920703,0.011959470937184462,0.0037030704712891094,0.0018308087189330172,0.015339029584246914,0.0003115735239065406,0.000330976636562662,0.005763856232188832,0.0003407512470162684,0.0009444432774485557,0.010758011147012138,0.0007842453689864586,0.0002848173035224804,0.002351711623260047,0.00026339511220906705,0.007839017764038132,0.0160676329948315,0.0017346511680874758,0.001091574978817496,0.032387472956461286,0.07771350257827456,0.000424301888471178,0.0024447116501750067,0.0543900592607958,0.00047597771037384627,0.00019087940450572774,0.008209554816507644,0.0004722293723048039,0.0007080168116154961,0.00045969452355354505,0.0004586893036059097,0.00107714981039421,0.07454996073334712,0.031843143740980594,0.009081034290950394,0.00022803970750706124,0.0009037545845710843,0.0006775027559095955,0.0009580058601922084,0.0006437494553003586,0.0017223131685214562,0.0004712900891196946,0.0016555295970508588,0.00045956235514987576,0.0005397332914536206,0.0058607249050807945,0.0025248695319402357,0.007438178013251497,0.005050164727329222,0.0008387053906935089,0.0009639100473889472,0.003347057871543929,0.018515774164248374,0.0031933185020789293,0.00028031867066580566,0.001066323606730468,0.07795790983735408,0.00785059830552354,0.027853055308373224,0.0017413065096785934,0.002313745884317928,0.10989640882905832,0.0003958492871795878,0.00033199192812417665
2023-05-15,0.0009299429508932986,0.040620602417535526,0.0004089791108144132,0.0014695755038228698,0.00031614754453346565,0.0042595181047248515,0.00040616849486893743,0.0018266170211443567,0.019650087328747005,0.0006907649194755218,0.0030969710616014987,0.000500937034392222,0.0008432266303265497,0.0003671975573260391,0.0031196624483791043,0.01237918399296269,0.0003218032017603776,0.00043260832191927706,0.0005131926964667985,0.000991823314424687,0.0003410846151844324,0.00028171220187890486,0.00034717194898991607,0.003121902209377876,0.00056790983971147,0.000377931478620026,0.00030906422986873354,0.00022667072481716272,0.01716821009932848,0.0011210192058923173,0.00020416516193546322,0.0009821275818985506,0.033186282300256296,0.0003017582501837234,0.000908005881695501,0.0012408983798411276,0.0050224590071882656,0.011462105683053926,0.003567523555915404,0.0018606854389720045,0.014609438170917411,0.0002914883657613451,0.0003332699517094347,0.005396757016679496,0.0003248044375794921,0.0009829108478308015,0.01052483953936019,0.0008534928508279521,0.0002679444647725514,0.0024080862857782555,0.0002599873655511077,0.007291632059328588,0.015427559128258148,0.0016737768652632357,0.0010495101470839824,0.0319765225882439,0.07730073273803595,0.00040776886104497146,0.0024418670377165464,0.05347861955627224,0.0005165734689706394,0.00018951970841224225,0.008074976713757016,0.00046624628183253796,0.000713599556393879,0.0004474996792143691,0.0004339035032926714,0.0010246570104842016,0.07253990558527655,0.03104974392649062,0.009112668405452896,0.0002047110266152449,0.0009336688561196679,0.000676657258243676,0.0009549569269288727,0.0006285755392219124,0.0017146482802737446,0.00044895276584663786,0.0015668211782462627,0.00041794228914616185,0.0005039588881336459,0.00597557306385763,0.0024793722012078335,0.007278571215330377,0.004985728254351241,0.0008398422564528062,0.000985382132921149,0.0031352132360668813,0.017658193102506534,0.0030916664899102216,0.0002811072339432653,0.0010548729863170754,0.0754070773247889,0.0073380598812041835,0.027552464786705384,0.0016554347374495462,0.00208225900736248,0.10626308023618122,0.0004255738005738552,0.0003182787451356357
2023-05-22,0.0009096092164745824,0.03979306222788592,0.0004054669089502243,0.0015382920582575983,0.00030885752104050355,0.00423278164439713,0.0004066402186412066,0.001962343202662262,0.0193511038666768,0.0006576841282805703,0.003240428694945609,0.0005217786104100121,0.0007825067583282079,0.00036307071949222107,0.002983205643613371,0.012163035663421525,0.0003200350571428001,0.00040182218666266496,0.0005095456551466615,0.0010540592484898626,0.0003151863849365158,0.000289891849966981,0.0003436965878389197,0.0029989633913134503,0.0005429586224997146,0.0004076895476709707,0.00029150150356005276,0.00020726692145782644,0.016900892852162074,0.0010732347453196534,0.00020255141859693536,0.000985781466276246,0.03362302740222049,0.0002971577285460964,0.0009431428456356326,0.001233907788554163,0.00490277133705475,0.011198921829405111,0.003591928436364339,0.0018915828521326517,0.014607847892512196,0.00028219402815322784,0.00034672648405559053,0.005423516637346474,0.0003243179192635143,0.0009541467882768187,0.01062300313461481,0.0007846880500386368,0.0002936600847074713,0.0022921277713377486,0.0002806784830356206,0.007290757364920806,0.015124467284915927,0.0016518384070135594,0.0010525349090815162,0.0315791068172227,0.07714618868470755,0.00040039201744433017,0.002360664063793006,0.0529407551392909,0.000574147608390969,0.0001969534834287972,0.008032151031011014,0.0004760329386905287,0.0006879371777455091,0.00044233812342763483,0.00040786093581296544,0.0010598517125400217,0.07191768907040898,0.030712604187057877,0.009357315440759274,0.00019597571868497832,0.0008609473097405104,0.0007330911856902886,0.0009627047970502669,0.0006206158737856429,0.0016873802586896657,0.0004457097246758633,0.0016351570265081888,0.00041263377249769296,0.0004954594796620127,0.0060168255437779575,0.00235446940308924,0.007112787133512853,0.004987025336472637,0.0008999820259151818,0.0008963957632065245,0.0032025199340834647,0.017587948143172324,0.003217540366568605,0.0002729537834947317,0.0010233531049553652,0.0743691674000283,0.0073818634403500895,0.027212024830848437,0.00160838576322658,0.0022146882536295,0.10489402112459359,0.00040937782499231887,0.0003345704040786479
2023-05-29,0.0009339193469226075,0.040447811314451486,0.00039573064821440913,0.0016375233679294904,0.00030188898234596813,0.004380267754165655,0.0004136517828260359,0.0020929047919475063,0.019929523983151332,0.0007156987644579866,0.0032354451138315657,0.0005242635738588659,0.0008634378196007386,0.00038720981422158925,0.003174626102410456,0.012424709867587728,0.00031209866748812897,0.00041994279817063806,0.0005203153818059302,0.0010903164165644438,0.00033837707062141486,0.0002964765924542704,0.00033309581165411674,0.0029400072125507853,0.0005521713244505898,0.0004385114587715026,0.0003164945526630045,0.00021959060424098345,0.016994617388513517,0.001069378699231476,0.0002048521295279005,0.0010663668893471023,0.03357176549714597,0.0003311238042743646,0.0009291430300064967,0.0012510299258016997,0.004864393445387539,0.011793714871335967,0.003722797861512051,0.0018675978811245053,0.015032564132365724,0.0003092255847098096,0.0003390907653764434,0.005602957683106722,0.0003633581629314535,0.0008563463782415592,0.010585095177285928,0.0007693877194336815,0.00031730887420672077,0.0022926841101364045,0.00027809174256766383,0.007336236488691422,0.015280692290164405,0.0016449556607585423,0.0010115362820024157,0.03228500985596304,0.07641857451364974,0.000405256604864207,0.0025263477454425735,0.05419782854719342,0.0005353912488137978,0.0001996194461100282,0.008175215126338621,0.0005161455790936446,0.0006872932359709668,0.0004566500640700925,0.00039527072107875836,0.0011698253782491796,0.07264375082573535,0.03173646013647161,0.009447174422748922,0.0001975533909629816,0.0009052838251674973,0.0007194177020335929,0.0009829352823727483,0.0006345383388448038,0.0017155778694197179,0.0004259130690924687,0.0016980686132038504,0.0003788349462894283,0.0005468108096069391,0.0060454356014761415,0.0024440383690052998,0.007460879099130382,0.005140973099497203,0.0008761282770148486,0.0008563357513651948,0.0031919439399264635,0.01820430129017954,0.0032818330573562734,0.00029717236735358007,0.001022234218404826,0.0760378069251735,0.007377125463525772,0.027725413277334417,0.0017394554988598918,0.002399240498811543,0.10706146803013428,0.0004098558532154035,0.0003357889442876777
2023-06-05,0.0009343973106837645,0.039790254919757115,0.0003789530458478138,0.001542857063492998,0.00028690537458216016,0.004367648804266672,0.0003925033759597544,0.001989349902588802,0.01976444731378772,0.0006748473008096676,0.0031768001379521645,0.0005257906845884276,0.0008493372377955926,0.00037170730686309807,0.0031658780960004866,0.012284451158404793,0.0002942764619384673,0.0004170273850851016,0.00047963885173339573,0.0010787250390329197,0.0003371050048896725,0.0002736973266687295,0.00031219922541486254,0.002859730311372435,0.0005121984444844715,0.0004111480721491612,0.00031454127799652657,0.0002075179606231065,0.016571859218484083,0.0010013013362297494,0.00019471023229363003,0.0010065828402354997,0.03293714197097947,0.0003024339965960101,0.0009439463488204319,0.0012329549830046688,0.004751508570866605,0.011812290484721181,0.0037767668565939307,0.001808679254752046,0.014874662580451368,0.0003399810012309667,0.0003205469551603024,0.005592242070925641,0.00034639572768425096,0.0008231167396037123,0.010213357450323335,0.0007503900060551346,0.0003026826969681838,0.002250046104124971,0.0002682500637712419,0.007389392433116491,0.014902928861177264,0.001573843379237713,0.001045237796946679,0.032042614881470734,0.07538467456455387,0.0003999529656065549,0.0023634723160438098,0.05335785282916104,0.0005189620586352649,0.0001866197878908364,0.00806771703794876,0.0004888600981067713,0.0006431121463615762,0.00045027459707135684,0.0003856696492692367,0.0010790576575863107,0.07227220201657569,0.031350457657909184,0.009336950041005524,0.0001835330910679302,0.000895458267746979,0.0006758395975638742,0.0009800100123864518,0.0006017595860443737,0.0016778510463357533,0.00044064961485816627,0.0015954233186232152,0.00036048416911820165,0.0005450371968993035,0.0058356119492491984,0.0024713895044125985,0.007257621258686496,0.005037770854601452,0.000814196991422669,0.0008213903637899557,0.00312980405846742,0.018051691690284522,0.0032304410862809274,0.00029256625157646974,0.000953101134795248,0.07583190845965374,0.007392407291486291,0.027561819521895715,0.0016516483040112228,0.0022748893885326223,0.10560751330989511,0.0004136157775878115,0.0003187329552504458
2023-06-12,0.0008801446637813533,0.03934938601155995,0.0004108516214852011,0.0014588416649558404,0.0003063061300779565,0.0040453504729179215,0.0004006539329248375,0.0019056159467515548,0.018697646682867032,0.0006525441178944827,0.0031411661774114904,0.0005520482407000156,0.000803006017519815,0.00034345706799712716,0.002919623499794068,0.011359093348254143,0.00027479779995961663,0.0004081160996851225,0.0004804465489199501,0.0010341673865570222,0.00037078095402290925,0.0002230403126833234,0.00030756584203084966,0.00314290152932097,0.000518773367808451,0.0004140796227905143,0.0002775318547887212,0.0001973965572714386,0.01566065737371723,0.0009403425787849348,0.00019977958101384755,0.0010530852317738586,0.03312329775570132,0.0002867657189955665,0.0009521193978431061,0.0011582825454505528,0.004850365229614153,0.011205346798467093,0.003228796527557667,0.001926456586161123,0.014001891870663741,0.000287121270510419,0.0003172475055136612,0.005328333134801991,0.0003350969267183688,0.0008345522848613526,0.010201200696175238,0.0007806279987232522,0.00022467906030325795,0.0024591607269392277,0.0002828183504368514,0.006582441474487137,0.01401603024874271,0.0016325097315632521,0.00108821551652795,0.030916093422167452,0.07603027996596243,0.00036737478779071917,0.002233162707315738,0.05208203147991973,0.0005980690120011931,0.00019050154864600234,0.007918780360330224,0.00046348827782821835,0.0006794177589302783,0.0004560092297632034,0.00037075513296381705,0.001063638568512426,0.0695146791438125,0.03002505553958557,0.009600578342359467,0.0002005682642828746,0.0008408718391917908,0.0007090059883999381,0.0010174048445718863,0.0005381469207043136,0.0016823054302832847,0.0004184778386141391,0.0015838292816471612,0.0003575514648256774,0.00046016554263663686,0.006100706399646027,0.0023313215455189177,0.007014221756737584,0.004846115604017691,0.0008407200572728537,0.000885160672793505,0.0028359730942814445,0.017110411943010516,0.003029308771135164,0.00026218050696857204,0.0010032463922325958,0.07210706770645485,0.006647248656169281,0.026555954371947986,0.001616552071818008,0.002165651967952085,0.10199656725792186,0.00043300507552556256,0.00032117163824579875
2023-06-19,0.0009120969983140928,0.03855371697861694,0.000391782038057198,0.001476525060723231,0.00028066200173059136,0.003910900751380242,0.0003441814485724309,0.0018790050918941,0.018506338675735652,0.0006550835830042993,0.00318207650901697,0.0005155858231161285,0.0008453931114791604,0.00034472024135349277,0.0029162872447667135,0.011504781805957265,0.0002337095738666522,0.0004145403069220776,0.00045951000897422246,0.0010830156605346646,0.0003228351382271382,0.00021909895851538418,0.00030721125422006134,0.002980088771914973,0.0005053554104918007,0.0003708649840110644,0.0002818136793198419,0.00020804286721932052,0.01566274820387007,0.0008617832381761483,0.00020443888005219573,0.0010351326012000115,0.031894950373077165,0.0002996876054292831,0.0009017203921239529,0.0011630078066505014,0.004565256456263973,0.011112437779554899,0.0032694155225687542,0.0018758985935483832,0.01371198179554073,0.0003027297697582154,0.00028482424470930483,0.0051286075477463,0.00034238946271149576,0.0007924866906006845,0.009937136956138893,0.0007460493218087714,0.0002382060648701008,0.002330862651358276,0.0002645693989311939,0.006348659888496475,0.013958158874158109,0.001555883355293797,0.0010125146458958934,0.030741581020804844,0.07312084912429408,0.000406625894930377,0.0022657292225751148,0.05126516111326745,0.000537520072295742,0.00020231214017699144,0.007767592808231301,0.0004699851124319816,0.0006322804833484974,0.0004414751680962501,0.00030222594876712377,0.0010425881718124014,0.0682062433628297,0.029457931784420216,0.009169295037049736,0.00020493824972808575,0.0008759427031852219,0.0006484511767504456,0.0009864428523352715,0.0005174115188255598,0.0016249805097239111,0.00038871395804641824,0.0016359906789936637,0.0003033189799755195,0.0004520166822523247,0.0058485185505927385,0.0024061084171051674,0.006978487765186751,0.0048334207502623815,0.000804952178544867,0.0008844649887998212,0.0028075413938678366,0.016742521512813646,0.002944248364722807,0.0002609230897528895,0.0009775140522816032,0.07076542294789856,0.006391879486687361,0.026363451878188598,0.0016094303447225754,0.002136071763850009,0.10021083894976887,0.0003889031283941095,0.0003119248949021734
2023-06-26,0.0008862734081128711,0.03888400627717164,0.00040027428654220977,0.0015245292742948678,0.00029807622868088855,0.003956405157480186,0.00034789606951678967,0.0019275523265405116,0.018677822699858456,0.0006356594536324795,0.0030988445810750994,0.0005204983592615958,0.0008257905959958332,0.0003453235418955931,0.0029245346889652554,0.011726413052832504,0.0002760290531875824,0.0004136160169687239,0.00047887360604137517,0.0011464565306209353,0.00036643724581746914,0.0002323795435454502,0.0003228541630641812,0.0033415558463317646,0.0005142670848905492,0.0004031746159707711,0.00027525841273439247,0.00022924594644819926,0.016026629519220494,0.0008036052863533311,0.00021163367648385193,0.0010622073561577508,0.03219929997126047,0.0002747595237238296,0.000926336792243698,0.0011248512800450003,0.00466567365781449,0.011328443510529218,0.0031928908179892686,0.0018808452823175271,0.014467096834705599,0.00025959596626352194,0.0003249223886425553,0.00521953767869153,0.0003406173843439572,0.0008315080293831134,0.010200471421868371,0.0008673596925034479,0.0002302810042937962,0.0026314060925848575,0.0002600332611609139,0.006253873575403714,0.014418376302415149,0.0016440850725892601,0.0010946098870370602,0.030710599983694187,0.07380105576111425,0.0003790424615919257,0.0022650711752953533,0.052139104935113444,0.0005285835104068987,0.0002196270970815856,0.008033595532944247,0.0004485895399806264,0.0006282482508555346,0.0004271155110917224,0.0003315405092869717,0.001080203044452437,0.06919212767663495,0.030927313006767907,0.009609193961905243,0.00021110327484173515,0.0008987252791976403,0.000642407948251812,0.001022232902189268,0.0005019075074815483,0.0016239653989042842,0.0004246003034238571,0.0016389590155599573,0.0003504631549520772,0.00044897996253442354,0.0062416542749280084,0.002367554659664282,0.007027428656075533,0.004807374611897139,0.0008332109639458036,0.0010106769659337731,0.002805136862934901,0.017718534267220833,0.0029539210885192757,0.0002507100762447142,0.0010074647056083307,0.0723719707571751,0.006328315006996028,0.02642454148480459,0.0016081143038704751,0.0021639335332519632,0.1019320708143467,0.0003886738665784406,0.00030860726208087775
2023-07-03,0.000923492504437485,0.037900250014141164,0.0003729651258734818,0.0014505976153570024,0.00028149244900430975,0.0039856640473151395,0.00036784576379507753,0.0018689419216300802,0.018548385778822493,0.0006557555428891805,0.003044410293804729,0.000542174302568782,0.0008073851686986365,0.00033912241562730327,0.0028733944798068393,0.011362529110789107,0.00027821943194065963,0.00041849788813251993,0.0004610858739109823,0.0011034178277010728,0.0003758189382513319,0.00022353144333582726,0.00035224586934005117,0.003175980152306547,0.0005129675724417804,0.00037438483489238576,0.0002915194837075621,0.00022884352890103528,0.015667587284208192,0.000831107061671617,0.00019360339446665174,0.0010187796751727047,0.03158317049638,0.00027436508688098943,0.0009065885283301068,0.0011621163681295782,0.004613870304537255,0.011107954384365197,0.0032076212953927956,0.0017733243371686718,0.014146188701204612,0.0002804680516666208,0.00032419688273544714,0.005185134350213195,0.00034092041068978874,0.0007973513889867003,0.010003996072888145,0.0008502194521014723,0.00019455422956981573,0.002490616891131287,0.00023636954731682936,0.006300160588765559,0.014040580349596876,0.0015735101976821055,0.001051660653369471,0.029800045235513464,0.07229844311764731,0.0003640909467487524,0.0022195494636888906,0.05133546066193403,0.0005295004767346034,0.00021700821965721414,0.007833884595780553,0.0004638364437382716,0.0006581377418440812,0.0004468559072632937,0.0003156139157822372,0.0010482430888114496,0.06824817615072022,0.030295624556477777,0.009355726211926369,0.000193712338643216,0.0008410063933967759,0.0006097797226757644,0.000979666741211948,0.00047569706460627234,0.0016677020052614493,0.0004390750711227126,0.0016023344029679728,0.0003563010525114825,0.00040326259265856756,0.0060968976943241455,0.0022965083904863456,0.006791755083401105,0.004684850086348436,0.0008377938871615806,0.0009276832160798916,0.00283082306538,0.017325961297249427,0.002853308661354182,0.00023206222028608484,0.0010113613333495918,0.07075097354827,0.0063472133094460165,0.025619885972850375,0.001631527624866553,0.0021199969686540357,0.09957974478874351,0.00039970693848031646,0.0002989007066929657
2023-07-10,0.0008197035915872735,0.03696277328801278,0.0003791004703512581,0.0013400973691527138,0.00027530277521469056,0.003805451429890268,0.00035712520084092117,0.0016736751688282195,0.01806986435167605,0.00061295773959289,0.00295240010394791,0.0005690467699648041,0.0008067623727923982,0.00036703207224608145,0.002895097829575413,0.010934669560236657,0.00027478972849946464,0.0003991488678554584,0.0004524574843020675,0.0009971253958123503,0.00038852972550353993,0.00023675512399078393,0.00034752606135034475,0.0032434875873964303,0.0004935601512337668,0.0003672102699769298,0.00029309741608577253,0.00021373451307235824,0.015023637732509244,0.0008118884154854844,0.00019047402429491902,0.000946839003115989,0.030714734111379687,0.00028887776612861605,0.0008611871926214603,0.0011766102871128019,0.004575229433583855,0.010833495606514773,0.0030452344305233444,0.0017239015142594993,0.01369889663616416,0.0003255513188311033,0.0003199128401069503,0.005069442448638788,0.00033111037644229023,0.0007334397582306894,0.009638652560001992,0.0008528396561717624,0.00019907993651539912,0.0025599401136454534,0.0002348991623328832,0.005724503484525365,0.013478331836742945,0.001496037740977569,0.000979580632521115,0.029604329375573158,0.07037020759276118,0.0004019284706452301,0.0021584089289284477,0.049297833561350694,0.0005245932760280125,0.00021115080514984316,0.007572516688090685,0.0004439478518546184,0.0006552179770868893,0.0004285410220917041,0.000317756492974981,0.0010226202386275959,0.065721797280526,0.029753707749629727,0.009179042740351145,0.0001931242127062826,0.0008683829903161518,0.0006052364135811833,0.0009767820677559927,0.0004827223145020162,0.0016564671753888287,0.00040405118836413717,0.0015392206517860058,0.0003278109022260457,0.0003681204562637578,0.005974786036374557,0.0023369302501642726,0.006867624631416052,0.004457062501730572,0.0008270525495384896,0.0009400221123385815,0.002597527873411774,0.01683158458452716,0.0026729691144139894,0.0002425435952102445,0.0009644363566821306,0.06877853422182262,0.005754083332101305,0.02536641551299449,0.0015815283089201167,0.0019213401312877087,0.0973595992980852,0.0004416404339411023,0.0003151558892749296
2023-07-17,0.0007784174719075135,0.036905179204758984,0.00040397831270712613,0.0012746849215144493,0.00029694566198019994,0.003638516344458293,0.0003865517215108878,0.0016006285412050593,0.01804144732319711,0.000648803847813646,0.0030336058939554053,0.0005431686498458338,0.0007825486150040083,0.00038950096101758076,0.0028173901852603014,0.01061635300180458,0.00026018698354815555,0.00043333917029472193,0.0004782526217712769,0.0010054770452583885,0.000426649173110479,0.0002416186253216743,0.0003451134636522473,0.0035079943979245292,0.0005112803946181692,0.00041308879311989863,0.0002817860381975515,0.00021237197368916683,0.014747953897809352,0.0007915008870211491,0.00019775301727167582,0.0010119195270493454,0.030876910260676432,0.00027627836628982093,0.0009005887028796411,0.0010987033237716134,0.004669047190265952,0.010927448812787337,0.002784593175917609,0.001702861197102207,0.013687935971502457,0.00028346972413314077,0.0003101710044279961,0.004882520046041674,0.0003375985787980301,0.0007737982500234131,0.009500794376298628,0.0008813713303668122,0.0002217311471538602,0.0027677644982392114,0.00025966884565797426,0.005333183054337474,0.013275595318035235,0.0015120965065357128,0.0009524380378158475,0.029243443968491448,0.0705417996061569,0.0003746828848593577,0.0021529924357684585,0.04826600871082125,0.0005568926718375274,0.0002093680141874806,0.007649512158641863,0.0004391357779413857,0.0006428045858849655,0.0004123191181980633,0.00030978150581324553,0.0010041776807937731,0.06511253078579989,0.029470730111560334,0.009406559829047563,0.00019704615867166937,0.0008445604425946997,0.0006090909796358124,0.0010752851469537068,0.00044569559142141084,0.0017134805762698845,0.00042323065834514546,0.0015111642803505277,0.00033079316256344536,0.0003892559224648195,0.00621724766617742,0.002246105323465487,0.006870828251634768,0.004497288879054214,0.0009281368816693004,0.001037863990223547,0.002517047047950489,0.016760656581531194,0.002574761637910628,0.0002641368743784126,0.0009369752407191373,0.06806372649245089,0.005367864112835618,0.025133465229538157,0.0016128914612065037,0.0018036294629416734,0.09728809982381054,0.00043342770050960704,0.0003188247418012639
2023-07-24,0.0008459509018604233,0.03675730779040318,0.0004044450217828965,0.0012573789348263153,0.0003093920341668841,0.003628907326735477,0.00039300985076183445,0.0016192819366303382,0.01815849978158878,0.0006358726728275177,0.003046053758921708,0.000567242720552202,0.0007858045377219318,0.00040918882508086203,0.002918126771452741,0.010726509145392728,0.0002475031201153464,0.00039084895657612333,0.0004622543010914388,0.0010044768007002184,0.0004206154996348517,0.00026623811876006224,0.0003661191918221202,0.003617720305865724,0.0004889161992602973,0.0004144605593843915,0.00024282798295837137,0.0002137343623828427,0.014810251988629087,0.000746723603417865,0.00021372162296541316,0.0010022202970552117,0.030612753477170455,0.0002979710405272243,0.0009378341187131321,0.0010823428483450386,0.0049107637179341525,0.010602092367873073,0.0027386034069349636,0.0017750102078784857,0.013404886208211998,0.00026881771367499185,0.0003314417599061164,0.004875830738027939,0.00036490172682052775,0.0008556420824362576,0.009569504625236945,0.0009867186383268913,0.0002203596127951718,0.0028769916139396575,0.00027742706681721903,0.005250405405563583,0.013315802252057382,0.0015505907573743743,0.0009806924657546666,0.029091531146552243,0.07133429548435044,0.0003714630463985251,0.002131141068348765,0.04816342986245877,0.0005692890518182928,0.00019951448799708916,0.0076669958419306825,0.0004608000583860083,0.000655715962558,0.0004304396554559479,0.0003149467314189542,0.0010245440527511525,0.06415781643025006,0.029554371233001888,0.009585398940475207,0.00020135297954399593,0.0008249000404130628,0.0006066420935316421,0.0011076757058131363,0.00042011336090770423,0.0016407159479097148,0.00040919965503420934,0.0014668679882781142,0.0003226667096577172,0.0004009878181619479,0.006570950745612603,0.002298556744288652,0.006926729397916954,0.004472918883576312,0.0009407078616897329,0.0011141144188948934,0.0025070636064874717,0.016553081485621582,0.0026132840593452154,0.0002550624237636198,0.00094771423140839,0.06752098481255638,0.005295402463630134,0.025071325459770453,0.0015521753362364352,0.001787087567943537,0.0972073601777515,0.00042858214801095543,0.00033797047744690053
2023-07-31,0.0008780362191379086,0.03865376837792887,0.0003604818031942503,0.0014656605673427098,0.00027799014567195956,0.00393038022430368,0.00042011682502355983,0.0018365030365502812,0.018757628463766243,0.0006659276751809646,0.0031105155118476,0.0005862628925267808,0.0008187211924559084,0.00043463636065686843,0.003091807059064716,0.011627090910128358,0.0002661501504505603,0.0004070258077943605,0.0004765011519085688,0.0010755949771438702,0.00042405507566338523,0.00031163389626593844,0.00034909443712020135,0.0035273820048397435,0.00048666627813013174,0.00042351988742473143,0.00029119216451476917,0.0002276253118033658,0.015914641735221474,0.0008051276453814219,0.00022639267827446333,0.0010574816050283166,0.031883761830664555,0.0003027988558399799,0.00098137822684091,0.0012132921803478744,0.005152956112882123,0.0113440671887809,0.0030335192651150273,0.0018449043248844207,0.014639682388610482,0.00027300195697348476,0.00031871055145623066,0.00531180647739607,0.0003698118970517816,0.0008129869270919953,0.010249849172709822,0.0009506663439524576,0.0002510711603246175,0.0028564408930959527,0.0002796146927671792,0.005679526144694009,0.01435828721996544,0.0015839890903148158,0.0010405551407983618,0.030596872588082018,0.07386993020570953,0.0003829286376740722,0.002288859720356514,0.051639296463399716,0.0005642591670268018,0.00022697091920305919,0.00813267432870856,0.00044261744535950575,0.000685473612260316,0.00040626118339459556,0.0003194485044532954,0.0011190103128433234,0.0680216687070488,0.03142427946680925,0.009979631346024132,0.00018864833935372763,0.0008586116277547575,0.0006708854815386619,0.0010511262707118803,0.00045977687935515733,0.001800393642912909,0.00042294542755736374,0.001637067276531122,0.00031593366124183544,0.00044092850608158597,0.0067833415104862314,0.00230526913921128,0.007324686828952535,0.004769185788465556,0.0009395803093084258,0.0011478006824751105,0.0025975694128338527,0.018034366255084776,0.002946822177547932,0.00028340360490310514,0.0009573009063219606,0.07289327472542133,0.0057138977296065435,0.026375922348399906,0.001588741155782275,0.0020735896586507865,0.10426670895630773,0.0004583862350403099,0.00034985431136405317
2023-08-07,0.0009268790948074915,0.04069555062288603,0.00037070148597834716,0.0015494715931728695,0.00028732021035905345,0.004057716715038053,0.0004251860175566928,0.0019049502158600376,0.01914724917766866,0.0006724663751469387,0.00323507427994328,0.0006002257016169312,0.0008222736158879486,0.00043434576126351836,0.003139372339003116,0.012029193901496196,0.0002633482761169204,0.00042462924193201825,0.0005002510710166357,0.0011422211098048593,0.00046375078245753005,0.0002969092574196883,0.00034177433283268165,0.003797415786892482,0.0005258741195905519,0.0004148197782913294,0.000287763216204535,0.0002231716855638555,0.016697885927665627,0.0009988033776225458,0.00020433007268566518,0.0010968524839750065,0.03385660291340152,0.0003066886888098929,0.00101757942385657,0.0012264658598984872,0.005236707593065227,0.01160274045370935,0.0031903670066344026,0.001968754571283247,0.0151643319061509,0.0002749245631925455,0.0003066120876251515,0.00551212742600235,0.00035970806775590677,0.000820963369091245,0.010835600841072969,0.0009443067611007633,0.0002762539142732109,0.002975183908284038,0.00029421835631111793,0.006172566878952516,0.01492898201523277,0.0016336421779637584,0.0010869847529499017,0.0312585696406256,0.07672345525523071,0.0003695345081036725,0.002358321789950955,0.054291610104718245,0.0005538372345458009,0.00021977185525772595,0.008565994877108194,0.0004814050274765002,0.0006901553431183031,0.00043476230068861745,0.00039380689098031103,0.0011060267317018326,0.0712481480224547,0.03266731563271102,0.010303736869842192,0.0002001590021060157,0.0008775664866642742,0.0007349201909793367,0.0010816853461024904,0.0005599067224957643,0.0019092809197492544,0.00044720397101933056,0.0016281448834113879,0.00035805917356417647,0.0004676732972635269,0.006873730519860402,0.0023105434733787776,0.007568137545411321,0.005063508998788999,0.0009373819695248863,0.0013163139191537001,0.0027876213215733033,0.0186508696852366,0.0030482278393379582,0.0002667085930156954,0.0009979135172041083,0.07582184710630456,0.00625341421372572,0.026912630440955706,0.0015961244935441324,0.0021644971231541037,0.1091784690737194,0.0004773342702730141,0.00033905876925007227
2023-08-14,0.0009002619210916786,0.04038962083918982,0.0004133561067651988,0.0015563837417515254,0.00031826521184077856,0.003934658570400781,0.0004492805838622406,0.001871387959235782,0.019041274280360444,0.0006476954706498015,0.0032826682771900013,0.0006031147371830365,0.0008020587315038717,0.00043917424519656213,0.003132429226354146,0.01183178897803038,0.0002298215419810943,0.0004317462049761886,0.0004878940100816436,0.0011026999528730517,0.0005125451502362361,0.00028523977932538473,0.0003420593085759772,0.004179875591535187,0.0004807969087159373,0.00041615347773922096,0.00031199398756121433,0.00022795919671562688,0.01640084084229481,0.000939197270996946,0.00023047893056424887,0.0011181325165513709,0.03396186387374967,0.00031791968807923666,0.0010031610570779173,0.0011682260208358236,0.005353565768627253,0.011842072264681692,0.0031306462919588494,0.0019288063533655852,0.015493274789976372,0.0002764868132875127,0.0003097575561027767,0.005313745582506551,0.00037819227914022435,0.0008099463530071293,0.010726939575563045,0.0010334805371859793,0.00026779903265907313,0.0032810011071844605,0.00032508121038172285,0.005974736130499845,0.014743153018835692,0.0016952448768288073,0.0010386663989507606,0.0314601769277085,0.07620685653979706,0.0003772494926971526,0.0024762711024404315,0.05363853773569535,0.000549574869588991,0.0002078832508506159,0.008750368807529378,0.0004651964026230357,0.0006947921262688008,0.0004558393636812185,0.0003871681720406665,0.0011006277752819615,0.07018443677349769,0.032833839546121985,0.01042757623095897,0.0002039686674526939,0.000929205797938551,0.0007243435637924224,0.001188945230729506,0.0005409552935973466,0.001967820934183078,0.000425218040991203,0.001680618759493288,0.00034530061687349086,0.00046306808888087355,0.0070823790915484856,0.0022407030030380704,0.007524542126594645,0.005062320386723353,0.0009358257148226776,0.0013974566395240698,0.0029213617021937614,0.018842274450176572,0.002991323912056266,0.0002680622580661278,0.0010061814992330632,0.07522529667624396,0.00607456299941611,0.02704961156768948,0.001628935015469811,0.002154374687517226,0.109458171811626,0.0004680144154200563,0.00034713235510447897
2023-08-21,0.0008964844738838232,0.04145754403099607,0.0004311563631055687,0.0015514273832255973,0.0003292166033454517,0.004011486496824967,0.0004479970246688659,0.0019005842300596036,0.019772790017171884,0.0007217966581150477,0.0033291865414097088,0.0005968864810302192,0.0008930862345838317,0.00041643996609079883,0.0032554590489254137,0.012367316154030836,0.00024331486803347144,0.00048408340789925827,0.0004973386511069001,0.001216662167307932,0.0005486810909700835,0.00029343194695693824,0.0003815007532721072,0.004136670945542168,0.0005168913966879797,0.00044274988480188593,0.0003629228224714893,0.0002497610419304016,0.016869416249767323,0.0010956534762320655,0.0002431389803961087,0.0011543052864252973,0.034756980066954365,0.00032692668978628273,0.0010455530700165423,0.0012699753392512586,0.005430700056364755,0.012341193822939009,0.0033320111648740425,0.0020122674681367493,0.016050838274547865,0.00030820684564446705,0.0002939484319624933,0.005575696603199917,0.0003837522901881144,0.0008655618720675605,0.011037867464623726,0.0010605801675233047,0.00028372902101951526,0.0032552590269538505,0.00029847768411087186,0.006307373016236285,0.015268221227129371,0.0017339802961349538,0.0010475343477829096,0.03200019511865138,0.07832068963636907,0.0003988997596070203,0.0025233259826700667,0.05522088934136858,0.0005734270895271507,0.00022766589246188003,0.008893427261567562,0.0004977965436105306,0.0007374353975279238,0.0004505016322636816,0.0004058047856666031,0.0012026923885088878,0.07249402160567646,0.03379812861967002,0.010403224100880177,0.00021835400830044858,0.0009814633346482441,0.0006974862199650303,0.0012172159109328858,0.0006530264809603524,0.0020123789356429208,0.0004760970593151617,0.0017161053687882043,0.0003663638834365845,0.0004758502903882234,0.00686982657230779,0.0025089644346654445,0.007891783400955872,0.005247355691102972,0.000962579259878126,0.0013870907860942714,0.0030398796321428776,0.019583662270896477,0.0031472129168789564,0.0003044595323659263,0.0010425481844361286,0.07805799423790159,0.006371291519926719,0.02733733020543165,0.0017818116499990118,0.0021791486050309174,0.11279557672422293,0.0004477873633965346,0.00036224253166560713
2023-08-28,0.000903515436559805,0.04296463186638862,0.0004468733596913167,0.001525369466420861,0.00034185978590151424,0.0042645930075084475,0.00047410845478191373,0.0018866339145929161,0.020578476838949738,0.000729531413773396,0.003371913701544255,0.0005955557722730428,0.0009145596649012568,0.00038426425959680336,0.0033134806174478244,0.013071479261251864,0.00028981658066353844,0.00048527661004133985,0.0004993111585148498,0.0012140784185805914,0.0005563512065998746,0.0002932441828524427,0.0003806702427187536,0.004138667190533223,0.0005512569523461389,0.00044346632501305396,0.00036268594073706416,0.00026497903258967264,0.01801118631135791,0.001201699547603753,0.00025368412076963323,0.0011531982600331548,0.03523941160902157,0.0003259550922675811,0.0010596617937782557,0.0012952610199473986,0.005594201186874212,0.01231839038933521,0.003424050734400666,0.002187183431093196,0.016367185681420968,0.0003175166865480759,0.00030851101740536375,0.005635272916798676,0.0003813895564369523,0.0009401225324521515,0.01163646406019661,0.0010265547085328095,0.0002660207021374115,0.0032586332134142628,0.0003016773694069624,0.006632882850060468,0.016264795937643576,0.0017271016951050093,0.0010887208344245673,0.03306603501360345,0.07967019396356444,0.0003987921159383425,0.002552679058879532,0.057244777060347064,0.000585235762144838,0.00020318131653035206,0.009045132153090768,0.00047498660277345295,0.0007739024066960227,0.0004857365349077979,0.0004529831473701299,0.0011193100994139886,0.07553584647203218,0.034520334265629685,0.010422275946820164,0.00021219238187308273,0.001016645267940066,0.0007296733528480357,0.0011008522320710814,0.0007316279673630593,0.002055424771413094,0.0005113224517428253,0.0017262853819333666,0.00037206433084405665,0.0004938125274206228,0.0069540020100341314,0.002570794035936572,0.007994646556948913,0.0053536309815113495,0.0009345105319481967,0.0014621910582010497,0.003127671281298511,0.02006713442961995,0.00316587068083696,0.0002953697581116133,0.0010797240330384997,0.08177752331039194,0.006692341943000263,0.02832488961567535,0.0018570531382084473,0.0021434258445380593,0.11804816584241735,0.0004799283299829341,0.0003574386573167955
2023-09-04,0.0008697225950357858,0.042852094867592117,0.0004794967071500893,0.0014308267070859866,0.0003676118836393951,0.004280496705041616,0.0004834750915330688,0.0017152904349905876,0.020415742285985753,0.0007083534976817662,0.003225324224360824,0.0006014798893711208,0.0008944826463412771,0.0003828896948441018,0.0032834854993467237,0.012791357344238434,0.00028670406874495654,0.0004772231451510532,0.0004896042896949083,0.001163337303862572,0.000607985504855925,0.00027800354129080593,0.0003941555363589333,0.004553227704131997,0.0005508313749187795,0.0004179228418526762,0.0003447868380717332,0.0002660344619564254,0.01784030629892875,0.0012046729329082337,0.00024931529135208504,0.0011384632683827491,0.03543751207649249,0.00032877315825061826,0.001019377783725777,0.0012966355197417349,0.005629109676000136,0.011930183946830665,0.003384936132802329,0.002158737934215376,0.01561047579627289,0.0002949099970810149,0.0003198486438137074,0.005338189145225727,0.0003591426256856781,0.000930166540414255,0.011398070533276714,0.0010433803012383468,0.00025786967951571185,0.0035582146730184236,0.0002789330277722038,0.006478761520919008,0.016152748034830456,0.001827030999543836,0.0010480779190327567,0.032599037661372524,0.07975482141139789,0.00037214883258817645,0.0025223803756749363,0.05642759281246299,0.0005619008701305205,0.00021141317667095898,0.008936626762698076,0.00045988146398322097,0.0007706534778216399,0.0005014419981595211,0.0004746909585434724,0.0010845644126540397,0.0747419761114891,0.033692627549156764,0.010440468430890087,0.00022108854497037694,0.000980682047642132,0.0006983013989253599,0.001212777133891061,0.0007154479289707395,0.0020208350478088787,0.0005433087671116967,0.001624548864405625,0.00038671845149962575,0.0004393778971117998,0.006934495456629457,0.002486185684879581,0.007958823533551443,0.00523796344664207,0.0009620545783550321,0.0015984981998304186,0.0029892343103784438,0.01914438870091284,0.0030680919141963816,0.0002892942810595212,0.0011032120665321827,0.08010307428123573,0.006564439912790085,0.027846017535459133,0.0018648672592078885,0.0019627106833754854,0.11560186430917241,0.0004793211380189489,0.000349585177653473
2023-09-11,0.0008818913548099503,0.04161387761211399,0.0004997301868913358,0.0014423416658842125,0.00038622802548411353,0.004247832665750521,0.00047119479750244557,0.0017492394778422563,0.020245504178749926,0.0007473209026775557,0.003260290125934928,0.0005640971828683457,0.0008910296723322571,0.0003855986712151044,0.0032394666760066785,0.012972848002199545,0.00028862362471789244,0.00046716769077111814,0.0004956554031377238,0.00111610325497976,0.0005797104456360919,0.00027290009172582124,0.0003940792679864058,0.004334320726066048,0.0005833167525940866,0.0004182330196131366,0.0003258707433764212,0.00024053836520072054,0.017944163674645925,0.0012293504093104498,0.00022695800062007436,0.001119289445996154,0.034588013959013605,0.000309472037890637,0.001016056314962436,0.001296678223766833,0.005446653801329794,0.011692180418234166,0.0031754232493980705,0.0020722297506276617,0.015142004062385948,0.000305116039107776,0.0003322894164986163,0.0052154564364473,0.0003349907874691253,0.0009167483997128184,0.01117554402689539,0.0010408887752481094,0.00026417744256699573,0.00330930381609352,0.00029811346770064153,0.00619313179449599,0.016272378338403302,0.0017513281357865846,0.0010044346510485328,0.032060821243821314,0.07744111136868989,0.00036187425011866605,0.002490759739206262,0.0540034031267821,0.0005519097880168992,0.00020047352457672727,0.008673777021012607,0.0004413627205962924,0.0007548894465919739,0.00047223006756341745,0.00045535746301690757,0.001088411201456783,0.07345134705347574,0.032550244128272,0.010197977183092807,0.00024142412705751963,0.0009706776738420143,0.0007048299133914462,0.0011758086842383999,0.0007321058701222832,0.001964794315775182,0.0004971443092412666,0.0016456879498435004,0.0003839156390667265,0.00043446816570407896,0.006841733853090165,0.0024735503560977526,0.007636397668682527,0.005106130016233488,0.000984191270327262,0.0015060270619941317,0.0028473394833730334,0.018508966743968274,0.002943824364356818,0.0002883942616470137,0.0010619806337629014,0.0789013742280311,0.006261699497494626,0.02741664793351542,0.0019048125364169231,0.001977688325406681,0.11293212246679708,0.0004918327089676246,0.0003450144995739911
2023-09-18,0.0008825717693636629,0.042182468174730404,0.0004632180401782012,0.0014267375747586703,0.0003680489086143392,0.004362656663564082,0.0004979414202852207,0.0017563540515248203,0.020138674276314182,0.0007239735329120585,0.0032786308089244277,0.0005584923871029138,0.0008820224384912396,0.0003679803439506974,0.003205631810766414,0.012869379002940757,0.00032831443986777275,0.0004506561353279172,0.0004912553046869368,0.0010778121551518426,0.0005878180494634604,0.00027377916846396715,0.00034739190152854464,0.0041602304145411315,0.0005984642643335898,0.0004453852096891912,0.0003184959175150596,0.00021415036590537488,0.017897933651985172,0.0013252044739914864,0.00022148434824486465,0.001074127981096372,0.035265956674267476,0.0003576244001506167,0.0010295020747971,0.001337863214832902,0.005399809983616313,0.011451171893956499,0.0034193726227299374,0.001974189791766268,0.014825877421782598,0.00031816496666210145,0.0003436292912761362,0.005373183953760088,0.00036019668275172887,0.0009303240086523944,0.011232732469240897,0.0010624752123649917,0.0002866432158422152,0.0031731742277420604,0.00028977167279126685,0.0069071204857233635,0.016135605019111512,0.0018461824484414828,0.0010350383559773928,0.032381670772878804,0.07922514147465037,0.0003685773222780758,0.0023159534505729517,0.054668725480192325,0.0005404597235335985,0.00017563453561673028,0.008673345960132462,0.00047076308969447994,0.0007951416435175919,0.0004924412479579948,0.00045199041008161893,0.0010880242176021758,0.07476176341739266,0.03194622224590131,0.009832741005481312,0.00023445144496556434,0.0009152449048088637,0.0006969105928201462,0.0011324530174043502,0.0007734928837522954,0.0018458591109155635,0.000490989425174937,0.0016507439412898708,0.0004296296316559991,0.0004961733921434278,0.006619161024694444,0.002565176662899111,0.007576409875847454,0.005222366668237946,0.0009870000847025215,0.0015161158783363056,0.0030276535202536452,0.01803627886759784,0.003075581082231943,0.0002887734201167762,0.0010666149260613322,0.07884626769321798,0.006942534662828712,0.027629871020911252,0.0019226525459620032,0.002008691378933205,0.11245200305184054,0.0004985766064114992,0.0003566621873450263
2023-09-25,0.0008900841240461966,0.04192798021989103,0.00047584634039630455,0.0014237600432209408,0.000381015999341949,0.004286121805604824,0.0004785763606855102,0.001756365891919537,0.02005337104898121,0.0007559101442269003,0.0031772248371795472,0.0005624274225907274,0.000910819066936357,0.00036139579817078216,0.003211911563918626,0.012755138499473942,0.0003151101798549268,0.00041241266299481695,0.0005143579340522327,0.0009957795877665644,0.0006030774048223289,0.0002536535956568219,0.0003345338158679419,0.00424912323913796,0.0006073829649042333,0.0004437513204943786,0.000308661917359202,0.00021363769864647759,0.017733330742139883,0.0013329160037545557,0.00022608277766092706,0.0010560652328924533,0.03529590865106712,0.00033208850348323446,0.001081470666433632,0.0013749951649561728,0.005484256273152834,0.011240584308152751,0.0034057345208803316,0.001959936297083231,0.01438414352821466,0.00029614896987670487,0.00034481939590722433,0.0053217835605925065,0.0003793914441699201,0.0009921037885359384,0.011225770960986266,0.0010745369371244766,0.00026104845349528646,0.003264822173472199,0.00032000274407119203,0.006852868493617752,0.016009603523121235,0.001889454634781356,0.0010669377709700456,0.03179279376103692,0.07956242877363372,0.0003646183730114711,0.002268878155475895,0.053990200420538266,0.0005676694787309304,0.00015585325077179977,0.008523006758410822,0.00046884747435301346,0.0008227089746683791,0.0005058142983599418,0.00047438497848604675,0.0010639175438580829,0.07402028446253603,0.031177578342991213,0.009640427336181739,0.0002082946711372789,0.0008537175780470691,0.0006696385602575501,0.0011753830154907752,0.000787297932784289,0.0017936595313067679,0.00047873660979037917,0.0016036826047107135,0.0004420468090973005,0.00047722440050473625,0.006710105154591117,0.002434712390124506,0.007492845941269402,0.005177290230037924,0.0009543550569347441,0.00155123643814017,0.002906962018558351,0.017447039417422233,0.0031013659170390263,0.0002962215108058041,0.0010498715378022719,0.07770637913458912,0.006896251323685366,0.02718858644046196,0.0019355661168510999,0.0019932876285234384,0.1096516789504397,0.0005137129344929225,0.00034335478259999705
2023-10-02,0.0008782616907826037,0.04239935365371604,0.000515184628949705,0.001435250622533814,0.00042016606715625693,0.004270724543983777,0.0004976754415052628,0.0017322059235913344,0.019312400553257753,0.000759212700133467,0.0033299922323980886,0.0005534341436657196,0.0008380892808239847,0.0003576916987263584,0.0030568670955008603,0.012376071285384635,0.0003240475405338444,0.0003726470283384556,0.0005497092371883379,0.0010377425890277564,0.0006348732824342266,0.0002577232896692363,0.0003654238380026112,0.004615811917585271,0.0006250109165932231,0.00045590524725459076,0.00030004758843342125,0.00020197325618288443,0.017269375146880088,0.0013127075570538533,0.00021919567787214393,0.0010470949745183722,0.035921988180526075,0.0002947983939070628,0.0010322730033969158,0.0013454345040323724,0.005513165085999968,0.01092305053555947,0.003408125591639955,0.001993559587164234,0.013929447228928764,0.00027906620865108964,0.0003675212972519105,0.0055459446488017455,0.00035391039952420325,0.0010238547790142063,0.011531162184960109,0.001096442757326714,0.00026915905890360307,0.003511551179894122,0.000318558402309749,0.007036971973991377,0.015601692763688921,0.0019767390392214125,0.0011251147922554919,0.03236255710100041,0.0824565638020764,0.0003230358585534563,0.0022032678519323897,0.05500718299697783,0.0006358639829069625,0.0001523863278574736,0.008613690651830331,0.00044883203093697247,0.0008294591303660039,0.0005175212447030439,0.0004335473478817586,0.001021064171091832,0.07502714015736589,0.030765146772657233,0.009809851267148416,0.00019685475860110844,0.0008324925395585429,0.0007013434489266155,0.0012811092137612837,0.0007618894462567286,0.0017424685752731334,0.0004780389338012654,0.0015693294414376683,0.00041959571988666854,0.0005032661762227449,0.006728053985891528,0.002370183349570456,0.007445338208734777,0.005213203520015481,0.0009763236059698005,0.001669415866969881,0.002889153638595037,0.01686729037039368,0.003243065936294458,0.0002775077988974733,0.0010710266504435652,0.07741671328827575,0.007106844018394552,0.027866269523475207,0.0018524914112655797,0.001942809600255146,0.1088318680263366,0.000539256351814044,0.0003428082044682713
2023-10-09,0.0008869713509535212,0.0427695819004576,0.0005089753506983442,0.0014952305031005963,0.0004110844553406718,0.004339770567339224,0.0004890181435996368,0.0018149086374315872,0.019366786685406857,0.0007677769284149999,0.003437054136282475,0.000546802952373123,0.000851685968563484,0.00034803519030595205,0.003062468013272244,0.01262697243069913,0.00034296725572992493,0.00037221186366436773,0.0005308580704508905,0.0010982999780152537,0.0006095805855734322,0.0002602577274602856,0.0003474846572925754,0.004372937083780991,0.0006070122428501585,0.0004126091187696778,0.0002861291830824913,0.00020207797343669052,0.017500477217211593,0.0013892794697152786,0.00021282176596186354,0.001085601753596785,0.03612021938375328,0.0003252278651837368,0.0010482382477919705,0.001381917506631811,0.005376318494305105,0.01093827006930665,0.003616380670902027,0.0020123897763091414,0.013873300276426755,0.0003328337580875029,0.00032295891996046374,0.005414160145415283,0.00035990495485249474,0.00104773163598348,0.011679181469429856,0.0010730034269990673,0.00029368910127546623,0.0033423270179419973,0.0003312461256071393,0.007496746526959202,0.015705723107317215,0.0019933951717102886,0.0011170731298276075,0.032551017865156094,0.08327871258748201,0.0003522508523414924,0.002246235621345087,0.05511432850953615,0.0005988904552411787,0.00014358210716618403,0.008571839916633111,0.0005127504104304304,0.0008276208569493683,0.0005235868924190466,0.0004292550255886301,0.001066279845246036,0.07574409835559441,0.03069840994593577,0.009556699797775329,0.00021343016797961413,0.0009058324236068401,0.0007138375338377563,0.0012239889141167069,0.0008014548637355376,0.001692568163065686,0.00045559984440122115,0.0016321986501722221,0.00044934818462476266,0.000509824412980952,0.006611215579342772,0.0025211034979991994,0.007330854785703099,0.005284312654709613,0.0009642072240041947,0.0016020140095014184,0.0030433016783816013,0.016770431755441753,0.0033912365128356,0.0002654345999060803,0.001045028625054366,0.07745768351987697,0.007549492467529776,0.02794711007501504,0.0018914345261381073,0.002057912294705769,0.10812228026438121,0.0005266640853975533,0.00032844728242912555
2023-10-16,0.0008231243906855195,0.04269797300744265,0.0004729205750624725,0.0015022479808199747,0.0003845628734970507,0.004364367797932038,0.00047599487082175686,0.00183687114126603,0.01946235790227778,0.0007091539822931902,0.0034301271109020456,0.0005672706079485864,0.0008817491702496372,0.0003680428890167178,0.003134262367359854,0.012322685754166042,0.0003706075788105684,0.00036617170931933015,0.0005527635767040425,0.0010597800980148813,0.0005937413394523173,0.00025626734083436547,0.0003603858064860737,0.004226474469053269,0.0006195437680740339,0.0004478127089847793,0.0003132690483800363,0.00020126484324331726,0.0170113171256718,0.0013832098118034528,0.00020470492352948886,0.001075178427058789,0.03664625181933509,0.0003507603502550589,0.001080362745911588,0.0013407962194712485,0.005407516910473936,0.010862571460106097,0.0037626625469046665,0.0019960928166272845,0.014114878715312737,0.00031560258935950586,0.00033061958483094776,0.0055262723386294114,0.00037752043795057425,0.0010615404324514728,0.011867741858260325,0.0010867559301524984,0.0003109702944855386,0.003277509638490818,0.0003241328844040953,0.0077896402800955835,0.015270513896337892,0.0020855897043335837,0.0011838757232864186,0.03276686423269001,0.08409047627271227,0.0003592895141937033,0.002154875888485158,0.05595214029342936,0.0005784439022244609,0.00014043793543900407,0.008536832729188945,0.0005144390138465503,0.0008549938032365765,0.0005102369599996096,0.00044953697865425356,0.0010652682098495425,0.07656698496856208,0.030893524222056993,0.009505738457627054,0.00020231893390305894,0.0009016248935551778,0.0007404155524517865,0.001205487930209902,0.0008568458745516833,0.0016383066073057426,0.0004954779501876772,0.0016170471196095943,0.0004955578462589437,0.0005259530216346894,0.006593645749150599,0.002538000998693784,0.007247188591689767,0.005247094568145488,0.0009180261159272771,0.0014886403350817365,0.0031459331571594158,0.0169401014257046,0.003325580786862453,0.000278548834239974,0.0010734566383028181,0.07715762913445903,0.007845596997974784,0.027972117628103102,0.0018432538831867772,0.0020778293611075295,0.10680112491015317,0.0005462065135026651,0.00029372763682744026
2023-10-23,0.0008478256360113694,0.041844823777169075,0.00046600294487177346,0.0016086198556254031,0.0003710421893380698,0.004268760928582399,0.0005097282403776831,0.0019501157961867989,0.019071548292158447,0.0007338599219420984,0.0034662538713378585,0.0005530959920508514,0.0008592965782844188,0.0003402409119567986,0.00302189024524245,0.01223675158098501,0.00038159289472566654,0.000371711064706458,0.0005670674163420388,0.001073603669892786,0.0005895358317045732,0.0002321500234229762,0.0003322819848072536,0.004125737901837418,0.0005898887300491203,0.00041819734991978464,0.0003340627937781228,0.00021511236059680952,0.016898415372168466,0.0013507088853943684,0.0001955187638524903,0.0010251448848790686,0.036945043721196294,0.00031646066425077024,0.001100301111836597,0.001304732318143614,0.005268424503872106,0.010553019762562326,0.003716366902823807,0.0020012237169738595,0.013875584446055692,0.00034149618822075864,0.0003308212742525806,0.0055245014813793914,0.00038060792600328743,0.0011039547561780881,0.012215200146100494,0.00106238921948081,0.00024343183234148513,0.003137073620286604,0.00028734304985694937,0.007905140074667139,0.015141316716533522,0.0020424816907235552,0.0012136531896185113,0.03200020864040291,0.08515320380839264,0.0003536559910260817,0.002175000689632317,0.0564698683062113,0.0005960111129680119,0.00016042072265764573,0.008528794223599551,0.0005212938831783576,0.0008976950833842639,0.0005043288466461922,0.0004715279580189543,0.0010740810815919853,0.07654044373236524,0.030600536251638052,0.009346151119282366,0.00021725361051982996,0.0008550507884165759,0.0007583621397597097,0.0011621001281736298,0.0008203805697361117,0.0015969018244788471,0.0005029716542126684,0.0016296846316590475,0.0005084976499304118,0.0005068853118518803,0.00625387381377445,0.0024346734460982057,0.006880645157421707,0.00500242446092819,0.0009238460565935277,0.0014707559129550707,0.0031975635075367844,0.016709393105442193,0.0033884952943924822,0.0002635976690069947,0.001125804280923791,0.07611829618648475,0.008011846626687996,0.027415457594146,0.0018342745148555747,0.00219190916771945,0.10497562891495421,0.0005228002385206227,0.0002738888361397874
2023-10-30,0.0006852192016328688,0.037195640624083766,0.0004975969245403263,0.0012840044451060562,0.0003925465168890838,0.003704527323581489,0.00041032436007808616,0.0015651611838651599,0.0176455305515653,0.0006757304624968877,0.0031113323621890995,0.0004984106510959625,0.0008636217256445897,0.00030664163417833134,0.0028116942335406274,0.011340143796426696,0.0003277943988425201,0.00034435606301575573,0.0005164253822924085,0.0009232025975095963,0.0005390888143428327,0.00019151739482843496,0.0003151428950298203,0.0037437270765919087,0.0005108192288982688,0.00036232844732689246,0.00030150863643480056,0.00019139369989645827,0.015469848559878112,0.001287852358053444,0.00018707686505247027,0.000889972044480687,0.033760821851762275,0.0003149861661737519,0.000961432619480419,0.0011874065305075125,0.004923804538128427,0.009728227154560381,0.003310248543146328,0.0017720737240201749,0.012192675178472176,0.00032714904078228016,0.000302507314965644,0.005063723290333303,0.000345822666692898,0.000973273871155197,0.011092597106812421,0.0009654924909414072,0.0002565538050243347,0.002858285498704349,0.0002745900383718023,0.006951901773359871,0.0138322439924347,0.0019459440530729907,0.0010977525827766366,0.02919005265647884,0.07831290883211497,0.0003388325302518866,0.0019702842646645994,0.05039286916833543,0.0005868396031661485,0.00014086420243232135,0.007598739890140033,0.0005436474587637607,0.0008331759465130544,0.00047468060564040046,0.00045288552046805926,0.0009729231907037166,0.06905324179192035,0.027230066325559254,0.008403071529980245,0.000185619200849295,0.0008254401231186525,0.0006248280404864674,0.001113624822488891,0.0008062438997625241,0.001444381517290199,0.0004795867053062322,0.0014113807901556846,0.0004595378196588483,0.00045225284322333425,0.005588341177138846,0.002353052567147134,0.006386801275480057,0.004363189032286809,0.0008256793463515725,0.0012731545732950164,0.00271676371916592,0.014646949425455682,0.003027161823215315,0.0002430708437489615,0.0009946292240033006,0.06895182369554792,0.007017641970625878,0.02482082071162816,0.0017511757885485706,0.0017928151494288214,0.09550225576308399,0.0005099206809409917,0.0002792843876981371
2023-11-06,0.0005433458738301395,0.034533753148953336,0.0005029952282935687,0.0010469043691280814,0.00039826429438682206,0.003324493314228328,0.00038891996793113384,0.001285768238658214,0.01696983942289766,0.0006212046848393192,0.00292283135912927,0.00043105995079793384,0.000761857443697126,0.0002928854979900414,0.0025054403109282582,0.010454871851732606,0.0003022563868938765,0.00027917837035769616,0.0005210107760618639,0.0008352479382016024,0.0005468900747995424,0.00016042141954902237,0.0003201932115701662,0.0038609491832083597,0.0004753320839567238,0.0003289990110935437,0.000280129449382998,0.00017321241366775238,0.01442807225817539,0.0011426128765150147,0.00017716754754523988,0.000832325609174647,0.03168104255193082,0.0002955512611697374,0.0009248742706633189,0.0011740979203228748,0.004760735154753596,0.009191769763043981,0.002740778214927057,0.0017397389239465892,0.01066259440617671,0.00031518306517819224,0.0002692865683209786,0.004333530561703145,0.0003316315844739451,0.0009151000772334173,0.010065372841240414,0.0009005540351593393,0.00019131328490659273,0.0029045900280019864,0.00027296620031197857,0.0058513493792277365,0.013046422142343419,0.001939454085074404,0.000991002509370085,0.026856767269710743,0.07418065346503057,0.0002950882740035724,0.0017870167986722054,0.04476102377882454,0.0005477773305548415,0.00013417051612533374,0.007037524134434436,0.0005343816076693568,0.0008137284386792287,0.00044106686109907767,0.0004444456317766123,0.0008630998904673493,0.06326081611891214,0.024598672161030666,0.00786934247058965,0.00019671564403260977,0.000777839191645855,0.0005705393289215028,0.0011743384355369971,0.0007167483541905455,0.0013668585830769358,0.00042146799105584717,0.0012311208940658912,0.0004830963145285364,0.0003607225051873088,0.005420667426719105,0.0021819190030905144,0.005999953238267884,0.0040116507897012595,0.0008082825779542608,0.0013259342233860778,0.00223444341605971,0.012874927471124101,0.002605032341241152,0.00020252450181703225,0.0009355828208155623,0.06310655702908825,0.005931489685803749,0.022796347119213363,0.0016489975718356204,0.0014856859803778445,0.08788967980232759,0.000512020343868479,0.000247466959937326
2023-11-13,0.00048085799168401204,0.0313550654390369,0.0004709170495462015,0.0008857605478221392,0.0003874536930431149,0.0029804541778085704,0.0003716357518254372,0.0011233850811262903,0.016255555972917394,0.0005412311013884483,0.0027266339075982704,0.0004038712306988904,0.0007648654542723338,0.0002934239229883569,0.0023921246481993555,0.009544952586120283,0.00028568035687657605,0.00024369959259778486,0.0004909942721217592,0.0007320198404373555,0.0005207670416009229,0.00018294017861579125,0.00030017053990096697,0.003772606292475925,0.0004249404157203779,0.0003085149905252525,0.0002472206000850029,0.00017160815634216994,0.01320341115830656,0.0009647866068059268,0.00017806174256695527,0.0007423092995080244,0.029513560700432234,0.0002841897198375699,0.0008507855870525525,0.001070496899038036,0.0046943086272043565,0.008566713195597195,0.0024652798324809487,0.001498957653428385,0.009966746355915851,0.000259569003437803,0.0002893237132244496,0.003847658209733902,0.00032597794633526246,0.0009164189027753741,0.008958114509321507,0.0009676017176461256,0.00019632913004655702,0.002790730999191266,0.00027868489189212576,0.005288250832684462,0.011973534175371121,0.0018999531445099136,0.0009093770302184305,0.02447453652283384,0.0684734302256689,0.0002927061422758423,0.0016271374624641313,0.040026800549651104,0.0005708623234992601,0.00014308971028875,0.006392124080327767,0.0004985104255410127,0.0008121633163929731,0.00044639775131806106,0.000392420545963463,0.0008150272723301223,0.05793483482544389,0.023103402004930537,0.007569820307209234,0.0001673379027001517,0.0006921323998933949,0.0004960735132958975,0.0011217333028156965,0.000617754102231606,0.0012715782300381526,0.0004110097527110829,0.0011162698775151398,0.0004944271358652704,0.0003585183529604243,0.0053146397020934115,0.0020074994810439116,0.005525104427994664,0.003600731561870768,0.000753949418713387,0.0012114038602441426,0.0019524945600524004,0.01202285904785491,0.002307878630031627,0.0001834896196059835,0.0008798304895014015,0.05775895789964059,0.005357770097768087,0.020753207499460583,0.0015415271190712444,0.0013179420744472853,0.08072609471828811,0.000498254997365364,0.0002506456081792
2023-11-20,0.0005316576582168916,0.03132791310330484,0.0004972168884492431,0.0008774214823066705,0.0004193689157062805,0.0029899965323757285,0.0003876872012634295,0.0011370261179652662,0.01594269941231395,0.0005377238281560757,0.0027680499152755657,0.00041945658405324567,0.0007613427828457712,0.0003133885335531667,0.0024387997643011655,0.009039866888037066,0.00032403360425251016,0.000201832435958028,0.000502537545064016,0.0006867629584202935,0.000500119402649569,0.00016554101235365332,0.0003157296253129737,0.0036491429768554205,0.00044518581771080696,0.0003471500408231075,0.0002233000667809826,0.00016228990658118852,0.012751151912901791,0.0008601254312818182,0.00018123178445722142,0.0007909123558369861,0.029100335907820827,0.0002696859670779833,0.0008962926209698691,0.0010737361305909927,0.004844543194972391,0.008412473479442056,0.0024851374775201954,0.0014357151551887461,0.009732524001390616,0.0002546509287047937,0.0003128718364879708,0.0037808085724780017,0.00031647672054505336,0.0009401656206543236,0.00860731247150477,0.0010156459731630427,0.00015841155070457473,0.002747117111440881,0.0002922521688569734,0.0053620001096272105,0.011567991568263434,0.0018794135179140865,0.0009730106338138818,0.023634570050264418,0.06792408392725184,0.00028312593727470404,0.0015752445002516192,0.038342252292174105,0.0005486252514964813,0.00012114584920971244,0.006153069048554527,0.0004620986833779242,0.0008012497096375017,0.0004542844686133765,0.0003451688700045956,0.0008267607634087437,0.05673568020139012,0.023085478086084476,0.007964519750832906,0.0001506057490913998,0.000687005170596398,0.0005517728188354975,0.0011022695417072775,0.0005149836495340796,0.0012480527602607586,0.0004064163080372854,0.0011407337066290256,0.00046597962042983673,0.00033886235575638143,0.0057252394865815615,0.0018894721519744423,0.0051035360903998,0.00360102640639192,0.0007771496231321277,0.0011562963699594463,0.00195945748392487,0.011767043739477116,0.0022549254364933533,0.00018530682200572986,0.000854806844522479,0.05627751559104844,0.005414334327863615,0.020114053182138984,0.0015164276170983163,0.0013213983430809164,0.07696594582502571,0.000527822173719541,0.00023622283800221158
2023-11-27,0.00046744986590538493,0.029223975704232092,0.0004366686040727173,0.0007647153351091848,0.0003653087410950414,0.0026133922176712265,0.00038189335361621987,0.0009547019314797589,0.014874381177784238,0.00052916858207537,0.0025481248176394723,0.00041045995709244713,0.0006879946392062791,0.0003000738490977725,0.002163653533115745,0.008284834284930742,0.0002734612878534832,0.0001915120131997177,0.0005046096977831244,0.0006768372525846667,0.0005135425838464515,0.00013558776494086038,0.00027946591597755683,0.003525228704922566,0.0004000851130739184,0.0003125010943636014,0.00018002838630202725,0.00015728967684712535,0.01189448383812146,0.0008308379000467686,0.00017199572524774097,0.0007117229643852364,0.02811978784023527,0.00025955149234123653,0.0008433977178990389,0.0009848387229793375,0.0045051169664651865,0.007956829955004022,0.0020801941455462964,0.0012795816908586035,0.008854736758754369,0.00023488946935883785,0.0002923446916420877,0.0035546326900143138,0.0003275051443092705,0.0008717180056950039,0.007969616346219318,0.0008784566429087582,0.0001411528542904293,0.002665931977223314,0.0003095107573815163,0.004578849488617653,0.010718734159600373,0.001825261933840091,0.0008913807140811828,0.022072166141181036,0.06551234935877566,0.00025905469040714117,0.0014536813334353905,0.03581753567975189,0.0005070033782460856,0.00012110037971661272,0.005886114439211331,0.00048147383888083074,0.0007888496670265055,0.0004330691726980766,0.000322952670501872,0.0007792121509311151,0.05305294297219673,0.02133258897001291,0.007530267955654482,0.00013983954599738373,0.000624979961008963,0.0005217881790410785,0.0011265413298373384,0.0004731293213364827,0.0012187255113579325,0.00040911911446884916,0.0010613054505382176,0.0004785299041769172,0.00030649912296943315,0.005367957640970383,0.0017290778652718857,0.00498832769375979,0.003401663177800195,0.0007583671460365023,0.001116438707802801,0.0016147970494192047,0.010679918939018405,0.002086871267385426,0.00019145066226252012,0.0008328072906587091,0.0521790349671076,0.004661660021227969,0.018713117002063337,0.0014228238092086187,0.0011128444385629735,0.07300252428256221,0.0005131194594836559,0.00023909134499152605
2023-12-04,0.0003537962690890735,0.027721383344628953,0.0004520772967544571,0.0007017551158549201,0.00038006898962513635,0.0023592579833380074,0.00041470496591234534,0.0009062390079614411,0.014393963432204095,0.0004415473571050562,0.0024389025059116994,0.0003861573345613385,0.0006194397645063613,0.00032895241922746153,0.0021471560528837077,0.007802594075739505,0.0002551397037766964,0.00016530217340122484,0.0005210888412263087,0.0005771311431419205,0.0005360382898997587,0.00013994468226163684,0.00027717136800262235,0.0038472481946993315,0.00036671667916186434,0.00030040792593824994,0.00016763862893990342,0.00015571794453792608,0.011187606063978587,0.0006827954678632287,0.00016471051072610145,0.0006538522275623221,0.02742963365309475,0.00027447248016907827,0.0008231264346204245,0.0008940335754698417,0.00453594102486112,0.007611868522080387,0.0019842318925679388,0.001169552606342141,0.008483578035311256,0.0002630577191108615,0.0002952753605644784,0.003238736956467638,0.00034320448646301836,0.0008446482065390592,0.007566588204894265,0.0009459833555598314,0.00016447072953430458,0.002926245874937388,0.0003013947952284706,0.004325037300980091,0.010124040603290061,0.001858523801607751,0.0008426549740058927,0.02094968836167347,0.06447242462441509,0.00020784561553804034,0.0013642514095369715,0.03356765962841873,0.0005186188653225788,0.00013261313846420442,0.005747792345405868,0.0004613190010099155,0.0007811172881579376,0.00042811477470990013,0.00029219430074560655,0.0008117311765225763,0.05121837744624673,0.020643632909038402,0.0074324224453986825,0.00014616767764457684,0.0005806249129884212,0.00046271990637450106,0.0012091103600992952,0.0003744585279523837,0.0012317798703639503,0.0004140658630355128,0.001032929412087908,0.00046735564229532297,0.0003009378559822267,0.005322297944891878,0.001657139197874262,0.004647335890723237,0.0030540195712680743,0.0007319089032100202,0.0012403525062591415,0.001501994084511804,0.010263658998692901,0.002033706389248994,0.000181293104950845,0.0008097315027413045,0.05024195753269814,0.004426463689723934,0.017849086435577543,0.0012907272313530463,0.0010574640131565372,0.06913619466318209,0.0005023557039250752,0.00023116558625585427
2023-12-11,0.00032999097542255756,0.02852484330150741,0.00041957907847568494,0.0007629193695173791,0.0003593016501293837,0.0023720289660460678,0.0003884776058847991,0.0010283532461816745,0.014546093665153786,0.00046329417793785125,0.0024883639064481,0.0003700539307267851,0.0006858128254712595,0.0003189500388891909,0.002170736717540673,0.008101672695941316,0.0002316585066097318,0.000172113291632659,0.0005195875009340289,0.0006666427230074969,0.0005487243238101944,0.00018203141516434169,0.0002501167272335242,0.0039292951817751194,0.00034977887503699384,0.00030251078358127113,0.00016781382803395512,0.0001419895747532744,0.011450828512533155,0.0007154245776336153,0.00018332748298812996,0.0006525946794995601,0.028422702846950032,0.0002537640044464667,0.0008699993604221561,0.0009497228894233,0.0044644005412401225,0.00783163315068355,0.002029957298960621,0.001212724853181113,0.008820009843890827,0.0002743550640558649,0.0002986182305025216,0.0033254853741747693,0.0003652578198379109,0.0008619913974867233,0.008133942761906592,0.0009083468846217647,0.00014314414313627345,0.0029922827223042275,0.000310107698948061,0.00437741402205984,0.010425630089127865,0.001826372926882766,0.0008573816544644379,0.021444466152427375,0.06631642572446098,0.0002540746831516989,0.0013508719403017091,0.035749187118349575,0.0005437385333867461,0.00015880309839338389,0.005867865199763548,0.00047105058711871344,0.0007698851674170323,0.00040888226289241726,0.00029559010147047794,0.0009195714118535986,0.05287445682783846,0.02118568579354236,0.007554938212047545,0.00013909705116807124,0.0006230237272123699,0.00044590849708507353,0.0012516041908481978,0.0004369834625677962,0.0012417133150153946,0.0004084456091411121,0.00103490492041237,0.0005102474959561821,0.00026630650307665803,0.005335799908568219,0.0018399106519769136,0.004757638208652356,0.0032845319984933083,0.0007580487038292296,0.0012261329742022488,0.0016687988710791097,0.01067452228483454,0.0021942488624191706,0.0001915145162528649,0.0008051641149027099,0.051152848937668596,0.004459434870260707,0.01817725228377609,0.0013065222031378523,0.001202995712514414,0.07116670182219637,0.0004802486132267545,0.00021993759645942272
2023-12-18,0.0003435517871412366,0.028557241633335666,0.00041018165417257453,0.0007185527338253329,0.000365328284426658,0.0024375230222811236,0.00039362045889103874,0.000980778765741212,0.01517153418486851,0.00044471055680761197,0.002415089519368965,0.000385947525931184,0.0006805256753643844,0.00029626325800338917,0.0021781420407563255,0.008051409822020336,0.00025661453035938565,0.00019190370316438874,0.0004978131954408289,0.0006512699342664536,0.0005792287278195404,0.00015550314884637666,0.00023221746288174541,0.0037704738599964836,0.00031618013272482917,0.00030581822686966413,0.0001807344827963432,0.0001415416298372446,0.011378840538551944,0.0006982857123430879,0.0001797552015227727,0.0006729196698772585,0.02844831239928909,0.0002404063038305379,0.0008943247561009845,0.0009302525429875632,0.004642951202536973,0.008015946700896816,0.002069059844531113,0.0012696435475623572,0.009069455555241485,0.00027775212983085183,0.00027461058875870683,0.003468025797570462,0.00034905393973380525,0.0008629072572208276,0.008088618151560322,0.0008838856662585933,0.00014333061936429512,0.0029144477500668182,0.0002992023863131836,0.004517387811030055,0.010294828980068376,0.0017460291564022476,0.000848998234622368,0.020784065159768154,0.06690000637229354,0.0002495066171144633,0.0013842653482901883,0.03533765312717625,0.0005130477616672275,0.0001563711291941754,0.005887775798946853,0.00048606139614507354,0.0008035851861317607,0.0004145497065527754,0.0002994883008419078,0.0009748419856494771,0.05326533128184366,0.021589345785399137,0.0075366246495010844,0.00013196802015074373,0.0006271142816659542,0.00043481608952816275,0.0011992579242075488,0.0004201299602628963,0.0013205901481440187,0.0004364619609270273,0.0010558700776772726,0.0005359283144196166,0.0002808387049826136,0.005176021571811796,0.0017465279759632342,0.004631229266536428,0.0031573237406127635,0.0006678050002126664,0.001130818544529419,0.0016685002456061793,0.01098970439964072,0.0020852760588631605,0.0001725972580790794,0.0008126424152907788,0.0523893277408351,0.004599408983808529,0.017561330147198382,0.001266982505826669,0.0011497842900896375,0.07155125635763593,0.0004722345461728941,0.0001975066269998056
2023-12-25,0.0003132677732101142,0.028302454275221094,0.0004255034591638221,0.0007666333506902399,0.00036573478572428337,0.002430068652982279,0.00035982146624358944,0.0009647629591961629,0.015053485541829323,0.00045809612548264805,0.0024103324158958007,0.00038709391854459545,0.0006761603914657748,0.0002999846712955881,0.00214697210772767,0.007875324971066723,0.00022495698071356676,0.00020245971523383548,0.0004876537620016764,0.0006845795828157585,0.0005539438292875001,0.0001537980581915401,0.00022419690365247112,0.003817502299211805,0.00031349431447733343,0.0002868549531515659,0.00017764543978215848,0.00015344779263512588,0.011167183188641886,0.0006710608787000988,0.0001815664274890311,0.0007027112678635368,0.027327673511196523,0.0002450204029945036,0.0008688033771662436,0.0008887957539266691,0.0045296341662183935,0.008236504584687152,0.001967925431318273,0.0012583023168189086,0.009376555519832463,0.0002915931085019984,0.00027186031934315355,0.00332460248345005,0.000343233095807147,0.0007967916215052894,0.00793093946824968,0.0009031853773979271,0.00014875227553683777,0.0029224726615740596,0.0002873998576433486,0.004135225872502561,0.010163489401590772,0.0016982683458180861,0.0007842459208686833,0.020947356535621735,0.06462283294740041,0.00024551149318470614,0.0014996364079819437,0.03477522596517387,0.0004934434273282911,0.00015814044753812887,0.005810379299085702,0.00047081541148088644,0.0007729777612988652,0.00041956519277198,0.00027668361836182833,0.0009113867942684637,0.051288730886801796,0.021982013513652213,0.007553390917711392,0.00013967615643490654,0.000673285860556049,0.00044742785845517004,0.001228817284015091,0.0003946641083166575,0.0012973669729634055,0.00038208674251059,0.0010631141719869223,0.0005014992214734848,0.00028653040788013007,0.00525970195655888,0.0017029598086416796,0.004732238864274714,0.003178289319233157,0.0006443355626544434,0.0011366629856131535,0.0016079694581190795,0.011359691573050352,0.001862239728474524,0.00019388694519122644,0.0007734328853824344,0.05170280279352073,0.004213899719985653,0.017768469470897368,0.0012825194147997971,0.0011393642027370077,0.07129779606375873,0.00048446346626653143,0.00020030805265639916
