,0f259232e21f0c2fee6ad8d1d8f1027a,9274b3c3b5944720ff3a39acd9cf88fd,255b57e780bd487c9f2c9d8a6d98122e,81a7fd8b494dcdbef06baf399f2f6ab3,3679c0945f1a70a259b655406fc39172,456a12b90d15a721ad799e16006c6684,05b2f1f50c1ce311f0dbd14eee459bff,85e40ab41dbb322d6265279032519a63,fb99ada28bdcb8a828a19ba2293b5607,ec5c0d5f42ed96fb66f585f2072f51c8,5a238bc5400490331b6b4c08ea0fe0ab,f3b0f9ecd412b62d07cc9a0c8e80470c,f7e1531894d4de8cc0d90bc6c9ba8991,942619b5db45e2e562e61d92119ff838,94e09ab4773fbc3b2b67c2f34281220a,f0e3dfc632173c07417737b09c0ef573,05c65dfa276e4011e911260f8118f6c9,795c21f080ec8025792ef4d0dbbd8b71,af3df9ccd4174c841a11369f668d7eed,a107bcb0918d989fb9378c897e0ffddc,26946cac9ecc79ec658301e357330c5e,18583b9b1ebca580d6dd801f9dc66bd4,bca747f5e6237a7773881a0467d2e683,ccb2a8fe516433ddfb606137a178f9ed,61768dc417b2b3ede0ed37eb320093a9,0bcb8976125dbc200aaac6e2843288d3,9f787e7ea88cf6d08f0a84ff9671c365,c4c7efcae8d0827a8d07ca016a3bfb6a,b08119580a4f62b96c89326c2e32b695,0da4b490e41e0fe2c7df72f01af5ec50,a05ee4cf2d1de48475756e7a2d0a7cf1,a693b13a81f3e3d78eca32b7cc36b60e,c6424732171a02f1c1062f50c3a73a77,cbaac4719cd0e31524598d62fe31fe48,27da4027d84eff5adb55c509efaafbe0,ff9858a350a257210e2851650a7cd6d2,565b7097a474e2e3750586bd4d6b0bb5,23edc5ff51cfadd333466861a4e1ea38,c5d9c0b2012bb566a6a73b4d9e07fe86,1f56c874da3dc7e3bed7f8f6529b64a2,ae6f5f4d844a09b756dc601df2c1e8d9,36493d4cdc4c7a595e50be5d6c71f09d,dd131a05ead3e4f70b991714a54de5ab,cfe26d6aea9efd71c5513cd733043333,7ba28aba612a440ff8dd711262154f44,2a73e11492c29b7696d32cab40401a30,3ac8acc7e11bbe6772fddad237e51d2e,0d96aee679fac13091dac1b352b9485f,630ee7e776797db7d8df48faa23d5a65,9c0a5f9ef978de85871f0df5f328cc04,762c8c28af0cb9ae3028f33c1520a885,0928147d7fed5d2704e5864f15310df3,2e300d5b9ced3d6eb1bd338e15f42705,9b0f782fc5e61f4bcd60aec45a951907,8c1269604d51124eea733d76d969419f,71e83ca83dd815fb28599128e3923a04,2e207747b7f6ba4806dacd5c8eefb008,47251289aa301e5e085ea87168b93c5b,d774007926d300cfdc0af21fd17631da,a755c8d149dbfd8145d7e0970920af69,0e9ec21c9c1d75db573e64780f4bdc04,c4c87cc56c600398a547bf1d240bac4a,876d491f272ea12d93db7be1c54c1e5e,f4010791f0c5aa854730550435ca5837,d73f5beea409541bfeaa2095570c500d,3dd952e6eff4eeed1f99f883d7760558,ea594b4481ccdee2d7ed446a2a0ae272,e853197616422fca1c71e49cdd101657,32e418063c86b6aba3701f86f27b15bb,e47da797deb91bee9d49736f2c03f5d4,200d22d4f0b96478bc89e527590483df,ce1dd76e18ef0012011b3032be8a83fe,72cf8a1a01fb55ce2780a3fe0f8038d1,5402c87773c8c6cb257b4394b0717185,281856e1516923676b43bd418e6f25a7,9c863871d4cf0e4b25504375945feaa9,7fc85a57ec35f1b6145953e32a673446,67c5e92a315327f8188d2c91faf5c3a1,1ba20e49a934c9f63888c0aca2e3bdb0,106479e4024061d5093f0dcd23bc6cf9,179d05e99c44e629c8e68aef8ee71784,e2a80f87817bef0d96786c7ce389aed6,8597f5e4b5aabc29c6fc71c001a9303a,6a3dd1d0444d504a669c0825857a9074,fe5f4acc019e16ac5a920b1014cc7229,1ccc72120e9ca6b9c58c97c139468900,7342f68949be41c06eb30d3be1f3499d,9d5cf228e9ec57d97be4213c970d5621,a5b2dafc7f7a3eabaaff5f337f5a7d42,796b462f075af0b2fa608735085c20e9,668beb724f47e5a18cece4da0cfd0a51,a2a8db06139e5d8b33b9696c575f0414,9a6473062b1e797bcc9732f0c9a07849,cae432c95e5232373cb67ff90e7793d8,19f6997d3ba451b2bc8107503d70ab73,83e59a57e4575c3cbd02a8451997959b,5876cef9666eaf04c8dda83ec6c83a60,66b960536d4f8c72e04621cc3b3cf8e8,cf83b57ee57ce2ce8c9cc50781da2080,13e68590206aad4467ab4aa1b71406f6
2023-01-02,0.000603345981366207,0.028493260924401218,0.00031037532083596055,0.00077413571688362,0.00026607791219469785,0.003025537485055684,0.0002591595422877585,0.0009494765136072096,0.014658535560411365,0.0004678990344340443,0.0022725601571895113,0.0002920205630936802,0.0007860396300975958,0.0002522420068536751,0.0024313129362557124,0.009380368162753165,0.0002474406079628607,0.0003131064381945312,0.00037045382989360693,0.0007449353350838121,0.00044768522165766186,0.00023028883745895596,0.0002211030017226717,0.00349208300050152,0.0003390229774962055,0.00023702922953109417,0.00020856808196508737,0.00013150190142531226,0.012786951027753122,0.0004524977999033103,0.00016414743195654222,0.0005636834191613026,0.02463732747310018,0.00015226776434557513,0.0005498532607371351,0.0008582993958782945,0.0038458784843979736,0.008195610286058952,0.002333633946382463,0.0011520735477163813,0.010115626665174772,0.00028539364101308137,0.0001747282820311525,0.004043005780295686,0.00023101031233991272,0.0007915677962672264,0.008062756579223205,0.0006784505489242325,0.00017743095770872194,0.0026540151776452323,0.0002375707527479611,0.004897148006703903,0.011509487050154662,0.0015188244330557332,0.0007485998219815708,0.02359482113996962,0.06286974834328987,0.00027215333861539844,0.0016509911736130765,0.035672639122232015,0.0003964380784045713,0.00013954421235438372,0.006142292514461332,0.00045827896893082225,0.0005702559744247096,0.00037956009498692645,0.0001894114103809671,0.0008587679792665873,0.05376228358031434,0.022929883799797803,0.0071339181505940775,0.00011974684338722509,0.0007288945783169506,0.000361257156864214,0.0010636783786711977,0.0002559736007781861,0.0015129725927937054,0.0003237103630070594,0.0010434590309480933,0.0003236342530032261,0.00029977107192421333,0.004958878266469529,0.0018497125128679643,0.005444332766321827,0.0031881719028890934,0.0005988788579772062,0.0009268339293583058,0.0018521913562172657,0.012280713111596188,0.0020227176160561747,0.00017163139686674015,0.0006729557859150104,0.054843650696598446,0.004918497425187215,0.020231600396458087,0.0011007774222710834,0.0010385682538061956,0.07324332200606848,8.856353123624527e-05,0.00022974613706189598
2023-01-09,0.0006557052856902084,0.027990013466094022,0.0002914092770021582,0.0007528309947125846,0.00024191995620181814,0.003214807855900772,0.00025572232487787254,0.0009409831051562955,0.014601756551889862,0.00047757974357886065,0.0022847333538253043,0.0002857501440895146,0.0007967325583383397,0.00026518654938247933,0.0024435154674749483,0.009028053452387804,0.0002162526693738087,0.00033543658894105,0.0003344305814775957,0.0007747472254701328,0.0005296302817134235,0.00020223453788289605,0.00021430651123007568,0.0038689346669845788,0.0003375642610686009,0.00023021954005212345,0.0002498025336442764,0.00012524151328710393,0.012448000924632774,0.0005480535680510278,0.0001721495023090341,0.0005716999865897502,0.023611613185631836,0.00016554280798393838,0.0005871681732836692,0.0008340578941201575,0.003750222284547758,0.008483472605911459,0.002044530735646389,0.001093972941471488,0.009680703385609446,0.0002829603197612458,0.00016229526587200195,0.003701030382075791,0.00022013456264902777,0.0007309657015010209,0.00788203605372923,0.0005981731904763582,0.00015241125628529634,0.002991723194693698,0.00023794057139890992,0.0043542048597212364,0.01114633413444124,0.001409823846464897,0.0007230863384659008,0.024808900413129987,0.06264966437296488,0.00028907803817845813,0.0017822687459094983,0.03492224719337599,0.0003525617301426553,0.00013131363094627576,0.005898057103449041,0.0004185479539170038,0.00048338498550426034,0.0003888661897929431,0.0002029018941357317,0.0007832725429331741,0.05256860265490861,0.02210176080372386,0.006976382308535791,0.00013274639077267032,0.0006853511512907966,0.0003740416908904029,0.0012371898099027487,0.0003085647673664716,0.001584631206336695,0.0003229726496482205,0.0009963736595539816,0.00026798964038835985,0.0002632550868366046,0.004642623676376619,0.0019572168589946804,0.005780592574504649,0.003164014217374316,0.000583198250228679,0.000967081873420015,0.0016373532047952704,0.011737137631174765,0.0018289087645340354,0.00016467833738893629,0.0006068261460919456,0.053518236382448105,0.004377371428648386,0.021361065289656988,0.0011509696221072032,0.0010292017241511978,0.07337275411473788,8.418942173151504e-05,0.0002594796514642912
2023-01-16,0.0006760781874314232,0.027252641169974973,0.0003178245016759543,0.0007141441939338566,0.0002654652489549949,0.0031529488314886935,0.0002460095385294235,0.0009039856795209964,0.0144749288423864,0.00045099867112683074,0.0022655521611464626,0.0002643526572787498,0.0007673292742351951,0.0002713369567044316,0.0023741216845629214,0.008672059432072828,0.00021703883041506583,0.000322016043350524,0.00033708331258615494,0.0007253490411238483,0.00062307939163058,0.00019626891056524388,0.00021012332159327896,0.0041396913573565315,0.00033342546657876075,0.00021435483083304355,0.00029146335135628917,0.0001127460312711158,0.012027509319844535,0.0006233432541682141,0.00018244130001958942,0.0005888216492760566,0.023047249299587073,0.00016933325597188732,0.0005846214696282952,0.0007995808255415127,0.003638729232928861,0.008571594565387692,0.0018869743232743702,0.0010101642202156073,0.00946524594046007,0.0002705424935249046,0.00014758763322072785,0.0034560752349685137,0.0002041307307758917,0.0006751964476287184,0.007558336569869931,0.0005435771349199736,0.00015140779964342452,0.0031900348088384984,0.00024572827286242066,0.004114138481673132,0.010730128244654854,0.0012918727424172348,0.0006843766774372104,0.024771909636644822,0.061029920510393194,0.00029275467864049227,0.0018339396260994996,0.03404221021274116,0.0003444458817883074,0.00012599602133278495,0.005591071197806359,0.0003695640621613578,0.00042097885667556216,0.000390114790522876,0.00020598814947559682,0.0007404220061415799,0.05164689710122029,0.02149493949541462,0.006786530354731502,0.00014348106084753382,0.0006900982165221523,0.0003514706734367327,0.0013609917367230133,0.00033757424913677197,0.001662470629363709,0.00034912139010647336,0.0009484249691380579,0.0002643885902062795,0.00026604084959768706,0.004313150521047519,0.0019455195367923772,0.005804048451996007,0.003147510366025962,0.0005626807015198922,0.000997395627785214,0.0015289812135892544,0.0114716345689281,0.0018218072241512934,0.0001468112435778844,0.0005461634240854123,0.05272204935907437,0.004149743988976772,0.0214069572785047,0.0011358386073779638,0.0009948608653287555,0.07306694430855518,0.00011368912912192816,0.00026355998717584217
2023-01-23,0.0006869206362991715,0.02713050175655042,0.00036306135046010053,0.0007088123487056886,0.00030960628394825676,0.0029626510650794884,0.000244773961258342,0.0008946936526386094,0.014542295287001553,0.000433201145566812,0.002293186641624289,0.0002502201400778582,0.0007579572827273129,0.0002695766272229199,0.0023874100804218896,0.00875764462967573,0.0002515590327768497,0.00029761898034747104,0.00036693199976240413,0.0006615622668285012,0.0006506313216196531,0.0002320745784883927,0.0002200666542888508,0.004131245361772552,0.00033856168580198554,0.00020706884531210607,0.0003137993375488578,0.00010795094334210843,0.01214496411949958,0.0006481026493657201,0.00018029359907857512,0.0006276273371346425,0.02350552679448123,0.00017279933747928484,0.0005436976285976794,0.0007780218027165767,0.0036468402736606893,0.0085287159509361,0.0019848617419032676,0.0009704793537136611,0.00990969941492711,0.0002605517458835317,0.00014165032115383232,0.003478903364048376,0.0001963504007467364,0.0006557508832103349,0.0074510989815233745,0.0005454086577714656,0.00017854747159375898,0.003120155290427966,0.00025456855247040026,0.004345120731133378,0.010836457604935141,0.0012498995011116973,0.0006592004520900043,0.024084319475964296,0.059447249068719725,0.0002835204105215817,0.0018417572976875305,0.03436203619649737,0.00037392036757789057,0.00013049897594486452,0.005574586497673007,0.0003511210013031188,0.0004174340023313107,0.0003794217689119493,0.0002094812373806411,0.0007672854435634816,0.052545282656954885,0.022063105110232822,0.006695225521051576,0.00014871777920702923,0.0007628685337408233,0.0003199721470688285,0.0013443126574867919,0.0003355983505116803,0.0017340181225781559,0.00037851490324685143,0.0009513561572168027,0.00030904445022654384,0.0003043725455053096,0.004298585132297549,0.0018668195998180162,0.005692972918242896,0.0031904324649941187,0.0005624636518201741,0.0010258137073868453,0.0016181603024961139,0.012045048730594197,0.00198496284894402,0.00013542143768266636,0.0005410911940954828,0.05412077252043982,0.004386373029174932,0.02084191130984943,0.0011282471364171722,0.0009936007977269122,0.07451613476391333,0.00015469399497494745,0.00024374536098430253
2023-01-30,0.0006983866494484472,0.028008484642401466,0.00038506292234599427,0.000755572266698861,0.0003290718189906393,0.002872436463384218,0.00026563725286725214,0.0009450752608011676,0.014892594586593842,0.0004521754995486908,0.002395860008892768,0.00026888468115233007,0.0008091347680615746,0.0002618059439351676,0.002530956408202503,0.009396060503602999,0.00029718317903212644,0.0002972997018107506,0.0003944032907435714,0.000641557832369901,0.0006036328520698202,0.00027851821418240164,0.00023891065565079492,0.004026678094165587,0.0003375543519026953,0.0002195492235293396,0.0003127396025545351,0.00011712813674055675,0.012996553642830888,0.0006423718106262451,0.00016368722633950577,0.0006674897421933874,0.02504431476469993,0.0001930136745126292,0.0005208306615906945,0.0007948824940579499,0.003781422086615991,0.008531355006309879,0.0022309105319053817,0.0010095324325266285,0.010732849149987877,0.00026782501482338136,0.00014774966269601468,0.0037162310515257845,0.0002104930854505156,0.0006749705140096665,0.007831345377180202,0.0005882968617448984,0.00021134727263074797,0.002970821609049948,0.00025171746380059286,0.0048269767075161795,0.011609769360087114,0.0013347307778294878,0.0006719479985851032,0.02391605356188801,0.0600832020204761,0.0002719735680082708,0.0018680715846204985,0.036443110408515014,0.00042497369906592823,0.00014379953085482522,0.005973399788079151,0.0003761689720504156,0.00046658367914467004,0.0003692996432405166,0.00022562744390253788,0.0008440090091745314,0.05551883743338464,0.023431440537035594,0.006713707620792783,0.00015013398798206315,0.0008571362869760224,0.0003278138396635437,0.0012519049663759561,0.0003238377629258224,0.001796425757583734,0.0003818754316724639,0.0010009862637703822,0.0003565924081438667,0.00034539024660224535,0.004565638179416662,0.0018404497849677296,0.00570704094950467,0.003308897808113861,0.000580396053388223,0.0010960469721943175,0.001829345464265614,0.013093911305567854,0.002163467363608184,0.00015166126090611912,0.000599328165749131,0.057577914224392936,0.004864056755815259,0.020661272748739835,0.0011847213074820443,0.0010561016478036324,0.07852908078601797,0.00017380547399509702,0.00022193969114940048
2023-02-06,0.0007086739092645306,0.02953005812019985,0.00037172252931803363,0.0008227777762586382,0.0003103401466746728,0.0029968550324157212,0.00029954176874819093,0.0010207459828842887,0.01541718016690084,0.0004918321702159581,0.0025193730039670156,0.0003161508060146595,0.000901657856044891,0.0002515852625823018,0.002710184903486692,0.01027335739679289,0.0003264631221469299,0.0003296334496570691,0.00040396457217344814,0.0006693244366698037,0.0005511957985267892,0.0002908278887784843,0.0002534709472060111,0.004133209008200072,0.000314335729043303,0.0002457926588721019,0.00029831781846957893,0.000131250495551841,0.014176860182087572,0.0006532022414185206,0.00014973518113041952,0.0006804358776993095,0.02696235991208305,0.00023053104087708578,0.0005578137278256343,0.0008600314505513781,0.003965293923093842,0.008690239209970077,0.0024197429012368025,0.0011078412612940637,0.011285644793720134,0.00029020509550255164,0.00015679384431908946,0.003975222529153837,0.000244699200704805,0.0007151270091704079,0.00853045947682276,0.0006353169704978559,0.00022478964128266302,0.0030218280091627034,0.0002308992751983248,0.0052090278597987085,0.012646474847645688,0.0015054241111911728,0.0007131880142778218,0.024812861807521243,0.06335894160074904,0.0002684261494111678,0.0019256786813632591,0.0393151601150876,0.0004679498088821455,0.00015827279802683173,0.006563366517268808,0.00042143939659936236,0.0005290983109534821,0.0003715817053936842,0.00025625771967922677,0.0009076704208915762,0.059025394845879126,0.024539311344341227,0.006834401153826089,0.00015190762141710149,0.000909045747780981,0.00038469759583704494,0.0012189788475034757,0.0003312787267136918,0.0018377395838812983,0.0003560647152594518,0.001055481151482884,0.00036756715420263337,0.0003636955273526593,0.004843239835946721,0.0019186398865194462,0.00592451046350371,0.0034938133554256057,0.0005926410655870073,0.0012254169668166274,0.0020074997422831896,0.013805510256876822,0.002219642620414359,0.00019480833286530217,0.0006741858169628272,0.06130216498760583,0.00524279740480496,0.02136031479394154,0.00128245686210336,0.0011437465693539622,0.08362273095494623,0.00015658670204916173,0.0002180782036383442
2023-02-13,0.0007271159514631742,0.031180716259463923,0.0003528333298721195,0.0008774152665736096,0.0002850679522137631,0.0032580846312130957,0.00032107339332608644,0.001074555299300245,0.01599140187781219,0.0005223211779508481,0.002600150296889866,0.00035831488757572915,0.0009800754621509843,0.00025016079775725623,0.002837896910298384,0.011008875920346205,0.0003307486724276213,0.0003723788096051249,0.0004055970330967662,0.0007166141546642793,0.0005655526983760043,0.0002673858478916432,0.000260096627618055,0.004508181610437058,0.0002861147454999423,0.00026939420785705747,0.00028361550552970943,0.00013807762048860287,0.015152204065939059,0.0007100458545592948,0.000160765303205174,0.0006706398205584911,0.028387276847114593,0.00026483018389421824,0.0006317377998939191,0.0009585262829077266,0.004152086549277738,0.009006737245169807,0.002482397977845099,0.001221318794142957,0.011370243906608221,0.00031116873240693785,0.0001601989217691773,0.0041439637464629475,0.0002799911704603711,0.0007601391949257092,0.009129519631186639,0.0006708821827887481,0.00022164818697773515,0.003323504784755864,0.0002037910150714323,0.005394699497309141,0.013469249084247677,0.0016584068629886396,0.0007510977677053881,0.026363416548772802,0.06750533851041109,0.0002768589383463719,0.0019852363108520585,0.04172470679302741,0.0004772640396243047,0.00016787217581663033,0.007024858412467655,0.00045147118856195766,0.0005703918606777297,0.00038462670190033137,0.0002925488686098194,0.00091726987373235,0.061564864195827844,0.025102858874956658,0.007112824159783033,0.000156104442625123,0.0009061751147272502,0.0004452045408925259,0.001291092897083221,0.0003701240654713714,0.0018386555383571818,0.0003306936766717233,0.0010976264412654215,0.0003478772454999893,0.00037138108105256044,0.0049895680247663615,0.002048191495826041,0.006232421747379121,0.0037325257837883333,0.0005906987214077723,0.001367378624910599,0.0020816113797738024,0.013949500980549161,0.002169306540111387,0.00023801583559506526,0.0007107808102952575,0.06395206389572462,0.005433915690732628,0.02263020226566682,0.0013615715092452605,0.0012072784467565805,0.08795604871664332,0.00011989294275667646,0.0002290367676556929
2023-02-20,0.000772555983666162,0.03287821773540748,0.00036374538581675236,0.0009291095326838185,0.00029094458543513246,0.0035044292636983053,0.0003168111965507265,0.0011164256438263734,0.016593707122039312,0.0005403162996198318,0.002646694107594942,0.00036821924932294985,0.001007079861746106,0.00027296276549156897,0.0029408610433505214,0.011535620180190045,0.00032422699378561575,0.0004009029867688746,0.00041588474547980207,0.0007689449863983152,0.0006416780960109599,0.000253984527392911,0.0002682568352183566,0.0048626879747567745,0.0002944550906128649,0.0002788216963005938,0.0002775340554585896,0.0001375905879837842,0.015801719385234163,0.0008006912773171746,0.00020182933543526008,0.0006743302642753012,0.029095501015364008,0.0002758924220452169,0.0006846714596531058,0.001058737181194698,0.004345519388652305,0.009446633347738822,0.002538583201292549,0.0013170821273533304,0.011482139308711321,0.0003206137164955855,0.00016279025922623746,0.004288526222294226,0.00029620122399337594,0.0008004903743679398,0.0094534507196645,0.0007099004706965337,0.00022969546568720367,0.0036319181758873347,0.00019378264777995244,0.005596374406277906,0.01401128317599406,0.0017175007101394657,0.0007738823607096526,0.02788238519472674,0.07058072510154491,0.00029562707234829486,0.0020404133903989567,0.043690292549063425,0.00045121288279181446,0.0001737072621179703,0.00726283934375117,0.0004477127083681784,0.0005886846952165224,0.00039923426253690903,0.0003239403485088615,0.0008968359947782544,0.06348834703391575,0.0259176520021303,0.007563826387451442,0.00016135332620544299,0.0008944861127001214,0.0004590377096515329,0.0013724538647785225,0.00042672585276790244,0.0018046858565698774,0.0003381750836303325,0.0011531920068201783,0.00033739811794664126,0.00040173232286816246,0.005115042212702071,0.0021559972920216623,0.006515621086708495,0.0040014654557632414,0.0005984302708466424,0.0014422850230723942,0.0021206728224951506,0.014142932039913838,0.002150124038246924,0.0002533295521734645,0.0007006530513205762,0.06601896337941285,0.005644400645828612,0.023919823121988513,0.0014035513844227884,0.0012596925341584611,0.09140207661433315,9.584917601518684e-05,0.00023478666420809042
2023-02-27,0.0008429268692522431,0.0348053851899442,0.00040261918795964644,0.001006742095229307,0.0003260548998060993,0.0036679111758605868,0.00030143071010311785,0.0011978839252960141,0.017229498528472546,0.000564886752879419,0.0027223746018154573,0.00035469439690738946,0.0009917199324161851,0.0003221623438893254,0.0030925318211392707,0.012061135653091653,0.0003265328534809903,0.00041268282470775883,0.000434940283886227,0.0008328782631466687,0.0006972698213740187,0.00028881204303901137,0.000286778082077058,0.004840581104363009,0.0003584180446709564,0.0002751014034199808,0.00028525679483266356,0.00014055179023849692,0.01639957820879847,0.0008861289846637915,0.00025226920256561246,0.0007179843841631911,0.029580417912599005,0.00026592162414848985,0.0006925994442540284,0.0011314639974832773,0.0045210730043825816,0.009981548987896672,0.0027136807780825446,0.0013827869713954409,0.012161408349230837,0.00032657642877980433,0.00017638768188745057,0.0045233995127095744,0.0002892585082641733,0.0008241602649287641,0.009735023397134428,0.0007646262897070941,0.0002656318025283339,0.003651581881261572,0.00021385428737485972,0.006010166641479336,0.01455184804851722,0.0016917301945374849,0.0008067985997207217,0.029122479224424545,0.07231402360951077,0.0003197169930080562,0.0021275825548727157,0.04621579826050033,0.0004126856932927284,0.00018022915275891347,0.007431156720835708,0.00041715096761380606,0.0006050042388052215,0.00041140710646837516,0.00034566176465920654,0.0009030894853430733,0.06628158107405878,0.027614802772936094,0.008018907172006639,0.00016569470235874013,0.0009161907713459317,0.0004295235319939083,0.001336571945048103,0.00047326603075333365,0.0017854892302600373,0.00037763244382339495,0.0012432724044987653,0.0003627278187761258,0.0004626759860851526,0.005345027210763683,0.0022353684047443038,0.0067743486494647055,0.004251189906579162,0.0006410395785765903,0.0014013291059004763,0.0022298481650723494,0.015012573758610745,0.002259854949573676,0.0002396979504647636,0.0006835648502351366,0.06876787484486416,0.0060596680692411396,0.02502515716715451,0.0014415943880765397,0.0013565098364137003,0.0950638736249084,0.00010428371942480466,0.00022649004659283125
2023-03-06,0.0009046073453643682,0.03683198405996832,0.0004318702776374523,0.001102910120581148,0.00035101828164284195,0.003792178371246674,0.00030185535700106084,0.001330991936648319,0.01781889652704991,0.0005996937096011764,0.0028524781891352455,0.00035033061541368896,0.00097178020328271,0.00037675833438784027,0.0032880209841143204,0.012697135375691195,0.0003435488911897418,0.0004220501197581579,0.0004473644364271442,0.0009055495249530492,0.0006548664678284532,0.00035610670286314694,0.0003116623872776909,0.004365761284937852,0.0004468692894679508,0.0002667320796078657,0.00030964454992848337,0.00015289277841083399,0.017133110656932717,0.0009363576278785414,0.0002818276720275988,0.0007880616000619539,0.030320186951573437,0.000255406325747903,0.0006875843920834862,0.0011660438113782793,0.004596853342064546,0.010543430672427072,0.0029603037234689927,0.0014177743165131932,0.013275396779396728,0.0003432359094645581,0.00020107512787789688,0.004831619661496826,0.000272599977118299,0.0008189077867611325,0.010252215244768458,0.0008143467415519616,0.000309935445207184,0.0033141751151860776,0.0002512624788828394,0.006527839351692918,0.015246129517945293,0.0016468351436966283,0.0008774301086532949,0.030228547476578316,0.07368551642000783,0.0003423408808578934,0.0022662360504688357,0.049573349034860055,0.00038733477713685983,0.0001868734160000383,0.007678997592078046,0.00038107556134049745,0.0006312557595054544,0.00042313194723071133,0.0003591395192778521,0.0009553310684896253,0.07019168010667982,0.029586510529060743,0.008212388287247616,0.00016917699375468495,0.0009558167886121995,0.0004111591816938909,0.0011687921684280622,0.0004908735792836981,0.0018404545613844032,0.00041365583647861947,0.001342350363407219,0.0004086802229253643,0.0005180617257047358,0.005590126535456322,0.0023263852294941136,0.007045130694257409,0.004431364878710773,0.0007048201320442149,0.0012589323354693363,0.002420787415352813,0.016337496366025366,0.0024499723735827636,0.00022327023280108664,0.0006982208075460768,0.07222762760130362,0.0065707897051007266,0.026038940956945873,0.0015000356791938453,0.0015082739567919812,0.09914867957863756,0.00013905306009255887,0.0002225616938556415
2023-03-13,0.000929525209679282,0.03845463599192376,0.00042257771594265465,0.0011698624955454964,0.0003361932146541835,0.003936883742936907,0.00032815241051913405,0.0014568675727677342,0.018248971776462626,0.0006191505868143745,0.002979310738368451,0.0003732522536938986,0.0009777963393805928,0.00040953125675476375,0.0034451569092816205,0.013253514671503031,0.0003643925921257713,0.00043935219038333025,0.0004434162083731316,0.0009602701341007255,0.0005211028728772375,0.0004051469461334177,0.00033135510534525636,0.003704408352125177,0.0005074030170855521,0.0002606227919476378,0.00034854911783583476,0.0001673451188797456,0.01781152501168732,0.0009544826848438335,0.00027730879075599224,0.0008511576150018785,0.031211543170218133,0.00025921413899665627,0.0007099483083577497,0.0011738437500602183,0.0045253251212766105,0.010999384044043978,0.003111578225593144,0.001429929581368893,0.014140636882603997,0.0003712685987461528,0.00022043943192943916,0.005065860864748459,0.0002628219928523057,0.000790168286228211,0.010926779565415835,0.0008201170736326902,0.00032710285912075925,0.0028186023052406226,0.0002780082208520021,0.006848020241618074,0.015880276926319506,0.0016316481909082745,0.0009711992956691279,0.031239368131234867,0.07521348240485333,0.0003583792129724314,0.002406098269927392,0.052598317987088604,0.0003815038361241091,0.00018653362959690102,0.007962517040416362,0.0003599442767401014,0.0006555910183636302,0.0004325176860885915,0.00036862123892070697,0.0010136416916207665,0.07344287677195036,0.030598281133956212,0.00807444826523238,0.00017269434439909107,0.0009618075626977604,0.0004492753869036291,0.0009820020197107051,0.0004867257155205568,0.001974348637145583,0.0004138777315489491,0.0014059544450730035,0.00043842018621054874,0.0005254357995126876,0.005652004142875518,0.0024329016402597063,0.007280347929048152,0.004545648759017357,0.000745769816109851,0.001072919831658999,0.002607230365805064,0.01727377158408854,0.0025924951618004396,0.0002300027431134521,0.0007427055198999637,0.07495499310138246,0.006888394636096727,0.026935808064547477,0.001555073942444921,0.0016498679574283293,0.1023492717599624,0.00017738424424991892,0.00025005854657868677
2023-03-20,0.0009367944847078284,0.03942783341186021,0.0003891259227068461,0.001180417039121441,0.0002972496962563278,0.004098465163877514,0.0003642774314571232,0.0015147333629478873,0.01853017173756087,0.0006019864424694605,0.0030285271141749313,0.000408878711045489,0.0010136001180711142,0.0004158565627732075,0.003525446924863818,0.013465824413794774,0.0003735406794167365,0.00046422478551674427,0.00043189039815407995,0.0009749625806292538,0.00038161272753838656,0.0004088714378190717,0.00034171420175020315,0.0032111158923453773,0.0005203403959367773,0.0002590251171603005,0.0003921287617231423,0.00017342690304070403,0.018127586143134724,0.0009716767219849735,0.00025396740581314905,0.0008967889108207524,0.03186624291175668,0.0002717668031891285,0.0007550419293925352,0.001178791529013619,0.004387586313606057,0.011237397730067796,0.003094881676323649,0.0014398529293562518,0.014320753279767152,0.00039559306391439685,0.00022060153548369204,0.005126332163645255,0.00026528431595068387,0.0007666415976013141,0.011402847937230936,0.000770225052721854,0.0003093240036930839,0.0024323006407984907,0.0002781334491521037,0.00684231211658101,0.01615629928677852,0.001640735297298785,0.0010364092831969963,0.031945251893762974,0.07637108968251073,0.00036907815781803534,0.0024695614411191402,0.0540899712515784,0.00038265310890745396,0.00017450542600203227,0.008140178166269742,0.0003637303598724616,0.0006596745773337873,0.00043191188914808854,0.00037917945428361837,0.0010314453542656313,0.07432910234570267,0.030344758702302244,0.007875197538809152,0.00017519902935061725,0.0009173653781229735,0.0005316326225745482,0.0008966945874933245,0.0004899462468468529,0.00211476677383672,0.00038475980251937683,0.0014324604492850326,0.00043463162928820075,0.0004886553670387494,0.005511292407485605,0.00250063954163419,0.007383484054289709,0.004663939734729617,0.0007436478674569064,0.0009054300042331371,0.0027143826601529423,0.017365598136544116,0.002632685731933689,0.00026051910696851615,0.0007877891012992321,0.07591208594796056,0.006894961623978924,0.02748986304148674,0.0015724389476397213,0.0017175872687484569,0.10370818412601161,0.0001995987315040362,0.00030996804048991425
2023-03-27,0.0009761527973102439,0.04020443989611719,0.00037245165657946304,0.001172847496173026,0.00027675391073129065,0.004233171927738284,0.00038640607489891606,0.001522939508119422,0.01881006334716549,0.0005675222358500848,0.0030042863331684864,0.00043078061233631107,0.0010616914428921657,0.0004179533068842157,0.003594195548068216,0.013358437429787828,0.0003638333140733041,0.0004966425187171298,0.0004287499124623689,0.0009650445850598474,0.000318794572363878,0.00038857484323392435,0.0003500314533072906,0.0030373945347419123,0.0005145733006881987,0.00026230567518312073,0.0004265097708439677,0.00017181080489562324,0.018098793300251895,0.0010214228105720716,0.00024003895013886516,0.0009442915090263216,0.032275138490496874,0.00027759113327884395,0.0007816903989611231,0.0012011463409118965,0.004340553475265524,0.011279561955484794,0.0030300610355358474,0.001474263140416625,0.014090924144657905,0.0004026321006418322,0.00020982941515122907,0.005085485813308111,0.0002729097122093441,0.0007745782663802247,0.01148191793378038,0.000701534270626907,0.00028873395422859664,0.0022778544785537168,0.0002623813647559873,0.006712106430218721,0.016113205324190073,0.0016420675103342038,0.0010382482743104362,0.03226565192843467,0.07670377468478083,0.0003817023770086338,0.002450879695790915,0.05445762389429473,0.00037836354492220816,0.00015781626695347232,0.008188188968820339,0.00038711009415696534,0.0006427608302635368,0.00042109159374886687,0.00039606241579276955,0.0010139334178295347,0.07358274586451492,0.029884686494665354,0.007974000251648208,0.00017397659443894618,0.0008717318697055372,0.0006042637135066427,0.0009240400712771027,0.0005263731403174879,0.0021676762244300777,0.00036513975543711824,0.0014703703334061626,0.00041302867355911914,0.0004596844618968623,0.005385917238553091,0.0024911567264151208,0.007360984059711582,0.0048528889183750284,0.0007325384435839836,0.0007993827958775778,0.002756321582803202,0.017047915127220502,0.002642502300036186,0.00029258900358459963,0.0008176498645458236,0.07593656044346571,0.006787945643217042,0.027640535405929787,0.001565323519194944,0.0017344719451756298,0.10434526737542159,0.00020085724433180122,0.00036744247937018645
2023-04-03,0.001062121707244452,0.041448106285679236,0.00039155474613211325,0.0012116517454595246,0.000294538270624506,0.004324197570757099,0.0003851377151032955,0.001559326276087402,0.019172040574711675,0.0005612107790201362,0.0029890013337047876,0.0004315679001529299,0.0010995913097411622,0.0004345713050121484,0.003723928294257362,0.013263952304796947,0.00034027561149770834,0.0005417030650321514,0.00043728282307240303,0.0009708515549973569,0.0003379235361991758,0.0003779769108285712,0.0003622240822441173,0.003067398318008769,0.000528223217283698,0.00027053459614637625,0.00044237788811952333,0.00017316682967749572,0.01809117212059119,0.0011152394329380008,0.0002495843863929236,0.0010036009341774235,0.03285408505547628,0.000272009857618833,0.0007680183045705179,0.0012437293781970113,0.004454416011301618,0.011265237450683498,0.003083342016448967,0.0015447161886339518,0.014017576505980178,0.000395152643259381,0.0002107131128638198,0.005098696294262215,0.0002761216330250781,0.0008060757615763871,0.01133670784966087,0.0006678287353294916,0.00029933003559963966,0.0022889943314434807,0.00025371097043335583,0.00673904525415694,0.016120735018060783,0.0016245308607375781,0.000998016658976321,0.03251052553082911,0.07680017382601002,0.00040129502080385443,0.002443241006611347,0.05526346476544554,0.0003697093298634004,0.0001521589717469962,0.008235933351277435,0.0004105918380782618,0.0006220755349007885,0.0004172875165458933,0.0004224980306361107,0.0010071346666139117,0.07377745995982764,0.0303138629670617,0.008411131964057307,0.00016848706167077758,0.0008895338543311786,0.0006277036319040076,0.0009728394099681623,0.0005929425971591896,0.0021023561891199763,0.00038399840315468176,0.0015532797782730349,0.00039728086404119717,0.00048152743723653673,0.005461896942803038,0.002449437097105718,0.007367854422468678,0.00509026557509759,0.0007608145149945122,0.0007708154161047032,0.002792031506652771,0.017030450788718364,0.0027159227459398892,0.00030516551978030065,0.0008424151001653421,0.07676173800749024,0.006833245928597908,0.02771880234906512,0.001584338399256542,0.0017839730716572252,0.10639614295800365,0.0001885274174259482,0.00038251420964434315
2023-04-10,0.0011419401698262326,0.04312367291467532,0.0004209768796662584,0.0013060933318522275,0.00032634843112538096,0.004393154877090042,0.00036820995227947303,0.001658743297061605,0.01946801220504887,0.0006012879103042899,0.003043032710660481,0.00042613511255648736,0.001113817231392339,0.0004521542960113681,0.0038721170788579397,0.013454552097617024,0.0003158280467110094,0.0005951895083739985,0.0004453690782659,0.0010093525162015082,0.00037372848527499454,0.00037898060544369085,0.0003705273149192398,0.0030846714801510966,0.000563609357112791,0.000281267073654215,0.0004404376041409476,0.00018289558656634682,0.018386221267987175,0.0012368364126121288,0.0002706260433113217,0.001045050561785541,0.0337807224778919,0.0002658529533407408,0.0007410856356367508,0.0012899314567612228,0.00463714635182999,0.011300739390460115,0.0032591006365276314,0.0016342202488441979,0.014249312894897729,0.0003876704714842757,0.00023089559505285929,0.005213603346615093,0.00027184758713251375,0.0008245310440461311,0.011248503525030734,0.0006880767032957275,0.0003333377474484795,0.0023206930926804193,0.0002604592782516489,0.00694491402536798,0.01644322075154741,0.001609523390606113,0.0009686287668917526,0.033052213293482784,0.07759637010567998,0.0004228098375674073,0.002541322667035872,0.057110441702456945,0.00036565113408896247,0.00016700249798330482,0.0083862500773714,0.00041258066289874865,0.0006117266976658579,0.0004418031490605598,0.00045665990422843485,0.0010342043951004484,0.07622897075533464,0.0313790778086848,0.00883151686928496,0.0001628421312056154,0.0009756352160126744,0.0006083814526574102,0.0009555800291301423,0.0006582600213786945,0.0019804742682768516,0.00042935674850792436,0.0016477053534328097,0.00039130054462397637,0.00053717187070696,0.005655454962275358,0.0024639135086362354,0.007548443156074098,0.005269960659382191,0.0008238838150583865,0.0008031529396814908,0.002834006308680114,0.01741133987146664,0.0028420599808683463,0.00029686802385690234,0.0008713006574314565,0.078787749320306,0.007041375415290776,0.028113671571915102,0.0016454845750221308,0.001897649491838829,0.11025582644348204,0.00017273410983835783,0.0003506114976383533
2023-04-17,0.0011503475443806204,0.04436686970796984,0.0004209201919567748,0.0013910195441182735,0.000334727870922485,0.004452904451753975,0.00034747203554972043,0.0017602639282242635,0.019449952161310166,0.0006528089684704213,0.0031299912287454136,0.0004283666440076014,0.0011067273551860904,0.0004379619495089121,0.003915184610230315,0.013836424554293304,0.0003044625652050726,0.0006312170378243979,0.00044210672825990453,0.0010510754855336763,0.0003635100327284692,0.0003691593950396732,0.00036001891460283285,0.0029726091278206874,0.000590084783184458,0.0002887105185098515,0.00042916087656502916,0.00019293224741778568,0.018847588602225997,0.00135565877973614,0.0002797607838138241,0.001026988442673122,0.03458973662716045,0.0002698713383826459,0.0007429751194683441,0.0013169941067723988,0.004749059845526903,0.011358696691971646,0.0033925449396225247,0.0017117262127888157,0.014451795803259681,0.00039061720405620244,0.0002492267242784997,0.005319274348697398,0.0002639067374309998,0.0008085102034317776,0.011254812591144978,0.0007311223929151139,0.0003478836146107977,0.002277187573109993,0.0002684736214480218,0.0070871529645443535,0.01692682037294301,0.001622493920348808,0.0009743133290694739,0.033809478637789145,0.07898437335555164,0.0004349301370394589,0.002725069769711513,0.05870375196240308,0.0003706853277064734,0.0001942543810118021,0.008577880955452666,0.00038831931705301934,0.000609087928310221,0.0004924030286134728,0.0004920053932480628,0.0010662537441554092,0.07923762429968713,0.03188441969429003,0.008877875684032012,0.000162827254202421,0.0010647600452174221,0.0005779495840605214,0.0008702193965869283,0.0006935031296891127,0.0019003162873523663,0.0004623155298602396,0.0016908121473536383,0.00038309999400456364,0.000566989439432896,0.005738188861263077,0.0025593072908297056,0.007850798706409451,0.005310868501085021,0.0008574052637896656,0.00084925504787657,0.0028392645952259347,0.017687397483363572,0.0029168251980766415,0.00028250874570053154,0.0008910128644090455,0.08054067975847935,0.007173734274834185,0.028765907931920225,0.0016944736025382178,0.0020036401029224896,0.11375544281920837,0.00016021255052586425,0.0003087941551266001
2023-04-24,0.0010942017688439025,0.04444988133207774,0.00038404417277986626,0.0014011097594613259,0.00031297285121381234,0.004485542844632196,0.00033034743060717566,0.001779005788535226,0.01909914465401371,0.0006652024728706848,0.003165623644233127,0.0004357077083136713,0.001093476426382854,0.0003851765405648974,0.003813363687484138,0.01408185820089691,0.0003137533873506566,0.0006193131631893245,0.00043114852028230857,0.0010552086453767826,0.00030779683232749327,0.0003481273184195312,0.000328565727706253,0.0027807962410695383,0.0005865985637145949,0.00028872671521743313,0.0004185517467168625,0.00019274522704447147,0.019107229022005488,0.0014466677525136718,0.00026727413265119744,0.0009542665435980345,0.0347123096145392,0.00028017167826719746,0.0007778948836591036,0.0013158524689054142,0.0047699539607888326,0.011362869015944887,0.003355345906507771,0.00176165613805404,0.014419984077742963,0.00040329570616415126,0.00023913434947265148,0.0052971750421541425,0.00025771280024275753,0.0007822435778878881,0.011186804731026387,0.0007514060387877805,0.00031800245553065384,0.0021631934970856186,0.00026099814281231284,0.006988422885672536,0.017200115421547407,0.0016633766828777344,0.0009863738753117808,0.034291252751408666,0.07980423626086226,0.0004338948515744204,0.002868256321730743,0.058528046613070234,0.0003835973590625138,0.00021406461331568877,0.008677190561638718,0.0003576161196910527,0.0006046495496384465,0.0005351643409187048,0.0005218398491635215,0.0010691075394811483,0.08005228301729764,0.03140342173865154,0.00861700483954244,0.00017001096647426155,0.001090081806559645,0.0005564773284658219,0.0007823884217243134,0.0007039946971253567,0.001913471914547602,0.0004590541143656108,0.0016768145585296375,0.0003700153835740072,0.0005374582518199641,0.005667858908427467,0.002659336594033204,0.008056760071171704,0.005254738192358692,0.000810996866288636,0.0008578780260334292,0.0027929357499527747,0.017597836872254424,0.002879399990787181,0.00027677039581825694,0.0008847285872812376,0.08061096145850069,0.007065880343423498,0.0291956155174717,0.0016663380885557906,0.002011857651055051,0.11462698766483564,0.0001542459693674625,0.0002997931188982239
2023-05-01,0.0010586545034654412,0.04373250852228671,0.0003439544611278767,0.0013496637255377103,0.00028939056130433693,0.004485470312085651,0.0003230456077275571,0.0017158193770500916,0.018752275812062506,0.0006302498670175934,0.003132764763515126,0.0004410136007296445,0.0010882523091732862,0.000334534844692382,0.0036898665499219352,0.014025090828669748,0.00033874916946334543,0.0005607760548668965,0.00042388474906866064,0.0010219387037670663,0.000260399170892191,0.0003539193489718417,0.0002958187653280551,0.002648219480332268,0.0005675399382434871,0.00028523088067998925,0.0004156774148854127,0.0001851724204340305,0.019016423390604876,0.0015001379699044796,0.000246589546294894,0.0008919105785090817,0.03432147274210447,0.0002834371869617733,0.0008074506844039075,0.0013000037631232554,0.004807398212553988,0.011349209804783211,0.003219426095123505,0.0017954069297031043,0.01447088934224147,0.00042072304300932924,0.00020425565350857148,0.005179278630194165,0.00025626171199375576,0.0007896695995747583,0.011008881150347842,0.0007338375314485721,0.000272617118706838,0.0020582536731726846,0.00024168409262145777,0.006776647954873958,0.017120250817317505,0.0017049728104089243,0.0009629307375415644,0.034238048542037575,0.07941966352899034,0.00043102830033271363,0.002872642340291039,0.057063438572373434,0.000405283067438557,0.0002133354783916689,0.008663343947397916,0.00034786260874375847,0.0005984290555825245,0.0005331126852737349,0.000542730192165584,0.0010621670639382544,0.07826342888400843,0.03101111668685474,0.008482248843830724,0.0001796439505909339,0.0010531476419197992,0.0005451650071077325,0.0007500295496627904,0.00072462309076558,0.0019928511871231663,0.0004335197895532953,0.0016766606050949394,0.0003672945247259937,0.0004814258134214678,0.005670916230325726,0.002675991991067258,0.008019738975815472,0.005235685485444239,0.000719039374305287,0.0008140978790169294,0.002761659012863178,0.017596377751928766,0.0028018527574149377,0.00028391005533480863,0.0008655235445081664,0.07957069775459333,0.006852824484019756,0.029113217101095407,0.0015729520891727055,0.0019330583011988255,0.1132950176963504,0.0001567054197900323,0.0003313307287641998
2023-05-08,0.0011128115760140203,0.04337844921053204,0.00033676453408083476,0.0013124325431019919,0.00028965334634407024,0.004500961762083104,0.0003327645772591751,0.00166290203631925,0.018809834773610975,0.0005901057099509733,0.0031166147147441807,0.0004506372299966681,0.0010896209516266398,0.0003382423430112186,0.0037013802486161713,0.013827720339036391,0.00036243228177133076,0.0005002627597186682,0.00042325934060223586,0.0009965366212928105,0.0002670370280374017,0.0004181037899666959,0.00028744334259043667,0.002678491693983297,0.0005605107768614781,0.0002889264083517838,0.000422584917200604,0.00018467318869112167,0.018782177563190592,0.0015153862285300504,0.0002390694652137835,0.0009052732109899013,0.034279671225248186,0.00027464952172811727,0.0007985537648416781,0.0012931063890716534,0.004935512520239854,0.011471378365664328,0.003175172001865372,0.0018327272847465184,0.015012645909199358,0.0004406055666276689,0.00018124973170144515,0.005111857985826153,0.000259826346545914,0.0008376083638514348,0.010937985948133886,0.000700462764344133,0.0002664741291331326,0.002051534211636611,0.00023209772178068753,0.0067279840855775696,0.0168996326069146,0.001712909761766531,0.0009031969229847018,0.03405620210029236,0.07876956794020964,0.0004420659351046848,0.0027743367679774074,0.05649959974206783,0.00043878661861821496,0.0001979770562483865,0.008644324905729568,0.00036524325599656576,0.0005983310138501963,0.0004855323440539083,0.0005520504729130272,0.0011021277645969526,0.07638476689660029,0.031933678213924,0.008773036855287531,0.0001851326881784866,0.001017542979259932,0.000546399029172447,0.0007787907891211907,0.0007779502311845231,0.0020710994131859935,0.0004180967128659834,0.0017531203112740588,0.00038631275567427254,0.0004616807700823758,0.005937253472728034,0.002621007242155591,0.007840648613398758,0.0053450265638517805,0.0006772757053808375,0.000753039022116059,0.002827317851440888,0.01823357575979214,0.0028144552551353113,0.0002996529222222983,0.0008710095624847074,0.07929045066640258,0.006806104704884542,0.02886378720221588,0.0015040976431668102,0.0018760589906733028,0.11237736158404903,0.00016817659038295256,0.0003721834864010549
2023-05-15,0.0012211386199871231,0.04408032835550622,0.0003619542422557712,0.0013348391117121064,0.00030569106544441093,0.0045955940638359866,0.00035902495274936383,0.0016926602068362267,0.019308603420148604,0.0005860388651849345,0.0032083939326866995,0.00047835001100827285,0.0010820984623736791,0.0004012044970550216,0.003848487008448682,0.013729389481406108,0.00036657198540159414,0.0004888269357980374,0.0004211979147871283,0.0010181287653601779,0.0003206426581990756,0.0005130671124228371,0.0003095249325125732,0.0028581188656198625,0.0005683596902929197,0.000306797710107265,0.00043450123057280716,0.00019834129276415658,0.01864575662616331,0.0014882567369899008,0.0002511569090651483,0.000988919188075364,0.03507779409249715,0.0002642638968921608,0.0007627730629596313,0.001305906232627554,0.005076198239034345,0.011806373309840034,0.0033032981993949646,0.0018772186778492005,0.015837433212796934,0.0004599434467971202,0.00020086492907370876,0.005173240330040348,0.000266916865766214,0.0008781337830145379,0.011132123538786471,0.0006790436836602198,0.00031719045457538365,0.002169488925736706,0.00024594650295678194,0.006909315915964628,0.016783445225995064,0.0016674553893422008,0.0008513089293103742,0.03442047414397028,0.07930831146845083,0.00046808172942259873,0.0026967693242380864,0.05803852117231163,0.00047790725576847196,0.00018584943315603345,0.008684783800247602,0.00038550492263009835,0.0006031949015802469,0.00043343060689742885,0.0005434126121476103,0.0012018649181423054,0.0768065445180414,0.03376772602845157,0.009294907838938882,0.00018430800196612033,0.0010375002242887382,0.0005722109940131038,0.0008380927380741268,0.0008386543990568884,0.0021004985635794866,0.0004278054699159733,0.0018725350699799882,0.0004118614832943278,0.0004997536045264015,0.006317668618532908,0.0025991661149079867,0.0077689717757721604,0.005538358751477614,0.000741483471631767,0.0007247182631902637,0.0029726896757191366,0.019238970345521276,0.0029503464709040054,0.00031682494447051335,0.0009158594280848076,0.08044870867563932,0.006984542891215293,0.029090847491471467,0.0015299044405423128,0.0019182623344735346,0.11339506042791453,0.00018618560294471093,0.0003861397422412323
2023-05-22,0.0012743636534927158,0.045290322749972946,0.0003868847200094897,0.0013788705482401038,0.00030854991487226695,0.004759853402635184,0.00038526811254083616,0.0017685023249229541,0.019845787136342274,0.000611586027700393,0.0033885769330050906,0.0005201220275929938,0.0010569620670923085,0.00046834432115843404,0.003967882358798272,0.01373169250784106,0.000346396990556038,0.0005323870529990581,0.000413155404133596,0.0010746427408869694,0.00037540005031401084,0.0005645969148819854,0.0003409514086535011,0.0030621368275830035,0.0005670580006175945,0.00033250940396875237,0.000440362177591186,0.00021441947275599717,0.01856513327008696,0.001409221377499365,0.00026812534837605405,0.0010680846258398495,0.03606969907010115,0.0002656571065724469,0.00073955984269273,0.0013263397934696172,0.005085115478501697,0.01219487495181461,0.0034769402770398277,0.0019150622998782797,0.016157501796452742,0.00046957570626697575,0.00025024179271533945,0.005279337536609994,0.0002747301583792562,0.0008582073119764642,0.011379290195164383,0.0006746332113101173,0.00038109143267084117,0.002339222756878368,0.00027096079043358853,0.007071984364441512,0.016732336061304053,0.0015786686235970875,0.0008479546594538477,0.035458006208832125,0.08105468625293441,0.0004908160376650281,0.0027069506483357857,0.06018240201657204,0.0005031094481511452,0.0001878497687616221,0.008701369124480732,0.0003784790906741848,0.0005972343892652046,0.0004203336396290162,0.0005087370899343485,0.001290332184478809,0.07888745272728623,0.03466620362156707,0.009576280095781969,0.00018066323693251632,0.0011034380387976842,0.0006242449062973541,0.0008960747016925057,0.0008487236351724075,0.0020796183615398563,0.000448825553436024,0.0019326572633974642,0.0004122656323385838,0.0005529551656227728,0.006449849360076802,0.0026842818959626298,0.007932245929004897,0.005687331540283726,0.0008616550128457751,0.0007438098413791896,0.003069500171901253,0.019612997039452188,0.0030953253730383575,0.0003274739702205205,0.0009624336711196343,0.0815037775158274,0.007138755126205957,0.029965001520654642,0.0016191740460549389,0.002010355192803345,0.11487923711802832,0.00020423296329955294,0.0003665022874468464
2023-05-29,0.0012161256922365998,0.045883442282723834,0.00038584252125993686,0.0013766476267084227,0.0002864102335070857,0.004887629666238683,0.00038833880754253675,0.001792480398307078,0.019970724743119037,0.0006265024974381575,0.003531504000504316,0.0005464736089479129,0.001029596121266124,0.0004782970445590665,0.003926239730776238,0.013631203686161329,0.00031477008967728575,0.0005842541085564094,0.000408553194778266,0.0011175552718396392,0.0003964492146965535,0.0005258249505335152,0.00035292210190608294,0.003146220887913072,0.000542025049088038,0.00034919262592040666,0.00043027969805096246,0.00021553649112534024,0.018333448531558313,0.0012776907530663046,0.00027029268525518495,0.0010759651320320159,0.03610856799180544,0.0002786033196768426,0.0007475337843588145,0.001334366075612305,0.004936960815953745,0.012350486403036777,0.003507475507995456,0.00193404398352039,0.015496158182950392,0.0004603725955145545,0.0002825923377745854,0.00529551936745172,0.00028019719734604417,0.0007814502494842482,0.011284260495159668,0.0006738653165527955,0.00039832660918070876,0.0024343929909147978,0.00028094987207525555,0.006935741714280585,0.016532445036070098,0.0014906609884506757,0.0008895395262110051,0.03650221302891864,0.08231741208183992,0.0004906680518431157,0.0027470291857943628,0.060419084250764,0.000499206491524506,0.0001972059448057981,0.00859495473105034,0.000342070466965442,0.000568542156137034,0.0004481920504237533,0.00044835351311502255,0.001280726447899796,0.07984341484496753,0.0334949663923898,0.009413578567055342,0.0001786960605982651,0.00115986830320835,0.0006750541551947076,0.0009313030088187022,0.000775085725143423,0.0020383640731851185,0.00045966881259964886,0.0018857080841354434,0.0003744460902010233,0.0005651244203031151,0.006196094920942349,0.0028246634839514877,0.00819632927293582,0.005714125262951528,0.0009303181943068903,0.0007810471980279596,0.0030045259469502865,0.018791252452407158,0.0031065235353855145,0.00032442491250048107,0.0009571812294128973,0.08062992564961767,0.006995220027658725,0.030902386102662997,0.001675348233302898,0.0020391608795029157,0.11440575521190757,0.0002138473547313398,0.00033768840590677114
2023-06-05,0.0011188876616402943,0.045441449609684076,0.0003656941254998366,0.0013213462959351212,0.00025899421600344595,0.0048680097569281525,0.00036179878904441036,0.001731052492190529,0.019625197351127832,0.0006102704272626033,0.0035312893665250932,0.0005307823236734249,0.0010278889597888387,0.0004263235855191701,0.003775952970326701,0.013342404864172163,0.0002896550292012024,0.0005948158196343927,0.0004199699578621903,0.0011162435583830952,0.000389561420369649,0.00042908915734628326,0.00033584312653458566,0.0030677828808160614,0.0005134818332476538,0.0003438225012651707,0.0004071245715906426,0.00020183107480201294,0.017950798665373465,0.0011176355891913043,0.00025381140065458704,0.001021104370449418,0.03494887040707677,0.0002890388853779575,0.0007652092888962585,0.0013253986286041498,0.004765389696183564,0.012154169959093688,0.003353099367487584,0.001934523121226978,0.014376101746360906,0.0004370621153924788,0.000266744293049955,0.005207223169577341,0.0002822149142369686,0.0007064353917678926,0.010788521495343779,0.0006685823524476521,0.0003566262156563075,0.00238864468346437,0.00026470059628522983,0.00651708892166257,0.016161883927908155,0.0014621903589985977,0.0009398173933030411,0.03674908713956999,0.08160357943040032,0.00046840204940442454,0.00271910964093181,0.058402424493751416,0.0004780963140794263,0.00019789234277813397,0.008443495706569786,0.00030695162212423827,0.0005294951796987568,0.0004764813492399219,0.0003781712147196937,0.001177264929043311,0.07831330348642332,0.03136724469338169,0.009097207513337736,0.00017915733273439637,0.0011663240259747033,0.0006850158245572807,0.0009282475375573079,0.0006499158062628928,0.002009103239460798,0.0004553158939751129,0.001807127407742685,0.0003217574838842258,0.0005295803068440249,0.005844405291002857,0.0028932182753485442,0.008306994379815691,0.005655958193187625,0.0008928480851438691,0.0008052212825147414,0.0028062807759668823,0.017476096914394723,0.0029646645250769733,0.0003066288961651641,0.0008979024277151862,0.0782355415638792,0.006575091584240944,0.031138796018250266,0.001649202890739706,0.0019723978291579175,0.11200209351408803,0.00020950073968309567,0.0003276705545979694
2023-06-12,0.0011105954442470673,0.04460024826940872,0.0003509551574485271,0.0012771320396362772,0.00025177545807418734,0.004699700352687873,0.0003264658224078465,0.0016579475230953677,0.019152285692394463,0.0005853786567864299,0.0034064490096316668,0.0004835771025068274,0.0010591315625638389,0.0003660286747568818,0.0036768199368275843,0.013060601226027483,0.00027699125493547755,0.0005647095104078389,0.000442963236456584,0.0010854187283624442,0.0003839873987023936,0.0003530865328743919,0.0003069930662039329,0.0029311814642028573,0.0005149056811406719,0.00031954642563198363,0.0003893657254546722,0.00019377919398418187,0.01770247904267611,0.000972811310073661,0.00023422804807040755,0.0009698618175713249,0.03366760204698292,0.00028488457856505714,0.0007613024396378741,0.0013147218565721004,0.004694469891975169,0.011795585115346037,0.0031454693441118424,0.001918884702787512,0.013864491175675914,0.00041975006766455905,0.0002209339102647467,0.005127610332176514,0.0002826964898487732,0.0006798604410604886,0.01033611951434034,0.0006658601108566673,0.00030097726940610557,0.0022706058563557005,0.00023813613121724517,0.006104347966586568,0.015886224073742183,0.0015201299170222833,0.0009716666789118008,0.036060500625538755,0.07934626279503398,0.00044504699195831545,0.0026134991044697155,0.056565430768105454,0.0004737087753501766,0.00018254002403138997,0.00845439666197038,0.0003041535712192854,0.0005091477706052962,0.0004661789454765563,0.00032224955474105223,0.0010871944408251942,0.07606068438493711,0.030534081661816717,0.009050340780333037,0.00017944232253766678,0.001130947563628314,0.0006426627900198384,0.0008834881304288473,0.0005457530720242121,0.0020060696250717397,0.0004462151559765707,0.0018138662280181824,0.00029082474571192436,0.0004905087530583543,0.005787617357308699,0.0028249938468394727,0.008147952804735329,0.005596025428612067,0.0007961976758895701,0.0008209358203718903,0.0026210955047629085,0.016989016321832407,0.00278700595295446,0.0002834391190687826,0.000847904455770623,0.0767193535719599,0.006162808600569769,0.03050296312485996,0.0015917651996656282,0.0019001285570005649,0.11040352104648807,0.0001934906993240204,0.0003422699711911766
2023-06-19,0.001227008783054038,0.044101090785724995,0.00035180447802668686,0.0012933498207581176,0.00026465208828432076,0.004495905676963212,0.0003114476641398058,0.0016568428940618705,0.018889410618905155,0.0005823399632141339,0.003268588775928724,0.0004481426371784862,0.0010950499228917204,0.00034929416234235104,0.003688400018377003,0.013025436972289313,0.000267906454965003,0.0005405232715395583,0.0004541476160492239,0.0010569445810390459,0.00039407626879859914,0.00034229622642153914,0.0002933348650281278,0.0028915825716005743,0.0005503523695871911,0.00029345009944757664,0.0003962745500591027,0.00020814706568993808,0.01779074339473135,0.0008789505163484395,0.00023000798345798056,0.0009679833585519786,0.03343954554509444,0.0002687199499475562,0.0007323805423931419,0.0013165267930418862,0.004676037851252287,0.011571727459881085,0.0030217399345069777,0.0018793062567110691,0.014399397799833456,0.0004248035761401547,0.00019162318909822854,0.005134208946987064,0.00028430001323697377,0.0006840832661996912,0.010377615254962884,0.0006749899423803349,0.0002800875446866442,0.0022213190993727403,0.00022581984403366014,0.005919585305272066,0.015920122949287584,0.001619606736387417,0.0009845960289626779,0.035002787565968745,0.07724121848997773,0.0004389852254141164,0.0025207508264486313,0.05713683201957654,0.0005048361364839584,0.000160760345871825,0.008681863825597188,0.00033084810898785825,0.0005214539284898849,0.00042083484106143434,0.0002943678974495059,0.0011072797387309224,0.07562172573445829,0.031808523617905815,0.00931766956174362,0.0001777326944206144,0.00108897132606734,0.0005805128354111076,0.0008190279169341437,0.0005069414661727009,0.002016192046704692,0.0004390363557756674,0.0019192449337616802,0.00029323110727525153,0.00048459588790514003,0.006052060262845912,0.002682690198577284,0.007839668108666079,0.005555870964073127,0.0007265756621014606,0.0008513934114423471,0.0025591301770703304,0.01778532461254765,0.002693218945902948,0.0002691484043167975,0.000868741545150011,0.07753029318298253,0.005972710153797991,0.02951379895554734,0.0015843081802475341,0.001915464896914926,0.11156126034612138,0.0001763231958540727,0.0003639394537871518
2023-06-26,0.0013598358259501555,0.04382261298487765,0.00035575872360398545,0.0013336030015583143,0.0002748640863572731,0.004370858838958834,0.0003237466893553934,0.0017074162424034725,0.018828438718716117,0.0005952454746894662,0.0032005685787205875,0.0004561163293628406,0.0010999909786233023,0.00037468726917299256,0.0037071047772760366,0.013186833581119045,0.00025351221883214913,0.0005574226086464502,0.00043471689131803807,0.0010381300589777898,0.0004040640762481506,0.0003717444561962456,0.0003079132076805629,0.0029908868545453554,0.0005856933032774594,0.00028160452268946156,0.00042630567273529735,0.0002352772331143257,0.018005699630703354,0.0008380500511589637,0.00024400301471459113,0.0009940821634947705,0.034075624820714086,0.00025348140176087376,0.0007017423759306867,0.0013229011870252443,0.004555937297427492,0.01155798638696727,0.002979051172421116,0.0018075538149760245,0.015268586756492668,0.0004445674127481149,0.00020157184636809922,0.005152592659102209,0.0002870479346006033,0.0006642231406217292,0.01077436276577303,0.0006928843460318074,0.0002936002439926946,0.0022986157273569697,0.0002337567721553899,0.005884300776521973,0.016100627426575555,0.001663528992328623,0.0009837797218932853,0.034165910829431795,0.07609069555654274,0.00044664977928569194,0.002515984909339885,0.05916400112950736,0.0005456154702881983,0.0001498568028273627,0.008871998869182824,0.0003534267979638941,0.0005468217811110259,0.0003808267362872227,0.00028699607771639774,0.0012089631242429206,0.07691657001048012,0.033597470860952806,0.009517938292013006,0.0001752823038034586,0.0010629563010934194,0.0005436458578467986,0.0007742815149705015,0.0005103209030888051,0.0020044116300601284,0.0004281142189854321,0.0020006153658001556,0.0003068501071780374,0.0004957392511274833,0.006263419697545442,0.002580691597388944,0.007602978548755455,0.005481655818532838,0.0007162487649272916,0.000888916070941751,0.0025844744404570756,0.018889987094167938,0.0026842181389234413,0.00026996921445073403,0.0009439854611756767,0.07916419815087503,0.0059246328656122685,0.02876553206222109,0.0016344433273945591,0.0019847112973371637,0.11378706405963578,0.00017009983515912957,0.0003700371542505411
2023-07-03,0.001367949765167256,0.043067658544801546,0.00034951069888899527,0.0013154177875663686,0.0002683788202830743,0.004338039075358139,0.00034125847085936993,0.0017042899883176492,0.01871603020066776,0.0005886352124868844,0.003186966742182155,0.0004924577722087736,0.001074557999518037,0.0004016070542156568,0.003631929727057204,0.01323314344297754,0.0002391689424163178,0.0005958694558149778,0.00039376771779129775,0.0010113723949805294,0.0003905139462986746,0.0003929089581563118,0.00034084502260418837,0.003101252969747536,0.0005867458943776213,0.0002856820744233231,0.0004530677400751105,0.00024716585190054656,0.017930224690340838,0.0008238966139937147,0.00026170417578363485,0.0009953220308796253,0.034183288581639354,0.00024833855257054826,0.0006874559013612349,0.0013114703454299177,0.004302527674679728,0.011540443411343549,0.0029191692597789784,0.0017176460863694784,0.015407341993267994,0.0004522629558467733,0.0002269682431816489,0.005049865792105016,0.000288436373354773,0.000602987129443791,0.010891346886194047,0.0007077788261341179,0.00030011201168815864,0.0024021498374685395,0.00024476504141992546,0.005762199556565045,0.016047821523831184,0.001587378642897618,0.0009605324095787361,0.033652231237880664,0.07505378170613183,0.00044957015666034425,0.002563985093499842,0.059436760059684325,0.0005448224196084387,0.0001583511610055456,0.00870378270534957,0.0003447199167708112,0.0005523375570436889,0.00037924849621432934,0.00028122205130425834,0.0012617753782643104,0.07725486724079944,0.03376605582037688,0.009311686185715621,0.00017434795425929391,0.0010510070973952202,0.0005452381662184853,0.0007733007012766524,0.0004996597763674151,0.0019424917668290232,0.00040892732903368486,0.00193121633551254,0.00030571362445670834,0.0004774455534869754,0.006110927864735017,0.002565446689404565,0.00756384682807001,0.005334435091861506,0.0007284078499782359,0.0008856976873010807,0.002573424508150331,0.018994004489908508,0.0026687461194217455,0.00027783355307585633,0.0009873292828449219,0.07880887312590107,0.00578988044313118,0.028393208193207058,0.0016679012877159338,0.001978385946652276,0.11346710743653439,0.0001785017214721706,0.00035087228209501186
2023-07-10,0.0012321601495471556,0.04173085960843152,0.0003386562562379863,0.0012160845675868285,0.00025762750723281794,0.004332420389489054,0.0003385861612259431,0.001591554218727671,0.018430593633798006,0.0005481418000681167,0.0031646130151405092,0.0005123836346660187,0.0010602076867825578,0.00040708915424387247,0.0035342609428178893,0.012987463478494915,0.00023966652182760292,0.0006042590240542747,0.0003625241416888916,0.0009714784907207558,0.00035489382388595014,0.00039761452100865816,0.00036903611094783197,0.003065282237575286,0.0005575947884371278,0.00029335203808567094,0.0004494736949111408,0.00022920228672932132,0.017488196675960476,0.0008178268721672064,0.0002666597096434722,0.000956463546553584,0.032903699699861275,0.0002516505970522256,0.000684957649602631,0.0012770961226539104,0.004106269037880052,0.011306200245229818,0.002804679687834726,0.001648160873952016,0.014622027384918817,0.00043067981427923253,0.0002286311097905971,0.004829541695543546,0.00028758754161085855,0.0005499116488341844,0.010362297024616562,0.0007137676640440737,0.0002722442926252788,0.002387152688467187,0.0002402542625084444,0.005484592487917201,0.015663143808228107,0.0014352606836498863,0.000908330385251711,0.03330444404625281,0.07334149001457546,0.00043870771021683623,0.002566343962898649,0.056475713140855185,0.00048180658080957203,0.0001788333661815505,0.008204323260070139,0.00031281316173451863,0.0005292853658814248,0.00040874372441576987,0.00026920938259402766,0.0011789534126788112,0.07487976788607606,0.03215127731563885,0.00882178493999903,0.00017512580810157208,0.0010442294357062613,0.0005598160764817299,0.0008038780842815162,0.00045703153301220165,0.0018512414587858893,0.00039300830441592284,0.0017306466618365682,0.00029098686644094375,0.0004145802723575362,0.005745898436330241,0.0025905816826430365,0.007696423669811689,0.005167531426913355,0.0007262106494736799,0.000811745263686073,0.0024703262739431083,0.017968010472645124,0.002594240016684607,0.00028020292623425375,0.0009347574929514726,0.07586550115428932,0.005509624850806071,0.02821151381174029,0.001624416580445306,0.0018345403022000388,0.10963640616342173,0.00019232918512591892,0.00031544193807790476
2023-07-17,0.0010809731586348642,0.04078494969951391,0.0003388897105626894,0.001111961085669555,0.00026270816506316464,0.004316539442945888,0.00031616490283372956,0.0014453063538934087,0.018162201347564137,0.0005078482326587493,0.0031159146274185676,0.0004927705259780118,0.0010914917596491149,0.00041280907125862914,0.003589529030190752,0.012683175066413905,0.0002599330812402593,0.0005621517794682854,0.0003634558332368184,0.0009461761440443257,0.0003292275152352059,0.0004195775315832072,0.00037337208294556135,0.002899847794647762,0.0005321629061061622,0.00029109268359045574,0.0004189435181792794,0.00019822875066909565,0.017141883609151757,0.0008386856230558975,0.0002562467144680621,0.0009184364958589492,0.03117231829020307,0.00025642413437938885,0.0006836227015204904,0.0012501383818605,0.004199752053225104,0.010958969213498908,0.0027213565903980415,0.0016328501308655143,0.01382150616935848,0.0003928409689037026,0.00019881565679434867,0.004677288394391234,0.000288115179919407,0.0005651142180510292,0.009628106274169579,0.0007151735461271142,0.00023113639384369266,0.002255008612030889,0.00022173086452723667,0.005256637435133306,0.015335821395206343,0.0013375584021085316,0.0008521168151447155,0.03322772559270177,0.0720127717942751,0.0004256065282803427,0.0024930051563144162,0.05276351399893743,0.00039799389286179933,0.0001956481927474294,0.007835305581703979,0.00028933873083866285,0.0005031885455292907,0.00043321818167169686,0.0002656498966062553,0.0010219124500998706,0.07159575467731125,0.03074996868671232,0.008516588453165386,0.00017594106599319072,0.001041213613870002,0.0005592116819818487,0.000837536612930664,0.00043102455125677684,0.0018138755668073029,0.000400239392014219,0.0015580747712073434,0.00028608066867217034,0.00034948386968585836,0.005619691730097194,0.0025992780830062377,0.007912085555871735,0.0050951941090325945,0.0007287483285486048,0.0007153439129502074,0.0023615162515953705,0.01702371078864052,0.002522883233296238,0.0002757771222797761,0.0008193936826121144,0.0730774837582668,0.005292155771818806,0.02820835264209923,0.0015366507136182028,0.0016531787168908058,0.1058577123440991,0.000196891207986417,0.00028588004353881965
2023-07-24,0.001058578897085237,0.0413425794760289,0.0003522791086486337,0.0010970477321514199,0.00028189889168237935,0.004332351588215168,0.00029876837466693494,0.0013959768096274074,0.01819348535315551,0.0005150355568181497,0.0030897911822834597,0.00045882427882617063,0.0011495520090543283,0.0004506309228545675,0.0038409290155683442,0.012743272209796002,0.00028519150160799604,0.0005104477655442413,0.0003883423517193697,0.0009687618223431643,0.00034749944402891273,0.0004770742185676393,0.00035103058469305277,0.0028249737774109,0.0005316750335492943,0.00027701622340613196,0.000398736327610765,0.0001843643888439251,0.017421534390546476,0.0009315999861993066,0.00024248762450862786,0.0009295329745827647,0.030881104432290446,0.0002584133502779502,0.0006876321127281277,0.0012731147974539918,0.004594709379218201,0.010875016929498318,0.0027780350169246872,0.0016708904859271863,0.01400373421759295,0.00036938534714090886,0.00016857531620542522,0.00478059363120097,0.0002950231492556557,0.0006439026285047157,0.009537115918230294,0.0007168845991583136,0.00022118083613357695,0.002191806511028748,0.0002076446867294269,0.005331674214589125,0.015546648210091349,0.0013924154424319291,0.0008412728899297262,0.033800181977712035,0.07317198599044283,0.00042612502834585275,0.002433717163303248,0.05229051719687753,0.00036207887906193457,0.00019831545639234448,0.008077296747224712,0.0002929266369334565,0.000503371872138279,0.00042757385622290377,0.000294828405906671,0.0009405051129701027,0.07102277125834994,0.03141221681878812,0.008713662611924683,0.0001760671919316991,0.0010438552641825576,0.0005454233023060207,0.0008670991351880148,0.000487985349867023,0.0019250063485886095,0.0004344755696010423,0.001551318886780385,0.0003045032791161158,0.0003411078049009676,0.005956971690126888,0.0025989026058770817,0.008156410860703725,0.005190684188015689,0.0007806568663628442,0.0007017327988211056,0.002387801072046069,0.017351688102994117,0.002568480632826732,0.00027683169154031325,0.000742091453488024,0.07373609363686051,0.005385616447291785,0.028653059253957315,0.001495288767266047,0.0015971029046362875,0.10682058389168361,0.000186381561348832,0.0002852251340568682
2023-07-31,0.0011803522035155872,0.043369130340676805,0.0003625410322298619,0.0011765287710991733,0.00029178244150220283,0.0044366849222574785,0.0003062657472193101,0.0014804796886652937,0.018571834942254034,0.000573668931477162,0.003136728256614379,0.0004551637566182771,0.0011784275870671392,0.0005134419922178243,0.004106118402628435,0.013295439689804142,0.00029481348209969594,0.0005123544980126189,0.00040956469936170425,0.0010369587820572576,0.00041152036330954804,0.0005364426034266895,0.00031760283008412345,0.0030507166330712475,0.0005430280091894191,0.00026253869696800375,0.0004258528346008495,0.00019737915208563892,0.018305026879556485,0.0011212511905818903,0.00023921743733132554,0.000993489546996967,0.032803331582224586,0.00025742865674227,0.0007082010186671706,0.0013540684917253806,0.005051644367929535,0.011318756557066916,0.0029816942866066876,0.0017334180104107114,0.015193000502775103,0.00037622430336360554,0.00016929034034432344,0.005123442829078265,0.00030849057734123235,0.0007163296408301868,0.010408337800134206,0.0007177547314294745,0.0002583093556724019,0.0023813579664592114,0.00021158353556575944,0.00574186415977294,0.01631059368025233,0.0015653379545024254,0.0009007036228012346,0.035114220471295365,0.07726016025111727,0.0004373826450598575,0.002502073529074545,0.05615194286829953,0.00040052282014739027,0.00018826101699320776,0.008930875120110624,0.0003113241407503181,0.0005287589551897272,0.0004010977812521005,0.0003655130307898658,0.001012970931617646,0.07447074922770286,0.03382683581808713,0.009287030800292233,0.0001768021321461119,0.0010515329533624883,0.0005420407588599323,0.0009121914324742502,0.000638432764728635,0.0022025207623967806,0.0004728605217525479,0.0016921653953075007,0.00033211245610376215,0.000404376724635593,0.006508727294373154,0.0026382086834460822,0.008422459717071992,0.005429130372474485,0.0008788579686407585,0.0008353169628695901,0.002598849344114374,0.018848714749163865,0.002772567629611251,0.0002939545334085953,0.0007684526242787984,0.07815325253929703,0.0058145527421447395,0.029664167275499156,0.0015472006833233797,0.0017112044005154323,0.11342068596268101,0.000171277548441855,0.000321963516283562
2023-08-07,0.0013274861674974399,0.04562787861792921,0.00035738566589045887,0.0012640236418395778,0.0002785326039030261,0.004607757530393592,0.00033255391445235913,0.0016029944071458949,0.019069398213773448,0.0006376419730270055,0.003247250093829738,0.0004955478726546545,0.0011538095481753894,0.0005557851983059177,0.00417561865454345,0.014000236714396012,0.00028527359090327445,0.0005878561774252906,0.00041053275279162875,0.0011116735780787267,0.0004859475562506127,0.0005474205495054859,0.0002984904170877446,0.0035380152786887763,0.0005437288979987025,0.00026226052324550373,0.0004971842815461254,0.0002173967737170345,0.01920182089772021,0.001375112403824307,0.0002499488573231406,0.0010746775591924254,0.03568896183946206,0.0002546225962848605,0.0007393579060153032,0.0014469704264233909,0.0053259601951472675,0.012132620701687899,0.0032385217473681165,0.0017985091859165734,0.016516608500732825,0.0004001670241395884,0.0001960426098785837,0.005494094402341442,0.00032229568520941016,0.0007267407362460915,0.011650075277846351,0.0007180775730872787,0.00031337451625344803,0.002788829519742077,0.00022867830712055998,0.00629216562441909,0.017133508494611434,0.0017190613061111918,0.000995213989418317,0.03662503509459183,0.08193260038937741,0.0004385586071572755,0.002704008260584466,0.06140501280251867,0.0004691062753161903,0.0001751313329405137,0.009891396574089781,0.0003209026687978739,0.0005520426309725481,0.00038322243909225606,0.00045893666775309973,0.0011649011706352244,0.07947195752175976,0.03609879058983003,0.009871073139527982,0.00017898702215312856,0.0010689141223265027,0.0005599932123518138,0.0009837395061078195,0.0008192938961123594,0.002546059113259843,0.00048539418105762006,0.0018433339569098764,0.00034540860313822964,0.0004969004361556702,0.006870860886727213,0.0027297920793871912,0.008714578766399755,0.005723987616759784,0.0009582712467512857,0.0010679829003963346,0.002905730334019089,0.020365688157717735,0.003056024771331424,0.00032121873340278285,0.0008663223400004253,0.08348448841171999,0.006379716023112054,0.030857160953740775,0.0016529836715735427,0.0018753527962346577,0.12197943110508332,0.00016949585537212155,0.00037912212129467815
2023-08-14,0.0013727994914827563,0.04695478001968168,0.000348557767135981,0.0012841865563067417,0.00026003381758914467,0.004744794951050073,0.0003569011874719978,0.0016496043888580966,0.019446619412608196,0.000663662924911564,0.003363458944828006,0.0005490124595930613,0.0011232315557503322,0.0005448063992535409,0.004072355961268625,0.014406225444531797,0.00027470365100505396,0.000692738521650983,0.00040025769233800404,0.0011574117279193365,0.0005284836949822993,0.0005059058252421078,0.00031199381393196343,0.0040078306035568395,0.0005370365120294046,0.00028100298863582233,0.0005663777652356672,0.00022036346969459846,0.01958881413519573,0.0016160946278322105,0.00026756094215709834,0.0011436309307562998,0.037602372001005475,0.0002531628901436424,0.0007570259857937955,0.0014865734099653296,0.00540054827333388,0.01284194560450366,0.003456094296552537,0.0018684008614180214,0.017210574777760657,0.0004184916312697143,0.00021571160694813685,0.0056934782730186624,0.00032961235067755456,0.0006989560972636927,0.012401424124402498,0.0007281712826308119,0.0003461568290579264,0.003169129025515585,0.00024463218919453786,0.006775515061460005,0.017548110958191206,0.0017519710187112415,0.0010567233277091314,0.03756250630230029,0.0843298357143735,0.00041722052224822654,0.002923641538348793,0.06449689107995338,0.0004996995144899608,0.00016842954057761663,0.010436103964578768,0.00031650819622919605,0.0005568270282699618,0.00039241501343802713,0.0005414051180033492,0.0012545592110809794,0.08273623801687806,0.03699582539472182,0.010249645944461084,0.00018051159462070064,0.0011123418546830014,0.0005838776672234475,0.001055524483690929,0.0009510455324067347,0.0027980743584227266,0.000464984318590542,0.001901072344966259,0.0003412256175154335,0.0005625836272088592,0.006945613530712688,0.002824807039272502,0.009025354720488526,0.005993266807192014,0.0009628017825930573,0.0012780323427586452,0.003164970929012735,0.021040598339118168,0.0032845424081604374,0.00034074463109357153,0.00094890397898365,0.08693130726073718,0.0068735430671211925,0.03161133351355351,0.0017478981673769317,0.0019447096523116613,0.12830004776659443,0.00018847039437279344,0.00042027486082233187
2023-08-21,0.0012941786737534818,0.047336460999645356,0.0003609618552207906,0.0012531762424550228,0.0002680794154862701,0.004763717103701126,0.00037062267271526856,0.001612995851258928,0.019668951260955716,0.0006585148331291762,0.003433685131135772,0.000575105071388422,0.0011595884343833008,0.0004978688606461542,0.004034876519663722,0.014411853779028181,0.0002822145826373698,0.0007611131473564088,0.0003979342462416873,0.0011721250267063337,0.0005267651432534583,0.0004618275237334155,0.00035303947874700534,0.004206546715962581,0.0005481091999827149,0.00030851423720292724,0.0005840587716233912,0.00020664918066596002,0.019546231949514457,0.0017758484758399866,0.0002831921459202602,0.0011987711941844955,0.03791938714691502,0.00026064188375036216,0.0007493134145622712,0.0014477422618637585,0.005435792778149888,0.01306199955975214,0.003602397562084163,0.0019447718687629729,0.017296535857691614,0.00042668462857843776,0.00020744065379508202,0.005702497754731178,0.00032951865992664686,0.0007062914029853133,0.012443308079883255,0.0007597087550431116,0.0003457230268514972,0.0033062421854888526,0.0002536523560188837,0.007117845317967565,0.017585181140153602,0.0016994814901363658,0.0010511370824001988,0.03765921251735841,0.08421699558443942,0.0003895269129862469,0.0030371876132850727,0.06504145074336386,0.0004721416384617287,0.00017164200259676211,0.010484719726758945,0.0003141762656033856,0.0005602020144973495,0.00042186310983541954,0.0005882687780161835,0.0012219530484389673,0.08378927652804183,0.0370301744002511,0.010454961205919894,0.00017797433113819888,0.0011923340539115928,0.0005945333559453217,0.0010855007072688608,0.0010072568912876127,0.002862655744184094,0.0004341658702252904,0.0018829060985211888,0.0003395591666970787,0.0005794511096226776,0.006966378175854406,0.0028684792131637832,0.009322318418127385,0.006178477281713371,0.0009147170604472776,0.0013823145619347647,0.0032882962700085516,0.021054615452727552,0.003365329396929383,0.0003420932362441107,0.0009671696177899987,0.08836507283163636,0.007222023542045879,0.03166719223661153,0.001817525829347973,0.001904400643648255,0.131541758919296,0.00021647058828871372,0.00041535371751551476
2023-08-28,0.0011674924079196148,0.04755037244304758,0.00040145638955671703,0.0012400763906950847,0.0003098975085935171,0.004674404613153721,0.00038376333591979536,0.0015760150833480611,0.019826091803156178,0.0006623542525459468,0.0034378433543709283,0.0005637709955362362,0.0012712653748436504,0.0004599266952016328,0.004217741547758279,0.014293769762348097,0.0003058560755305856,0.0007619346347560279,0.0004092483705885064,0.001170610146447929,0.0005065476669268209,0.0004594343711105517,0.0003920654477373714,0.004138731918425866,0.0005856654313192697,0.0003262643010368921,0.0005421638325763833,0.00019809147657469815,0.019555078810921573,0.0018400086509740383,0.0002932326304317939,0.0012407961691666856,0.03765479948377583,0.00028447038010755984,0.0007374732257400597,0.0013699008412072114,0.005521321321664253,0.012785083084658927,0.0036640700001556946,0.001997262053565679,0.017213735249633703,0.00043921530838562624,0.0001857288667423439,0.00563453567011838,0.00032611118338676733,0.0007795481433855562,0.012305585411960663,0.0008059955740985833,0.00033134177593984804,0.003217513298365165,0.00026271947486171507,0.007311686103212469,0.017620190120154026,0.0016863334294665148,0.0010104047767244113,0.037298770290727534,0.08405228288552095,0.00038701936548347297,0.0030194638068948092,0.06541922388382419,0.00043140031027864574,0.00018132588984188461,0.010345533811284153,0.00032553532354364295,0.0005902887484400784,0.0004511085074124667,0.0005970901739440487,0.0011339541851782035,0.08478754043893537,0.037226966530087335,0.010536410620076027,0.0001712120808760286,0.0012843695280566256,0.0005945432377704661,0.001063880598167241,0.0010242792880422683,0.00277035928064061,0.0004208563963606752,0.0018649347177034509,0.0003565287870587826,0.0005634794603532521,0.007093718408216275,0.002857400704271752,0.009521513152986034,0.006228447137544147,0.00089093257605582,0.0014000380753617506,0.003273121400912119,0.021015877739128955,0.003285571965362992,0.00033276805066620484,0.0009455159579508656,0.08938900223793675,0.0074169210810645205,0.03130749899781218,0.0018890511342203884,0.001854470361895622,0.1334807976903503,0.00023334580523723007,0.0003677585408442398
2023-09-04,0.001075651030437077,0.0479556919534771,0.0004456880411501147,0.001263969794681652,0.00035580363012618546,0.004555110313003786,0.0004044390754914211,0.0015849027365834553,0.019909241033303448,0.0006908426554636678,0.003371118013649351,0.000535156551438484,0.0013743297501226334,0.00044980713662048477,0.004472444193935594,0.014301982431530861,0.0003260654057592763,0.0007129798155802737,0.0004232941225733478,0.001150307230635429,0.0005034337418197305,0.00048509257732173855,0.000395980444172757,0.004010336409969589,0.0006227849860898076,0.00032179033077972617,0.0004779344303824036,0.00020836250933298483,0.019826863886426394,0.001846851976748736,0.0002980116963778107,0.0012458298798602775,0.03787300675226734,0.0003202460828893177,0.0007527948961274908,0.0013206235369979333,0.005556752017977173,0.012293896050892799,0.0036020629107047846,0.00197861498876814,0.017049324483879507,0.00046385141088963676,0.0001803600983100631,0.005567287824737194,0.0003215071689394058,0.000863494988563182,0.012491594305218503,0.0008390011766312612,0.0003208729771095772,0.0030936126517995778,0.0002789250739362632,0.007307577949277216,0.01781818259014906,0.0017822077145607132,0.0009928412212322376,0.03692512100353874,0.08570994127446067,0.0004218935450076949,0.0029317446684542087,0.06699731341574594,0.0004320526953890226,0.00018979744917704906,0.01027408790578348,0.0003390559502172954,0.0006452930996113719,0.00046524037704523944,0.0005821262359632907,0.0010875584382932335,0.08697053333157828,0.037437836030976245,0.010393191673994096,0.00016493273620210317,0.0013299998658423918,0.0006012513195359282,0.0010254859675186592,0.0010488001421713182,0.002627738662107133,0.00043073764983060935,0.0018695611073417458,0.000382738879042144,0.000537380162255552,0.007154148547948315,0.002825873972169994,0.009491595814632006,0.006116411556360341,0.0009288476764565722,0.0014034315160806068,0.003160941210927939,0.02094775280219044,0.0030908863440480498,0.000326501626694633,0.0009307975351027842,0.09045326564633473,0.007408994224788196,0.03091509824600298,0.001960116785300082,0.0018574713278211971,0.13475072173225464,0.00023028621509484762,0.00031524735259674396
2023-09-11,0.0010468701742636268,0.04806347221047158,0.00046153970007000204,0.0012628743999234901,0.0003697053457130168,0.004469447072791889,0.0004210136531250824,0.0015828703404806726,0.01977571181919852,0.0007112651092462832,0.003238140503026862,0.000507466440230174,0.0013715931693957192,0.0004433092684972781,0.004501017832982838,0.01434733145225766,0.00033127520081530136,0.0006502149887290447,0.00043084986133679146,0.0010930662924238598,0.0005264170768829174,0.0004894813601569621,0.0003573013306344064,0.003965064637251703,0.0006278681376622347,0.00029976750124699085,0.0004355222156858018,0.0002245062466445779,0.020016013590554663,0.0018480049322156884,0.00029644242269573996,0.001186283583814641,0.03827823216475401,0.00034735400120025807,0.0007938347703214134,0.0013344073034477239,0.005413480263176539,0.011861382846063718,0.0034022134475260395,0.0018836535659741713,0.01644544871887805,0.0004854566792048645,0.00020035059750602365,0.005477281346134526,0.00031255012638063397,0.0008774460915324904,0.012830044838366077,0.0008355198085040959,0.0003111786706071247,0.00305893301496092,0.0002979497454880293,0.0070707827933025125,0.017899279526974395,0.0019239360205046752,0.0010188959644540651,0.03652164388712094,0.08793810311230514,0.00047018628599662947,0.0028306805361101375,0.068040621358071,0.00047531727920658906,0.00018965690394136955,0.010205074925185768,0.0003339039339947074,0.0006867895876833737,0.0004628471883719336,0.0005609642336989773,0.001097187225835178,0.08858105061846845,0.03652945458122789,0.009934475656358679,0.00016454511626331694,0.0012846673929329184,0.0006181665245523537,0.001007695199686869,0.0010878358040641181,0.0025105140077480064,0.0004463101358101635,0.0018509991685573997,0.0003950004946160917,0.0005091920083152181,0.006894069077177245,0.0027916705942391947,0.00915219401625401,0.005897193421406283,0.0009758221504827658,0.0014226017782338265,0.0030007027501422878,0.02027540448701883,0.0028583265596633795,0.000324267499401403,0.0009289030604170606,0.09001076211347099,0.0071665802395135215,0.030525593106245308,0.001975316965552497,0.00185199281803766,0.13341880486737923,0.0002176622858545426,0.00029816325514900994
2023-09-18,0.0010696545382801379,0.0474314465320114,0.00044395336098186796,0.0011785652059435679,0.0003481573058610971,0.004429900739260184,0.000414507513468769,0.001494249276933927,0.019356135253067924,0.0006842137041718426,0.0030820889781259533,0.00047829167439499774,0.0012596566441583244,0.00041324549317170423,0.004220160552246072,0.014165323145783964,0.0003345394589565373,0.0005962367601624612,0.00043818029342123076,0.0010047922239246672,0.0005504154730847011,0.0004556650125509494,0.0003041110239902121,0.003940347789214176,0.0006090113854901417,0.000279962477587914,0.00042677075611588505,0.00022298912031590295,0.019682000529221855,0.00187197426463006,0.0002848934722991833,0.001079151012293203,0.03778455554416471,0.0003433291703989019,0.0008223008364833287,0.0013867650425457517,0.005157768026697286,0.01157167227914084,0.0031598956150236954,0.001782769627183025,0.015275789704590802,0.0004837057431806121,0.00022582266199640573,0.005340981852801021,0.00029675762966362314,0.0008116616768850355,0.012784473659778426,0.00080662844244085,0.0002930769514564366,0.0030498565333615824,0.00030865264969058646,0.00673405966568591,0.017529504245122757,0.0019928710799598025,0.0010573833007298074,0.03586133904044593,0.0879981282072298,0.000493830134034899,0.002721206470696525,0.06617846549982855,0.0005113135723469926,0.00017852000641813162,0.009955579786969083,0.0003093940011875504,0.0006805360436810588,0.00045257988874307993,0.0005467036440291458,0.0010971224936666293,0.08719928459182238,0.03418769564033155,0.009335257828853123,0.00017047719407215327,0.0011688915224893706,0.0006265908998875667,0.0010082965421649454,0.0011145058806514884,0.0024149200942578408,0.0004506707974211769,0.001785126908386766,0.00038659571336453687,0.00048139917739562817,0.006412719322921942,0.0027446859107424022,0.008612108693366165,0.0057183321178493705,0.0009483547063576065,0.0014209083154930165,0.002849032078706926,0.018799896030699547,0.002684252175761496,0.00031326545260718195,0.0009087373164595317,0.08688015571492247,0.006827526207931045,0.029981203656068885,0.0018950729137576679,0.0017462022813006129,0.12797208759015669,0.00021253830784066476,0.00032269297138817386
2023-09-25,0.001129414432070241,0.046615236864239275,0.000421642271729989,0.001050396654353968,0.0003238195860027422,0.0044312286152353615,0.00038753512470305316,0.0013502557309702393,0.018812019521151392,0.0006177856212719409,0.0029958246120131106,0.0004411744309681067,0.0011423583613768306,0.0003729200238390571,0.0038913682994700187,0.013722064810600945,0.00035911773053867474,0.0005583664169986028,0.0004582229168165401,0.0009349127924780451,0.0005459822414742901,0.00042413762894055593,0.0002772874453786212,0.003812945409830986,0.0006111544174303791,0.000281649557349517,0.00043001516603643147,0.00020000402521924552,0.018914730404356424,0.0019174262085135617,0.00026221038875147933,0.0009933908613819575,0.036296358519745,0.00030656813403044013,0.0008114884892968886,0.0014249838202135476,0.005023995649500314,0.011378601255115403,0.003050151578375792,0.0017730384375042644,0.01410802558668545,0.00046344675190811293,0.00023463430382339177,0.005236965277543786,0.00028014790513911846,0.000746196552218359,0.012311071649236935,0.0007930035250951491,0.000275020257494219,0.0029532039233289746,0.00030700061776791216,0.006583012694016889,0.0168298429236389,0.001956937850624534,0.0010736866509597621,0.03514192872490931,0.0856897002567588,0.00047825339114163264,0.002597386834358088,0.0623002224690302,0.0005019301340685427,0.00016120156165090176,0.009585289119682826,0.00029143660556748673,0.0006391713145899037,0.0004478465220901723,0.0005469293528731975,0.0010418298716111992,0.08358392458738827,0.03184139399315541,0.008975733494166518,0.00017771742390187446,0.0010616704620049992,0.0006116681671190931,0.0010004057556448106,0.0011125756046415952,0.002307832542535855,0.0004465947367047672,0.0017301947498546523,0.00037768015434083203,0.00046639675156691574,0.006154910588007804,0.0026918930836345176,0.008170559305485495,0.005719513350225468,0.0008346935815261693,0.0013642143534650037,0.0027653134051155485,0.01728877805849034,0.0026549838613723472,0.00028675398700407406,0.0008606617098918047,0.08262189644777304,0.006681659914943494,0.029428797061485025,0.0017678151369087938,0.0015692991845264806,0.12068771529382688,0.00021995412598858712,0.00035587208885910613
2023-10-02,0.0012050653275588027,0.046733006141085026,0.0004283487435060948,0.0009921112048522135,0.0003310651111438722,0.004477166018013127,0.00036996498295502583,0.0012838775041219507,0.018396893730042888,0.0005635055050593157,0.003058784491076673,0.0004088739892401639,0.0011265531114235529,0.0003641191876635918,0.0038331010078863966,0.013317331945017717,0.00040778773836110924,0.0005421442721190963,0.0004911850506146344,0.000934685662435606,0.0005149033898315151,0.00043985718293937734,0.0002937764646029831,0.0036316260659502385,0.0006614596940401694,0.00030624950960667595,0.0004218823016513334,0.00017762457128261185,0.018308070314167563,0.001966349516113815,0.00023439574905046202,0.0009906501203023569,0.035299929019888834,0.00026196463721824817,0.000788823432297557,0.0014187983761423768,0.00514262230467612,0.011228584317861112,0.003162626755250069,0.0018810738725889048,0.013715721507203484,0.0004554145428935051,0.0002282829770738707,0.005283149101680109,0.00027479001083241186,0.000767097522768284,0.012109072726561237,0.0008245325400687248,0.0002790301439270147,0.0028113278218404284,0.0003008456438030824,0.006794910631020791,0.016321008177333195,0.0019106319355308842,0.0010751253004605747,0.03500160259883758,0.08454574557252197,0.0004440304226901672,0.002491129848257559,0.06056299422053844,0.0004684293409001422,0.00014678535626032823,0.009406361264396848,0.0003048968140209704,0.0006148265643815337,0.0004616003406119788,0.0005623369865943872,0.0009712730184203782,0.08177491967651275,0.031259579303276525,0.00905008323508399,0.0001813869598930452,0.0010321868069751274,0.0005872074115831242,0.0009842636945843351,0.0010993061452841504,0.002199369873115498,0.0004498883425042994,0.001765049616667021,0.0003923049448009469,0.00047868589124190126,0.0063921191318453184,0.002679988987999392,0.008090555261371014,0.0058897200790577675,0.0007189888328836002,0.0012878660245149158,0.0027689220081358896,0.0167701586093095,0.002786219393699982,0.00025953051208020344,0.0008256844978912799,0.08047078280375713,0.006906945467737368,0.02935498868794566,0.0016962892838363374,0.0014751458599767079,0.1163855711846114,0.0002289068959490961,0.00035845793933654156
2023-10-09,0.0012449733987798582,0.047973212710818385,0.00047044057270455883,0.0010661794243752814,0.0003731876484751418,0.004545149405315135,0.00038725886546562215,0.0013798604469997542,0.018161478149048095,0.0005560565929399446,0.0032403146664444988,0.000405288172827026,0.0012093227251151447,0.00040165248383703463,0.004039278789661847,0.01322614886891918,0.0004518316456723474,0.0005509578864314214,0.0005199305854760564,0.0009938230399149624,0.0004918128679250293,0.00048747209558455955,0.00033157512687692576,0.003611657345128723,0.0007268711720521851,0.0003339380214272166,0.0004028695004989734,0.0001773499437497205,0.018264648024291383,0.001992903434205117,0.00021202537624957223,0.0010585893970811483,0.03626492843530197,0.00023884997985410686,0.0008105206496561591,0.0013790652483165662,0.005355738986386817,0.011068347549139872,0.003374603485453832,0.0020190012324179437,0.014156966206264318,0.0004793597903462845,0.00022569178213209287,0.005468712385968387,0.00028545473936424554,0.0008727717110653742,0.012826070198216183,0.0008863569966023206,0.00031135545212157605,0.0028072257207377126,0.0002995804689770164,0.007197754683805061,0.016319140276896606,0.0019638474388831697,0.0010946116227085237,0.03567912592369034,0.08801468299334747,0.0004207125833118191,0.002445696821429081,0.06379588319197484,0.00046637814298546764,0.0001418049238246349,0.009596603927961836,0.0003436364377738403,0.0006458815099203936,0.0004968639579946009,0.0005833478539451077,0.0009607257188530143,0.08462097631291367,0.032400859744135056,0.009299131031805312,0.00018179948839406666,0.0010771254377047418,0.0005807271605300854,0.0009996447385343728,0.001098578677208227,0.002140734260438422,0.0004674596494195128,0.0018768481755382478,0.0004297043915708366,0.0005113763074597239,0.006819602588602361,0.0027399499754562134,0.00831968349926236,0.006036793846638267,0.0006951482600417349,0.0012680527925699836,0.0028005659975881394,0.017309141765823752,0.002982657731436855,0.00025646068759004655,0.0008509638290352192,0.0816676111544439,0.007327141506756632,0.029929630526727723,0.001720641873333917,0.001571423365020259,0.11723922276882624,0.0002267866857506556,0.0003224004871167624
2023-10-16,0.001185462524369705,0.0488811713789006,0.0005234263216448066,0.0011996690661990209,0.00042401605359812473,0.0045444757728324596,0.00042590966689500973,0.0015529578481395128,0.01786925021337944,0.0005708981133904536,0.003384309706521887,0.00043189114552231534,0.0012807673146622157,0.00044475090344554,0.004163230525675363,0.013313415159545584,0.00045503577690092994,0.0005719013824249416,0.0005260883290573573,0.0010356219634580588,0.0005069521325857944,0.0004997459500605158,0.0003518937976244073,0.0038645419641840893,0.0007399060970829838,0.000339324906775451,0.0003899237782074084,0.00019326731722045965,0.018459103707137565,0.001963770694066149,0.00020158515832904026,0.0011152036984618083,0.03862440340776992,0.00024222732470453677,0.0008875681952182726,0.0013323569828574808,0.005369585855941323,0.010786713561685512,0.003432528964963303,0.0020513280903842425,0.014573120341413701,0.0005116783698506773,0.00023556864405196214,0.00559722789756737,0.0002999541056589383,0.0009736436236810587,0.014115098150857262,0.0009304243612023408,0.00034622831346204323,0.0030237565306399376,0.00030227339219051117,0.007361330841798122,0.016503025075782097,0.002106549696189706,0.001134312818158932,0.03632617312940821,0.09467597752259992,0.0004137883791742558,0.0024461731281827815,0.06948349679153427,0.0005165312359718238,0.00014509021683274017,0.00989770619280159,0.00037468939479688067,0.000715309589353724,0.0005372697790707386,0.0005919165794466558,0.0010210288293908906,0.0897766806347106,0.033210445524157965,0.009233216855301853,0.0001828836241301781,0.001129528514470926,0.0005927244519284828,0.0010703406632285586,0.001100847935890216,0.002149322847900126,0.00048677085283782714,0.0019457319339467303,0.0004636002368132096,0.0005312302489808662,0.006826307619961075,0.002814616777872513,0.00847038826988716,0.005931839481133833,0.0007668457931095197,0.0013269964593727564,0.002753192803460623,0.01779326809322275,0.0030809271136404146,0.00028402778571127497,0.0009241537039593306,0.0835346469158584,0.007503110281745268,0.030450514586930415,0.0017594491938444758,0.0017708087007979646,0.11965505968402168,0.0002145860251413726,0.00027513986333207275
2023-10-23,0.0010157313330812023,0.047520585928152864,0.0005556734788969095,0.0012445964173306598,0.00045502697496326065,0.004360225819609527,0.00044007523267860035,0.0016089891540144118,0.01724970213250604,0.0005534897400364027,0.0033248534258193936,0.0004534900757025435,0.0012407743241689502,0.00043633922556024653,0.003904380612334704,0.013110178035919219,0.00040865094197416565,0.0005751924847981688,0.000506947619525477,0.000990058396888575,0.0005494870734448772,0.00043402735405697186,0.000335753622392281,0.004197006919644223,0.0006687217809741599,0.0003134833541793418,0.0003901306264633366,0.00019795592210686483,0.018127162979173928,0.0018471444080687916,0.0001994297799935901,0.0010856079275082737,0.03983640964957382,0.00024910137091234153,0.0009517473421105816,0.001286463943419878,0.005084932610783667,0.010257477146907373,0.003185170508142078,0.0019143186254818843,0.014035759691428097,0.0005013511874315455,0.00024380006805102612,0.005439301229488898,0.0002969708393745369,0.0009821967610919552,0.014735238361923229,0.0009215464772920004,0.0003468747323347707,0.003281630067048246,0.00029935972298955377,0.006975817450580423,0.016199080960453128,0.002205965671911491,0.001144702048638465,0.03553184459704811,0.09836796560730478,0.0004019970915901048,0.002410849059272635,0.07137189206864042,0.00057277374353698,0.0001491553022440366,0.009806733462258523,0.00037295260845605265,0.0007658897622452477,0.0005519817953799296,0.0005728082568700356,0.0010739001442941637,0.09120176197323808,0.0317742880726916,0.008638386697822995,0.00018586975086702255,0.001127584601563978,0.0005843456253775796,0.0011499058720705292,0.0010634597672952327,0.002160501657488443,0.0004876099013230794,0.0018600477299089014,0.00046864299283246074,0.0005058039569210185,0.006184456634920509,0.0027801769647608113,0.008150777393652964,0.005505009769225136,0.0008446768451389141,0.001391326436532079,0.0025624326287051985,0.017073869533085723,0.0029613122139824496,0.0003181086641484661,0.000970489265392879,0.08186580207686933,0.007114769625930207,0.02976406317558334,0.0016940033727994336,0.0018503305577369281,0.11735937255065251,0.0002048127576204088,0.0002489645744002041
2023-10-30,0.0008124452164467317,0.04340818273894505,0.0005515491565646304,0.0011213244392692962,0.0004552310714962305,0.003968823224112931,0.00039794411100347254,0.0014343939186115357,0.016303817846475943,0.00048555399839719066,0.0030340350646573476,0.00042872281700977085,0.0011020610180868056,0.00036828564964129973,0.0033538081899657885,0.012288933139674912,0.0003404859953619033,0.0005388046402137876,0.00047402684951258376,0.0008685594867987683,0.0005748844385822823,0.00032494069445324525,0.0002976764643975802,0.0042703599076794035,0.0005519193141058888,0.00027191367682148556,0.00038974711709038575,0.00017441788165553087,0.01687135687495266,0.0016375462685747967,0.00019537881516917938,0.000969744436759524,0.03773980825915025,0.00023531577830812205,0.0009146108450372831,0.0012254305403404438,0.0047156800025154755,0.009492435384129682,0.0027258718565034345,0.0016692661270913127,0.01249904655605719,0.00042373806044925655,0.00023122609198109872,0.004943501437520701,0.00026649079756906285,0.0008935456135312188,0.013721711410048864,0.0008681055432678089,0.00030199275499257167,0.0032968431287900895,0.00028537279855862156,0.006132897422690303,0.015080384248813502,0.0021422366457999136,0.0010726269771850453,0.03272571096083037,0.09386743816274969,0.00036584266538429287,0.002273585540182923,0.06544532749287903,0.0005664292652518931,0.00014688003492531544,0.00907844945816049,0.0003465459727730394,0.0007549691871476265,0.000519663666759322,0.0005258982828354231,0.0010328494841871712,0.08500258561209242,0.028365236310218058,0.007801784757052312,0.00018608507281238463,0.001067466750613785,0.0005179883717485954,0.0011536867780747018,0.0009551734346959703,0.002079360742181801,0.00046144703784884556,0.001633882459536194,0.00044249466131342946,0.0004351973580203106,0.005349596957643999,0.0025685283906758567,0.007348179005088559,0.004901846289117395,0.0008389290713256546,0.0013648884960484906,0.002265558195963188,0.01516422551711739,0.002634018153840605,0.00032492468886107363,0.0009230843641831497,0.07518256562187701,0.006249216521597613,0.027412431596609804,0.0015075020028811627,0.0016675728464367683,0.10770372042069716,0.0002052591162254689,0.00024988733468259285
2023-11-06,0.0006838282693153831,0.03811278979606528,0.0005154201474692302,0.0008905123300363201,0.00042917932848069183,0.0034937085642139354,0.0003180236042842387,0.0011091028477220777,0.015308351713543377,0.00040767978692786113,0.0026489768059167933,0.0003548287915003014,0.0009689122578744557,0.00029589208436791437,0.002896395655190063,0.011002840477250543,0.0002895179897736541,0.0004723725938789505,0.00043879252710327273,0.0007528595272423423,0.0005536544705168169,0.0002483005562111038,0.00026492691471101214,0.003981378867741462,0.00045753441672502217,0.00024025801842230955,0.0003708597672203611,0.00013597562965619,0.015070696613201096,0.0013743867034600806,0.00018329039713119033,0.0008306595014745681,0.032761875446136984,0.0002032057141888927,0.0007636010513803853,0.0011348116997910763,0.004548414047437101,0.008709545325285287,0.002292157602294136,0.0014383195109043238,0.010782127084079664,0.0003140344983211889,0.0001983757436156959,0.004282014561300162,0.0002219954253614982,0.0007764575718434653,0.011387014862133388,0.0008065614828214593,0.0002365791679834876,0.0030096061902595795,0.0002665941890828076,0.005220418296319094,0.013491047364828672,0.0019331159198047385,0.000925592142186328,0.028928014781772263,0.0822982225096992,0.00031268372196781264,0.002062619475802615,0.053940041731602675,0.0004796150087601632,0.00013708974714592945,0.00797601961284176,0.0003244382223030894,0.0006910735685021197,0.00045203860535960883,0.0004660033699353913,0.0008951509349561621,0.07337720398219064,0.025030802160316334,0.007204123374154182,0.00017716497031911943,0.0009885347126600268,0.00040762348645104044,0.0010589477287150006,0.000794181153587571,0.0018845638342450115,0.0004181609962601592,0.0013914673118492465,0.000401862586541875,0.00035294701214023044,0.004984075873808919,0.002258803458395572,0.006459294566867509,0.00434829814200187,0.0007427809148752134,0.0012381632008467015,0.001963688485140844,0.013131826972296983,0.0022241388135581944,0.0002939141455821137,0.0007898001043118986,0.0661964790074306,0.005302013350035486,0.02425319579652827,0.0013136623312628272,0.0013001338582549014,0.09433312467794956,0.00020909180391199132,0.0002572500934841946
2023-11-13,0.0006689872802316435,0.03385411060318228,0.00046320775551279765,0.0006834224411522697,0.00038756891377558664,0.003110959991678761,0.00025362421738644205,0.0008232866217897799,0.014528947344336575,0.00037119880415622245,0.0023454373386216087,0.0002744802918754845,0.0009212285760454935,0.0002820094568908525,0.0027869120836909746,0.009729353636616984,0.00027369177561536637,0.0004086147035133946,0.00040587086930951106,0.0007060397353130047,0.0005094080144129764,0.00023924850828525797,0.000248069235085269,0.0036216427392760666,0.0004139776719940905,0.00023127610565991516,0.00033339393140903873,0.0001111893562365386,0.013469351729918526,0.0011256495895464098,0.00016818310630795774,0.0007245465702443017,0.027628761051293405,0.00017842305512441971,0.000586877467175263,0.0010248503082114432,0.004623616873347511,0.008176340927187114,0.0020404024524032253,0.001294087523544103,0.009665903010309465,0.00024010307336314393,0.00016635405355267237,0.0036966117711875216,0.00019014989099293386,0.0006985404917889812,0.00906044060682616,0.0007626104714362227,0.00018650352424108948,0.0026941968755874175,0.00025458541992199956,0.0045677230323502155,0.0120676882897135,0.0017153132586675876,0.0007755269400533987,0.02588545869321184,0.07038950341679856,0.0002698517700208083,0.0018738996219374426,0.043176109227158074,0.0003682106940654951,0.00012428978007627905,0.007001167982872111,0.00032265566277479575,0.0006195516027037573,0.0003898751749243602,0.00040880833531056385,0.0007435035312795623,0.062490090677089306,0.023321070926781266,0.007039063128887589,0.00015811847752543584,0.000920290444202967,0.000315821171355825,0.0009545094662300345,0.0006351994253773999,0.001666319823830678,0.00037671914285199745,0.0012394904351170782,0.0003642143953125026,0.0002957685484246759,0.005238640693858581,0.0020176396837067317,0.005909438967642135,0.003967750230060041,0.0006228898028615372,0.0011061523870921942,0.0017312958410602571,0.011898556650943564,0.0018787189262246217,0.00024663090683721764,0.0006446170705264652,0.059041704066186286,0.0046212526280743375,0.021742914749591828,0.001233558417762876,0.0009619806372805591,0.08343987625036532,0.00020389160910605738,0.00024918070331891867
2023-11-20,0.0007020935986652188,0.03163846606115332,0.0004153276054504501,0.0005770266614706808,0.00034585154796767324,0.0028889905866060044,0.00024122473792500336,0.0006965386260078448,0.013993003113529367,0.000378795495319569,0.0021902598280519807,0.00023453771190617558,0.000936102079501009,0.0003323461839577346,0.0028936376487670758,0.008839886370750187,0.00028237278385353506,0.00036887298247717255,0.0003802796899069732,0.0007062571622904509,0.0004993249556727008,0.00026213869825699186,0.00023539931361221726,0.003590987344543651,0.00039172479909241337,0.00023557852565212845,0.0002951412641615242,0.00011282082602434728,0.012475308172423634,0.0009411861827228025,0.00016206501373144158,0.0006551989544402234,0.02493465904669961,0.0001796481577249806,0.000492223967513261,0.000926087520788689,0.004711823551194763,0.007963109520053574,0.0019420456705039582,0.001216527306718008,0.009194669036602121,0.00024056783803779675,0.0001539757018220309,0.003324134881474427,0.00018728348472127576,0.000673016480219416,0.00786411725965269,0.0007351017292345812,0.00016723165290671014,0.0026848244433538304,0.0002541270972522975,0.00422781693633892,0.01114807851744672,0.0016124211069659848,0.0006942995024587758,0.024440004760056158,0.06432060557114848,0.0002554555204700208,0.0017650026856932204,0.03776095418387958,0.00031106258025528476,0.0001141636301434888,0.006433944645131183,0.0003292369908317096,0.0005803591926301534,0.0003693913446449557,0.0003576677797771403,0.0006646664647116583,0.05681190343264278,0.0228827300166702,0.007095217098184801,0.00013519008221340282,0.0008591180726688134,0.0002936701724419211,0.0009613507734563827,0.0005196454014575983,0.0015490211288436914,0.0003520269770585971,0.0011756529241159716,0.00033944920998007393,0.00027567789665181193,0.005626583365551866,0.0019372400606648289,0.005752243152667698,0.003728369744816848,0.0005443696115198186,0.0010696651012249265,0.0015744170070687603,0.011408320100063039,0.0016847031158504695,0.0002128495056290876,0.0005583681464887298,0.05555325075773552,0.004277658638079217,0.02057497155894013,0.0012611588798569385,0.0007987021731454064,0.07798279231991478,0.00018846143718299142,0.00022316986101869894
2023-11-27,0.0006853620622647391,0.030850871306626244,0.0003910924879476569,0.0005473762205870678,0.00032408875908408627,0.0027422970750432996,0.00026848875373835287,0.0006934687637571801,0.013573242743398306,0.0003856557617221609,0.002122394163654356,0.00024235823182590109,0.0009296565407611338,0.00039258108167953084,0.00289173893190176,0.00838382508591194,0.0002949811830848175,0.0003435314097157302,0.0003731297799320635,0.0006798718404663168,0.0005514521767259496,0.00026363867721602454,0.00021382341087428772,0.003958021910911183,0.00035164566869658913,0.00023453617051285815,0.0002708656162146878,0.00012721529535764502,0.011961950985752796,0.0008179792751442142,0.0001717376945107065,0.0005966420895087333,0.025108050830157755,0.00019661354726811594,0.000505033161110764,0.0008649504873593349,0.0046026639199939975,0.007884134231642187,0.0018873520206472273,0.001149073477183337,0.008917787604645877,0.0002927626132333942,0.00015962782346974543,0.0031670659522429908,0.00020637409391343207,0.0006735168969706991,0.00783512841532476,0.000715269483008656,0.00016901013511600864,0.0030048156877690575,0.00025972926127648595,0.004075405304753302,0.01063431570223439,0.001635778835227055,0.0006915834446433863,0.023906344910868745,0.06464233208827926,0.00026103238180121544,0.00169791320099264,0.037293364673548,0.00033978566360344954,0.0001099849198146329,0.006190338765661992,0.0003235470904281409,0.0005828739743678773,0.00039046608346165237,0.00030601217409615637,0.0006791680760294081,0.05595939958204288,0.022402850593766857,0.00708258776170349,0.00011650277178180591,0.0007955866247436514,0.0003293833718691527,0.0010971528366863377,0.000443830840048732,0.0015780197230974137,0.0003483363734612052,0.00112806643022672,0.00033481126007135645,0.0002802936981270955,0.005623066320044778,0.0019493790400311821,0.00567580544037698,0.0035435458342723096,0.0005201916139029841,0.001130264730823679,0.001471379412673298,0.011041454034281167,0.0016510345881862612,0.00020187952032789885,0.00054617272653148,0.05452030189622229,0.004147827804526991,0.02015586448111123,0.0012753911944929888,0.0007823095330037145,0.07608136854478942,0.00017567215460284976,0.00019265675509714218
2023-12-04,0.0005921254307973676,0.030439423736956364,0.00039742428716152536,0.0005306619655743578,0.00033419004192724433,0.0025602602301406058,0.00029396404290348574,0.0007039024617724608,0.01323342959153163,0.0003573296327388907,0.0020616827828863218,0.0002668466887693238,0.0008625079389097224,0.0004064893199806421,0.0026555742121996935,0.008241870852960555,0.0003005199502792007,0.0003114951416165189,0.0003916031772704999,0.0005949833949376115,0.0006262680783228936,0.0002383415821052137,0.00018829141398451674,0.004366980594707518,0.00029706439849715974,0.00022082985606707925,0.00025698215199465737,0.00013378416074883966,0.011673696026109851,0.0007146505935576696,0.0001906075569901567,0.0005425825189494926,0.026614349534923906,0.0002020171803909971,0.0005553969728434023,0.0008460666749820953,0.0043549813569691955,0.007710837228221166,0.0018373873448656478,0.0010771672078440135,0.008610186112023622,0.0003416221403445588,0.0001677326587830385,0.0031778955085745944,0.00022684090753296703,0.0006799975305291431,0.008209626251176896,0.0007081859999947918,0.00017582039681476953,0.003325887730931482,0.0002630123730365888,0.004019600684071666,0.010349272159308013,0.0017094829744049207,0.000719868133069608,0.023114177895818624,0.06719340895767507,0.00026411494436463155,0.0016013286741369153,0.03831985220997922,0.0004178354355624903,0.00011231828327436611,0.006079071815493915,0.00030397924284140916,0.0006128524544512824,0.00041960873652089605,0.0002520886988072046,0.0007460905971556718,0.05665437090167812,0.021458836466145884,0.00697257238785063,0.00010565216460599395,0.0007449510442688379,0.0003647427200961082,0.0012412367776218534,0.0003772647926606102,0.0016889076715755499,0.00035903001988458235,0.0010598090152443187,0.00035524124122282525,0.0002919137590130431,0.005264867687959533,0.001915899465331755,0.00539727993449489,0.0033877379887726706,0.000527400030770453,0.001195854930522313,0.0014248655978325183,0.010570394957186015,0.0017311652325874395,0.00020016085884984515,0.000577694862723982,0.05402275227292201,0.004123281559213173,0.019484456677289878,0.001184338578788986,0.0007923958914678458,0.07451496249611196,0.00017621117106998393,0.00017067131618583864
2023-12-11,0.0004881842616896932,0.03009464795016511,0.0004179978208000751,0.0005016832146309242,0.0003624870596243154,0.00236425820612426,0.00029208061956651507,0.0006716634437608597,0.013098667290647986,0.00031182278104425456,0.0020052128606200827,0.0002777747995108691,0.0007848635290072951,0.00036858961948985785,0.002385374342607211,0.008343653561951225,0.00029836325558313853,0.0002738461266729831,0.00042328052447816804,0.0005052016033289355,0.0006511092707760234,0.00022590526860694033,0.0001762552425279313,0.004416507604883054,0.0002673010722948721,0.00020478211519148797,0.0002401622333644562,0.00012838088128510196,0.011608484675292614,0.0006032177721159167,0.00020355717706876115,0.0005161522233620209,0.02772116135249565,0.00018287492708492751,0.0005633123316782201,0.0008554172545867282,0.004216220453061656,0.007425113633022523,0.001833913506851797,0.0010384342034122388,0.008500269205452705,0.000354227595405576,0.00016819076935784783,0.003309118398454109,0.00023496347570014446,0.0006946738007786822,0.008357454527254202,0.0007240640429180608,0.00018029790199015905,0.0033223028842328016,0.00026059824132059265,0.004048145518626762,0.010326241147410192,0.0017644433902139034,0.0007320086758385209,0.021870268753607487,0.06815731391687482,0.00025382482682868005,0.0014742241503308208,0.0384210466077442,0.0004805193874070323,0.00011988102011655726,0.006066763012672253,0.0002897852491371717,0.0006496463882877848,0.0004246822205968583,0.00020771587210210142,0.0008142615812608935,0.05663573319018486,0.020896680547398568,0.006959837154051382,0.00010100424990075159,0.0007330799127243907,0.00036008265506384856,0.0012559131589205959,0.0003060238562577479,0.001783619237539015,0.0003696379516030701,0.0010057839608096555,0.00039145149917930804,0.00029931401736710966,0.005049506337012608,0.0017928858560775588,0.004997927881142854,0.0033014622857583382,0.0005484209080972566,0.0011853884639913184,0.0014481975321464016,0.01038100559192729,0.0018430921161410733,0.00019331562369325826,0.0006198363709565773,0.053562598128966375,0.004167813767472617,0.018396262038182117,0.0010317067662747143,0.000760531566961004,0.07253205007883458,0.00018253618155188582,0.0001622698507678624
2023-12-18,0.00045508340482105207,0.03013901787617017,0.0004208543986356079,0.0004811872126755497,0.00037374506156578245,0.002301391820057257,0.00027261029222917023,0.0006268781555174589,0.013262044926439256,0.00029557676167385575,0.0020045188644924406,0.0002743851735127596,0.0007741449948710419,0.00031864790801505353,0.0023451618755879894,0.008644912263306149,0.0002872962824354347,0.0002575479228511278,0.0004386161293184149,0.0004918799689156087,0.0005979664204222915,0.00024988183434370163,0.00018552431182186215,0.004097164667112848,0.00028581521155655133,0.00020082314719160524,0.00021814188966415619,0.0001230083945005376,0.011884212841159314,0.000504806431445625,0.00020111172681156514,0.0005330969214775117,0.027788812092703657,0.00015440375289367073,0.0005218427996698836,0.0008744040424660947,0.004323053211568996,0.0072281874812833964,0.0018822445062065343,0.0010623296571430495,0.008787815441565653,0.0003414996559742806,0.00016389824552335484,0.003477855581424936,0.00023286819261418868,0.0007188007220304513,0.00826868230256288,0.0007517486310107823,0.00018031196795555355,0.0030294827224979044,0.0002542872910747252,0.004101744905575896,0.01064772142275187,0.0017854861912471106,0.0007215688156143622,0.021146980346555995,0.06735303190306068,0.00024013256477252125,0.0013996798033724931,0.03777532823591175,0.0004885696531048452,0.0001293396496411141,0.006220590419252477,0.0002959201720073414,0.0006720273392538629,0.00040439934436901025,0.00018925667752239155,0.0008541269934540169,0.05602330966589958,0.021436183732255136,0.0071511535786026904,0.00010020986904962187,0.0007556068042355777,0.0003320692813957572,0.001138902241511533,0.00025108359310686433,0.0018232823267818352,0.0003653679857302493,0.00100828793590722,0.0004141158570811163,0.00029484252885492656,0.005292481850857679,0.00167824230139943,0.004826563118167925,0.003307708702379115,0.0005806493710413009,0.001110897288306829,0.0015084475196967596,0.010765365172486371,0.0018896477728842923,0.00018296395806276054,0.0006559586330814266,0.053660775611233974,0.004211221179493729,0.017734677263295886,0.0009435701121055705,0.0007132449032395762,0.07167290315755077,0.0001744264904670862,0.00016961843703365936
2023-12-25,0.0005073752421828947,0.030601446163843898,0.00038733787458833987,0.0004851127132721744,0.0003437485057150343,0.002469470444049939,0.00025875800522940224,0.0006136069555942796,0.013593682017227588,0.00032553237744497026,0.002072233445732564,0.00027322745207993156,0.0008431929426725196,0.0002946245646073778,0.002550187719242131,0.008967143306949851,0.00026267336616215555,0.0002821342069291401,0.00041654352214016093,0.0005716907562347885,0.0005214305038959561,0.0002822659931485225,0.0002037400576537492,0.0037978494885545925,0.00033031693547484574,0.0002102119497717177,0.00020643404701708532,0.0001261442892601326,0.012352557201225932,0.00047048457350440804,0.0001889109390986339,0.0005736308779955025,0.0271016353857632,0.00014120084931233435,0.0004876768580387644,0.0008884048914822295,0.004546149159339472,0.007301519411646037,0.0018906167380160059,0.0011193019018908511,0.009201036169014656,0.00033139401680555596,0.0001605636171431666,0.0035477992717278615,0.00022912529039218767,0.0007333122421673493,0.008214831881106688,0.0007554330438953963,0.00017117471743287687,0.002802402611585556,0.0002468503549845274,0.00402361543162295,0.011118305126778232,0.0017776672426955938,0.000707572009145009,0.02183163275604674,0.06677024723077371,0.0002390535287346345,0.001449366518739366,0.03740799945385272,0.0004471936045409186,0.00013545582647588606,0.0064678818207754025,0.00031263367342384895,0.0006584888635483351,0.00038283727111195745,0.00020015469493549893,0.0008528399505277785,0.055583215578507456,0.022496584260072786,0.007400779999883251,0.00010356107755651174,0.0007705530056906644,0.00032297220475394555,0.0010332366515244209,0.00024353849679818718,0.0018427218760094534,0.0003430044651499216,0.0010475681953550876,0.00039360202113664116,0.00027227476757350804,0.005738615529384051,0.0016897732177175015,0.005093908198443653,0.0033604103714984022,0.0006156358817556125,0.0010499155549649284,0.0015197261103425837,0.011340536857479955,0.0018065748396401881,0.00017891105393759446,0.000672614169939728,0.054177074765191076,0.004106757089619019,0.018288516107343923,0.0009839361080802157,0.0006971510162829136,0.07273674694345282,0.00014283262589853736,0.00019506443719588006
