,0f259232e21f0c2fee6ad8d1d8f1027a,9274b3c3b5944720ff3a39acd9cf88fd,255b57e780bd487c9f2c9d8a6d98122e,81a7fd8b494dcdbef06baf399f2f6ab3,3679c0945f1a70a259b655406fc39172,456a12b90d15a721ad799e16006c6684,05b2f1f50c1ce311f0dbd14eee459bff,85e40ab41dbb322d6265279032519a63,fb99ada28bdcb8a828a19ba2293b5607,ec5c0d5f42ed96fb66f585f2072f51c8,5a238bc5400490331b6b4c08ea0fe0ab,f3b0f9ecd412b62d07cc9a0c8e80470c,f7e1531894d4de8cc0d90bc6c9ba8991,942619b5db45e2e562e61d92119ff838,94e09ab4773fbc3b2b67c2f34281220a,f0e3dfc632173c07417737b09c0ef573,05c65dfa276e4011e911260f8118f6c9,795c21f080ec8025792ef4d0dbbd8b71,af3df9ccd4174c841a11369f668d7eed,a107bcb0918d989fb9378c897e0ffddc,26946cac9ecc79ec658301e357330c5e,18583b9b1ebca580d6dd801f9dc66bd4,bca747f5e6237a7773881a0467d2e683,ccb2a8fe516433ddfb606137a178f9ed,61768dc417b2b3ede0ed37eb320093a9,0bcb8976125dbc200aaac6e2843288d3,9f787e7ea88cf6d08f0a84ff9671c365,c4c7efcae8d0827a8d07ca016a3bfb6a,b08119580a4f62b96c89326c2e32b695,0da4b490e41e0fe2c7df72f01af5ec50,a05ee4cf2d1de48475756e7a2d0a7cf1,a693b13a81f3e3d78eca32b7cc36b60e,c6424732171a02f1c1062f50c3a73a77,cbaac4719cd0e31524598d62fe31fe48,27da4027d84eff5adb55c509efaafbe0,ff9858a350a257210e2851650a7cd6d2,565b7097a474e2e3750586bd4d6b0bb5,23edc5ff51cfadd333466861a4e1ea38,c5d9c0b2012bb566a6a73b4d9e07fe86,1f56c874da3dc7e3bed7f8f6529b64a2,ae6f5f4d844a09b756dc601df2c1e8d9,36493d4cdc4c7a595e50be5d6c71f09d,dd131a05ead3e4f70b991714a54de5ab,cfe26d6aea9efd71c5513cd733043333,7ba28aba612a440ff8dd711262154f44,2a73e11492c29b7696d32cab40401a30,3ac8acc7e11bbe6772fddad237e51d2e,0d96aee679fac13091dac1b352b9485f,630ee7e776797db7d8df48faa23d5a65,9c0a5f9ef978de85871f0df5f328cc04,762c8c28af0cb9ae3028f33c1520a885,0928147d7fed5d2704e5864f15310df3,2e300d5b9ced3d6eb1bd338e15f42705,9b0f782fc5e61f4bcd60aec45a951907,8c1269604d51124eea733d76d969419f,71e83ca83dd815fb28599128e3923a04,2e207747b7f6ba4806dacd5c8eefb008,47251289aa301e5e085ea87168b93c5b,d774007926d300cfdc0af21fd17631da,a755c8d149dbfd8145d7e0970920af69,0e9ec21c9c1d75db573e64780f4bdc04,c4c87cc56c600398a547bf1d240bac4a,876d491f272ea12d93db7be1c54c1e5e,f4010791f0c5aa854730550435ca5837,d73f5beea409541bfeaa2095570c500d,3dd952e6eff4eeed1f99f883d7760558,ea594b4481ccdee2d7ed446a2a0ae272,e853197616422fca1c71e49cdd101657,32e418063c86b6aba3701f86f27b15bb,e47da797deb91bee9d49736f2c03f5d4,200d22d4f0b96478bc89e527590483df,ce1dd76e18ef0012011b3032be8a83fe,72cf8a1a01fb55ce2780a3fe0f8038d1,5402c87773c8c6cb257b4394b0717185,281856e1516923676b43bd418e6f25a7,9c863871d4cf0e4b25504375945feaa9,7fc85a57ec35f1b6145953e32a673446,67c5e92a315327f8188d2c91faf5c3a1,1ba20e49a934c9f63888c0aca2e3bdb0,106479e4024061d5093f0dcd23bc6cf9,179d05e99c44e629c8e68aef8ee71784,e2a80f87817bef0d96786c7ce389aed6,8597f5e4b5aabc29c6fc71c001a9303a,6a3dd1d0444d504a669c0825857a9074,fe5f4acc019e16ac5a920b1014cc7229,1ccc72120e9ca6b9c58c97c139468900,7342f68949be41c06eb30d3be1f3499d,9d5cf228e9ec57d97be4213c970d5621,a5b2dafc7f7a3eabaaff5f337f5a7d42,796b462f075af0b2fa608735085c20e9,668beb724f47e5a18cece4da0cfd0a51,a2a8db06139e5d8b33b9696c575f0414,9a6473062b1e797bcc9732f0c9a07849,cae432c95e5232373cb67ff90e7793d8,19f6997d3ba451b2bc8107503d70ab73,83e59a57e4575c3cbd02a8451997959b,5876cef9666eaf04c8dda83ec6c83a60,66b960536d4f8c72e04621cc3b3cf8e8,cf83b57ee57ce2ce8c9cc50781da2080,13e68590206aad4467ab4aa1b71406f6
2023-01-02,0.0003553443494675,0.0209906983578357,0.0003045808709722,0.0008122156559259,0.0002538173924768,0.0021574478360532,0.0002030539139814,0.0009898878306597,0.0142391557179514,0.000558398263449,0.0018782487043287,0.0001776721747337,0.000482253045706,0.0002030539139814,0.0017005765295949,0.0076145217743056,0.0001269086962384,0.0002538173924768,0.0003807260887152,0.0005837800026967,0.0004568713064583,5.076347849537068e-05,0.0002284356532291,0.0027666095779977,0.0001522904354861,0.0001269086962384,0.0002284356532291,0.0001522904354861,0.0098734965673495,0.0005076347849537,0.0002030539139814,0.0003299626102199,0.0192901218282408,7.614521774305602e-05,0.0007106886989351,0.0008629791344213,0.0025889374032639,0.0083759739517361,0.0017513400080902,0.000964506091412,0.009112044389919,0.0001522904354861,0.0001522904354861,0.0033757713199421,0.0001269086962384,0.000558398263449,0.0064977252474074,0.0003807260887152,0.0001015269569907,0.0022335930537963,0.0003807260887152,0.0040610782796296,0.009112044389919,0.0010914147876504,0.0003807260887152,0.0186809600862964,0.0507127150168753,0.0003045808709722,0.0012437052231365,0.0283514027396645,0.0003553443494675,0.0001269086962384,0.0048732939355555,0.0005330165242013,0.000482253045706,0.0003553443494675,0.0002030539139814,0.000558398263449,0.0425651767183683,0.0189347774787732,0.0061931443764352,5.076347849537068e-05,0.0006345434811921,0.0003045808709722,0.0011929417446412,0.0001269086962384,0.0008375973951736,0.0002538173924768,0.0008122156559259,0.0002538173924768,0.0001522904354861,0.0032742443629514,0.0013452321801273,0.0044164226290972,0.0023097382715393,0.0004314895672106,0.0007106886989351,0.001446759137118,0.0107618574410185,0.001446759137118,0.0001776721747337,0.0005837800026967,0.0453571680356137,0.0040610782796296,0.0163966035540047,0.0008883608736689,0.0010152695699074,0.0624644602885536,5.076347849537068e-05,0.0001522904354861
2023-01-09,0.0004444909411087,0.0232863865258641,0.0002222454705543,0.0011112273527718,0.0001481636470362,0.0026916395878252,0.0002222454705543,0.0013581667644989,0.0152608556447338,0.0003704091175906,0.0023212304702346,0.0002963272940725,0.0004938788234541,0.0001728575882089,0.0018026577056077,0.0072353247636036,0.0001234697058635,0.000419796999936,0.0002716333528997,0.0008149000586993,0.0004938788234541,0.0001975515293816,0.0001234697058635,0.0038275608817698,0.0001728575882089,0.0001975515293816,0.0001975515293816,0.0002222454705543,0.0103714552925376,0.0004938788234541,0.0001728575882089,0.000592654588145,0.0223727107024739,0.0001975515293816,0.000592654588145,0.0005679606469722,0.0023459244114073,0.0080255308811302,0.0019261274114712,0.0010865334115991,0.0089885945868659,0.0003210212352452,9.877576469083426e-05,0.0038028669405971,0.0002222454705543,0.0006173485293177,0.007704509645885,0.0005679606469722,0.0001728575882089,0.0029879668818977,0.0002963272940725,0.0039510305876333,0.0090379824692113,0.0009136758233902,0.0006420424704904,0.0216071985261199,0.0524005431684875,0.0003210212352452,0.0018026577056077,0.0305464052306404,0.0003951030587633,0.0001481636470362,0.0048400124698508,0.0003457151764179,0.0005185727646268,0.000419796999936,0.0001481636470362,0.0006914303528358,0.0453627699342656,0.0199773984087212,0.0062228731755225,0.0002716333528997,0.0007408182351812,0.000246939411727,0.0010865334115991,0.0003457151764179,0.0009630637057356,0.000246939411727,0.0009630637057356,0.0003457151764179,0.0002963272940725,0.003383069940661,0.0020742910585075,0.0050128700580598,0.0027657214113433,0.0006173485293177,0.0010618394704264,0.0014075546468443,0.0111616614100642,0.001777963764435,9.877576469083426e-05,0.0006173485293177,0.0460542002871014,0.0039510305876333,0.0195329074676124,0.0008889818822175,0.0014569425291898,0.0663773138722406,4.938788234541713e-05,0.0001975515293816
2023-01-16,0.000778309445532,0.0255804371098211,0.0002853801300284,0.0012971824092201,0.000259436481844,0.0030872941339439,0.0001556618891064,0.0016085061874329,0.0163185547079893,0.00064859120461,0.002127379151121,0.0003113237782128,0.0005707602600568,5.18872963688055e-05,0.0017382244283549,0.0086392348454061,0.0002853801300284,0.000259436481844,0.0004150983709504,0.0012193514646669,0.000518872963688,0.000129718240922,0.0001556618891064,0.0037099416903695,0.0003113237782128,0.0001556618891064,0.0003113237782128,0.000129718240922,0.012115683702116,0.0006745348527944,0.0002334928336596,0.00064859120461,0.0237384380887285,0.0001037745927376,0.0004929293155036,0.0008561403900852,0.0029575758930219,0.0105850084592363,0.0021533227993054,0.0008561403900852,0.0104293465701299,0.000129718240922,0.0002075491854752,0.0036839980421851,0.000389154722766,0.0007004785009788,0.0068491231206823,0.0003113237782128,0.000259436481844,0.002775970355731,0.0002853801300284,0.0046179693768236,0.0105071775146831,0.0012193514646669,0.000518872963688,0.0237384380887285,0.0546113794281677,0.0003372674263972,0.0016085061874329,0.0335970243988015,0.0004929293155036,0.0001037745927376,0.0053443915259869,0.0005448166118724,0.0003372674263972,0.0005707602600568,0.0001556618891064,0.0008301967419008,0.0479698054929606,0.0230898468841184,0.0068750667688667,0.000129718240922,0.00064859120461,0.0003632110745816,0.0013490697055889,0.0003632110745816,0.0012193514646669,0.0003372674263972,0.0011934078164825,0.000518872963688,0.0004410420191348,0.0035802234494475,0.0016344498356173,0.005733546248753,0.0032688996712347,0.0007523657973476,0.0009599149828229,0.0017122807801705,0.0128680494994637,0.0022311537438586,0.0002334928336596,0.0006226475564256,0.0516278598869614,0.0046698566731924,0.0206252003066001,0.0011934078164825,0.0018938863174614,0.0747436504192643,2.594364818440275e-05,0.0002075491854752
2023-01-23,0.0007362686130599,0.0263533386329748,0.0002792743015055,0.0012694286432068,0.0002538857286413,0.0029958515979682,0.0002792743015055,0.001675645809033,0.0161979094873197,0.0005839371758751,0.0025388572864137,0.0002792743015055,0.0007108800401958,0.0003554400200979,0.0022849715577723,0.0073372975577357,0.0003300514472337,0.0005077714572827,0.0004569943115544,0.0004316057386903,0.0006854914673317,0.0001015542914565,0.0002538857286413,0.0041383373768544,0.0003300514472337,0.0002538857286413,0.0004823828844186,5.077714572827516e-05,0.0112471377788129,0.000558548603011,0.0001015542914565,0.0006601028944675,0.025109298562632,0.0001269428643206,0.0008124343316524,0.0007870457587882,0.0030974058894247,0.0096730462612364,0.0023357487035006,0.0010409314874296,0.0117802978089598,0.0001523314371848,5.077714572827516e-05,0.0047730516984578,0.0002538857286413,0.0008632114773806,0.0082766747537088,0.0006347143216034,0.0001269428643206,0.0030212401708323,0.0002792743015055,0.0048746059899144,0.0099523205627419,0.0010155429145655,0.0006601028944675,0.0228751041505879,0.0552455345523633,0.0001777200100489,0.001675645809033,0.0346554019595477,0.0004569943115544,0.0001269428643206,0.004798440271322,0.0004569943115544,0.0004823828844186,0.0003046628743696,0.0001269428643206,0.0009647657688372,0.0542046030649337,0.0227227727134031,0.006093257487393,0.0001269428643206,0.0008886000502448,0.0003300514472337,0.0015233143718482,0.0002792743015055,0.0015487029447123,0.0003554400200979,0.0008886000502448,0.0003046628743696,0.0002284971557772,0.003706731638164,0.0014725372261199,0.0060678689145288,0.0029196858793758,0.0004316057386903,0.0007362686130599,0.0016502572361689,0.0138367722109549,0.0024626915678213,7.616571859241273e-05,0.0006854914673317,0.0545854316578957,0.0048492174170502,0.0201077497083969,0.0013709829346634,0.0016502572361689,0.0760133871552279,0.0,0.0002792743015055
2023-01-30,0.0006835491395707,0.0248862520073333,0.0003797495219837,0.0009113988527609,0.000278482982788,0.0033924290630545,0.0004303827915815,0.0009620321223587,0.0156963135753272,0.0006582325047717,0.0023038137667012,0.0003291162523858,0.0006075992351739,0.0002025330783913,0.0017215311663262,0.0079241066920603,0.0003037996175869,0.0003291162523858,0.0003797495219837,0.0005063326959782,0.0005063326959782,0.0001518998087934,0.000278482982788,0.0043797778202122,0.0003037996175869,0.0002531663479891,0.0002025330783913,7.59499043967446e-05,0.0104304535371529,0.0006075992351739,0.0002278497131902,0.0005316493307772,0.0238989032501756,5.063326959782973e-05,0.0004810160611793,0.000582282600375,0.0027341965582828,0.0092912049712017,0.0022025472275055,0.0007848156787663,0.0108861529635333,0.0002278497131902,0.0001518998087934,0.0040253449330274,0.0001012665391956,0.0006329158699728,0.0066076416825167,0.0006835491395707,0.0001518998087934,0.0030126795410708,0.0002531663479891,0.0046835774377992,0.0093418382407995,0.00116456520075,0.0004556994263804,0.0232153541106049,0.059164975525064,0.0001265831739945,0.0019493808795164,0.033898973995747,0.0008607655831631,7.59499043967446e-05,0.0055696596557612,0.0005063326959782,0.0004303827915815,0.0005569659655761,0.0001265831739945,0.0007848156787663,0.0509370692154167,0.0221773720838494,0.0062025755257341,0.0001772164435924,0.0007594990439674,0.000278482982788,0.0015949479923316,0.0003291162523858,0.0011392485659511,0.0004556994263804,0.0011392485659511,0.0004050661567826,0.0002278497131902,0.0034936956022502,0.0019746975143153,0.0051139602293808,0.0029367296366741,0.0004810160611793,0.0010632986615544,0.0016708978967283,0.0133924998086259,0.0024557135754947,0.0002025330783913,0.0005316493307772,0.054101648565281,0.0047595273421959,0.0204811575523221,0.0012911483747446,0.0010379820267555,0.0754942049703641,0.0001518998087934,0.0002278497131902
2023-02-06,0.0005846322786945,0.0299433401870505,0.0004321195103394,0.0013217773257441,0.0003812819208877,0.0025927170620366,0.0002287691525326,0.0015251276835509,0.018225275818434,0.0005592134839686,0.00269439224094,0.0004067007156135,0.000660888662872,0.0002033503578067,0.0025418794725849,0.012989004104909,0.0003050255367101,0.0005083758945169,0.0004321195103394,0.0007117262523237,0.0005083758945169,0.0004067007156135,0.0002541879472584,0.0044482890770236,0.000152512768355,0.0002033503578067,0.0001779315630809,0.0002541879472584,0.016369703803447,0.0005083758945169,0.0001779315630809,0.0005337946892428,0.0272743667408364,0.000152512768355,0.0006863074575979,0.0006863074575979,0.0033298621090862,0.0105487998112275,0.0026181358567624,0.0015759652730026,0.0117689019580682,0.0001779315630809,0.0001779315630809,0.0046516394348304,0.0003558631261618,0.0010675893784856,0.0086678090015146,0.0007371450470496,0.0003050255367101,0.0035077936721672,0.000330444331436,0.0056938100185902,0.0142345250464756,0.0011438457626632,0.0008896578154047,0.0255967262889303,0.0650466957034485,0.0003812819208877,0.0021605975516971,0.0406192339719073,0.0004321195103394,0.0001270939736292,0.00673598060235,0.0006863074575979,0.0006100510734203,0.0003558631261618,0.0004829570997911,0.0010167517890339,0.0588699285850671,0.0250629315996875,0.0065326302445432,7.625638417754817e-05,0.0008642390206788,0.0003558631261618,0.00134719612047,0.0003050255367101,0.0014488712993734,0.000152512768355,0.0009913329943081,0.0004575383050652,0.0004575383050652,0.0044228702822977,0.0018301532202611,0.0066088866287208,0.0034823748774413,0.0006100510734203,0.0016013840677285,0.0017538968360836,0.01451413178846,0.0026181358567624,0.0002541879472584,0.000838820225953,0.0656567467768689,0.0056429724291385,0.0223939581534733,0.0011946833521149,0.0017284780413577,0.0882794740828749,0.0001016751789033,0.0002033503578067
2023-02-13,0.0007137864162526,0.0296935149161097,0.0004282718497515,0.0012610226687129,0.0004044789692098,0.0038782395283059,0.000380686088668,0.0016655016379228,0.0160601943656843,0.0004282718497515,0.0023554951736337,0.0005234433719186,0.0008327508189614,0.0001427572832505,0.0022365307709249,0.0114681684211257,0.0004044789692098,0.0002379288054175,0.0003331003275845,0.0006662006551691,0.0005948220135438,0.0002379288054175,0.0002617216859593,0.0038068608866807,0.0003331003275845,0.0004520647302933,0.0002617216859593,0.0001665501637922,0.0156557153964745,0.0004996504913768,0.0001427572832505,0.0007613721773361,0.0273142268619342,0.000190343044334,0.0007851650578779,0.0006662006551691,0.0033547961563873,0.00949335933616,0.0029503171871775,0.0015703301157558,0.0122771263595453,0.000190343044334,0.0001665501637922,0.005519948285687,0.0003568932081263,0.0007137864162526,0.0097788739026611,0.0006899935357108,0.0002141359248757,0.0026885955012182,0.000190343044334,0.006876142476567,0.0141091781612604,0.0013324013103382,0.0005710291330021,0.0231504727671272,0.0625990687053563,0.0003568932081263,0.0017130873990063,0.0418516768729463,0.0005472362524603,9.517152216701838e-05,0.0068047638349418,0.0004044789692098,0.0006424077746273,0.0004282718497515,0.0001189644027087,0.0012134369076294,0.0622659683777717,0.025006317449384,0.0070188997598176,9.517152216701838e-05,0.0009755081022119,0.0003568932081263,0.0013086084297965,0.0002617216859593,0.0012372297881712,0.0003331003275845,0.0010468867438372,0.0003568932081263,0.0004282718497515,0.004354097139141,0.0018796375627986,0.0043065113780575,0.0036641036034302,0.0005710291330021,0.0011896440270877,0.0026648026206765,0.0150133076218471,0.002617216859593,0.000190343044334,0.0006186148940856,0.0655731787730756,0.0067809709544,0.0203904986242836,0.0012610226687129,0.0017130873990063,0.0848692048924386,0.0001427572832505,2.379288054175459e-05
2023-02-20,0.0009062015357756,0.0305087850377786,0.0002265503839439,0.0014348190983113,0.0002265503839439,0.0036751506728677,0.0004279285030051,0.0018124030715512,0.0167143838820833,0.0004531007678878,0.0026682600775614,0.0004027562381224,0.0008055124762449,0.0002768949137092,0.002189987044791,0.010446489926302,0.0002517226488265,0.0003020671785918,0.0002768949137092,0.0006293066220663,0.0005286175625357,0.0002013781190612,0.0002265503839439,0.0039520455865769,0.0001762058541785,0.0002517226488265,0.0002265503839439,0.0002517226488265,0.0149523253402974,0.0005286175625357,0.0001762058541785,0.0004531007678878,0.0293005163234111,0.0004027562381224,0.0008810292708929,0.0012082687143674,0.0038513565270463,0.0095151161256438,0.0032975666996278,0.0018124030715512,0.0123092375276186,0.0003272394434745,0.0003272394434745,0.0044303186193473,0.0002265503839439,0.0008558570060102,0.0094395993309958,0.0007048234167143,0.0002265503839439,0.0030710163156839,5.034452976531125e-05,0.0062678939557812,0.0129133718848023,0.001459991363194,0.0008558570060102,0.0270098402190894,0.0682923546266447,0.0002517226488265,0.0019130921310818,0.0440766358095299,0.0003272394434745,0.0002517226488265,0.0068216837831996,0.000578962092301,0.000578962092301,0.0003524117083571,0.000578962092301,0.0010824073899541,0.0625530782333992,0.0273119073976813,0.0071489232266741,7.551679464796687e-05,0.000729995681597,0.0003272394434745,0.0010572351250715,0.0003272394434745,0.0014348190983113,0.0005537898274184,0.0012334409792501,0.0002768949137092,0.0004531007678878,0.0044303186193473,0.0018124030715512,0.0058399654527761,0.0035996338782197,0.0003524117083571,0.0012334409792501,0.0024165374287349,0.0152543925188893,0.0025675710180308,0.0003272394434745,0.0006041343571837,0.0640382418614759,0.0062175494260159,0.0234102063408697,0.0009565460655409,0.0021396425150257,0.0909725652859174,2.517226488265562e-05,0.0002768949137092
2023-02-27,0.0009026118726765,0.0350310986260424,0.0003659237321661,0.0015368796750979,0.0002439491547774,0.0033177085049733,0.0001707644083442,0.0018052237453531,0.0169788611725108,0.0004878983095549,0.0033421034204511,0.0005122932250326,0.0008782169571988,0.0003171339012106,0.0027322305335074,0.0105873933173415,0.0003171339012106,0.0003415288166884,0.0004147135631216,0.0009270067881543,0.0010977711964985,0.0001951593238219,0.0003171339012106,0.005269301743193,0.0003415288166884,0.0001951593238219,0.0002439491547774,9.757966191098164e-05,0.0151492425116799,0.0009026118726765,0.0003415288166884,0.0009270067881543,0.0303960646852707,0.0002195542392997,0.000853822041721,0.001244140689365,0.003830001730006,0.0120754831614839,0.003830001730006,0.0014149050977092,0.0141490509770923,0.0001951593238219,9.757966191098164e-05,0.0051961169967597,0.0003903186476439,0.0004878983095549,0.0093676475434542,0.0010245864500653,0.0002927389857329,0.0041227407157389,0.0002683440702551,0.0074160543052346,0.013124464527027,0.0014880898441424,0.0011709559429317,0.0290787392494725,0.0697450633508741,0.0004635033940771,0.0022687271394303,0.0461063902529388,0.0004878983095549,2.439491547774541e-05,0.0071477102349794,0.0004635033940771,0.0006342678024213,0.0003171339012106,0.0004147135631216,0.0010001915345875,0.0665249345078117,0.0292982934887722,0.007855162783834,0.0001707644083442,0.0010001915345875,0.0005854779714658,0.0018296186608309,0.0005122932250326,0.001146561027454,0.0003171339012106,0.0015856695060534,0.0003659237321661,0.0005366881405103,0.0044398746169496,0.002293122054908,0.0054888559824927,0.0040495559693057,0.0005366881405103,0.0012929305203205,0.0028298101954184,0.0167349120177333,0.0025126762942077,0.0002927389857329,0.0007562423798101,0.069940222674696,0.0076112136290565,0.0249559985337335,0.0009270067881543,0.0018784084917863,0.0908466652391239,9.757966191098164e-05,0.0002195542392997
2023-03-06,0.0008973918684455,0.0325486456068629,0.0003395536799523,0.0016977683997618,0.0002667921771054,0.00419591333084,0.0002425383428231,0.0019888144111496,0.0189422445744858,0.0006548535256224,0.003031729285289,0.0003880613485169,0.0006791073599047,0.0002667921771054,0.0023283680911019,0.010720194752782,0.0002667921771054,0.0004608228513639,0.0005335843542108,0.0010671687084217,0.0005335843542108,0.0003638075142346,0.0002425383428231,0.0044627055079454,0.00031529984567,0.00031529984567,0.0002667921771054,0.0001697768399761,0.015231407929292,0.0003638075142346,0.0002182845085408,0.0004608228513639,0.0287407936245399,0.0001940306742584,0.0007276150284693,0.0009458995370101,0.002958967782442,0.0115690789526629,0.0030074754510067,0.0014067223883741,0.0135093856952479,0.0002182845085408,0.0002910460113877,0.004972036027874,0.0001940306742584,0.0010186610398571,0.0103806410728296,0.0008246303655986,0.0002425383428231,0.003419790633806,0.0002667921771054,0.0076884654674929,0.0132668473524247,0.0014309762226564,0.0008488841998809,0.0307781157042542,0.0674256593048279,0.0002182845085408,0.0027406832739012,0.0445542935766075,0.0004608228513639,0.0001697768399761,0.0068153274333297,0.0004608228513639,0.0006548535256224,0.0003880613485169,0.0003395536799523,0.0007761226970339,0.0651943065508552,0.0271885482304719,0.0077612269703399,0.0002425383428231,0.0009216457027278,0.0004123151827993,0.0010186610398571,0.0002425383428231,0.0012369455483979,0.0005335843542108,0.0011399302112686,0.0004608228513639,0.0005335843542108,0.0040261364908638,0.0025223987653604,0.0070093581075882,0.0044384516736631,0.0006305996913401,0.0013824685540917,0.0032985214623944,0.016395591974843,0.0028376986110305,0.0001940306742584,0.000703361194187,0.06618871375643,0.0076884654674929,0.0270187713904958,0.0011884378798332,0.0022070989196904,0.0930862159755142,9.701533712924888e-05,0.0001455230056938
2023-03-13,0.0011065378727311,0.0373226003323261,0.0004841103193198,0.0016137010643995,0.0004610574469712,0.0047719445761528,0.0002766344681827,0.0018672826602337,0.018580615112943,0.0006454804257598,0.0030199262776619,0.0006915861704569,0.0008760091492454,0.0004149517022741,0.0035270894693303,0.0139700406432301,0.0003227402128799,0.000368845957577,0.0005071631916684,0.000899062021594,0.0005993746810626,0.0003918988299255,0.0005302160640169,0.0041034112780445,0.0004380045746227,0.0001844229787885,0.000368845957577,0.0002766344681827,0.0173357600061205,0.0009912735109882,0.0002305287234856,0.0007607447875026,0.0300378926701796,0.000207475851137,0.0007607447875026,0.0013140137238681,0.0041034112780445,0.0111114844720081,0.0045875215973643,0.0011526436174282,0.0166672267080122,0.0004149517022741,0.0001844229787885,0.0052099491507756,0.0001383172340913,0.0011065378727311,0.0104660040462483,0.0011987493621253,0.0003918988299255,0.0030890848947076,0.0002305287234856,0.0097513650034428,0.0160678520269495,0.0016828596814452,0.0010604321280339,0.0307755845853337,0.0741149846006352,0.0005993746810626,0.0022822343625078,0.0529755006570014,0.0002996873405313,0.0004380045746227,0.0080915581943461,0.0003457930852284,0.0005532689363655,0.0005763218087141,0.0005071631916684,0.0010373792556854,0.0760975316226117,0.0336571936289043,0.007515236385632,0.0001844229787885,0.0008760091492454,0.0004380045746227,0.0013601194685653,0.0006224275534112,0.0016598068090966,0.0006224275534112,0.0014062252132624,0.0002766344681827,0.0006224275534112,0.0047949974485014,0.002858556171222,0.0065239628746437,0.0045183629803186,0.0006224275534112,0.0006454804257598,0.003596248086376,0.0202404219220397,0.0032965607458447,0.0002766344681827,0.0006454804257598,0.0803392601347476,0.0097283121310942,0.0265569089455464,0.0013601194685653,0.0019364412772794,0.1034843439727065,0.0001383172340913,0.0003457930852284
2023-03-20,0.0010395592469263,0.0354631461280998,0.0003543951978157,0.001842855028642,0.0003071425047736,0.0042291160272684,0.0004489005838999,0.0021263711868947,0.0210274484037367,0.0005670323165052,0.0032131831268631,0.0004016478908578,0.0006142850095473,0.0004016478908578,0.0028115352360052,0.0139867971404631,0.0002835161582526,0.0002835161582526,0.0005197796234631,0.0008741748212789,0.0004016478908578,0.0003780215443368,0.0003307688512947,0.0032131831268631,0.0006142850095473,0.0002362634652105,0.0004489005838999,0.0001890107721684,0.0181922868212104,0.0012994490586578,0.0001890107721684,0.0009686802073631,0.0290367798743735,0.0002835161582526,0.0006615377025894,0.0012285700190947,0.0033076885129473,0.013065369626142,0.0039928525620578,0.0013230754051789,0.0145538294569683,0.0004489005838999,0.0003780215443368,0.0060719710559105,0.0003307688512947,0.0011104382864894,0.0109389984392473,0.0006142850095473,0.0003071425047736,0.002740656196442,0.0002126371186894,0.0082928476288894,0.016184047366921,0.0017483496425578,0.0010631855934473,0.0300054600817367,0.069272447999726,0.0003780215443368,0.0022445029194999,0.0518598306137103,0.0003780215443368,0.0001181317326052,0.0077730680054262,0.0007087903956315,0.0007796694351947,0.0003780215443368,0.0005906586630263,0.000921427514321,0.0713751928400997,0.030123591814342,0.0075368045402157,0.0001181317326052,0.0010868119399684,0.0007087903956315,0.0007796694351947,0.0005197796234631,0.0016302179099526,0.0002362634652105,0.0012758227121368,0.0004016478908578,0.0005434059699842,0.004536258532042,0.0024807663847105,0.0063791135606841,0.0044417531459578,0.0008032957817157,0.0008978011677999,0.0029296669686105,0.0172944856534104,0.0028587879290473,0.0003543951978157,0.0008978011677999,0.0743757388482734,0.0081983422428052,0.0263433763709735,0.0017719759890789,0.0022208765729789,0.0966081309245838,9.45053860842102e-05,0.0003307688512947
2023-03-27,0.0009610188968186,0.0344196504886882,0.0003287696225958,0.0017702979678237,0.0001770297967823,0.0049568343099066,0.0002276097387202,0.0020990675904196,0.019650307442844,0.0007586991290673,0.0033382761678962,0.000556379361316,0.0010115988387564,0.0003287696225958,0.0030600864872382,0.0140359338877457,0.0002528997096891,0.0004805094484093,0.0004552194774404,0.0009863088677875,0.0002528997096891,0.0002023197677512,0.0003034796516269,0.0023519673001087,0.0003034796516269,0.0003287696225958,0.0003287696225958,0.0001011598838756,0.0189168982847456,0.0012392085774766,0.0002528997096891,0.0005310893903471,0.0311572442336987,0.0002276097387202,0.000834569041974,0.0009863088677875,0.003110666429176,0.01138048693601,0.003970525442119,0.0013150784903833,0.0152498524942535,0.0003793495645336,0.0003540595935647,0.0066765523357925,0.0004046395355025,0.0010621787806942,0.0130496250199582,0.0008092790710051,0.000278189680658,0.0017197180258859,0.0001770297967823,0.0082951104778029,0.0168937006072327,0.0019220377936372,0.0013403684613522,0.0326493525208644,0.0704831490903557,0.0003540595935647,0.0020737776194507,0.0532353888895582,0.0008092790710051,0.0001517398258134,0.0077134411455179,0.0006575392451916,0.0005816693322849,0.0004299295064714,0.0004046395355025,0.0007334091580984,0.0713935880452365,0.0292857863819992,0.0070811918712951,0.0001770297967823,0.0009610188968186,0.0005057994193782,0.0009357289258497,0.0007081191871295,0.0016691380839481,0.0003540595935647,0.0012897885194144,0.000556379361316,0.0005057994193782,0.0047039346002175,0.0025037071259222,0.0069547420164506,0.0039958154130879,0.0006575392451916,0.0005057994193782,0.0032876962259584,0.0182846490105228,0.0032624062549895,0.000278189680658,0.0010115988387564,0.0761986825293297,0.0083204004487718,0.028223607601305,0.0016438481129792,0.002276097387202,0.1007552443401426,0.0001264498548445,0.0003034796516269
2023-04-03,0.0009926559890196,0.0380343978950671,0.0005224505205366,0.0014889839835294,0.0004963279945098,0.0043885843725077,0.0003395928383488,0.0022204147122807,0.0208718982954386,0.0007053082027244,0.0025077624985758,0.0006008180986171,0.0009926559890196,0.0003918378904024,0.0033698058574613,0.0140277964764086,0.0003395928383488,0.0005485730465634,0.0004179604164293,0.0007575532547781,0.0001828576821878,0.0003395928383488,0.0002612252602683,0.0028734778629515,0.0006008180986171,0.0002612252602683,0.0003395928383488,0.0002612252602683,0.0186514835831579,0.0008620433588854,0.0002351027342414,0.0009404109369659,0.0320000943828689,0.0002612252602683,0.0007314307287512,0.0012538812492879,0.0036571536437564,0.0125388124928792,0.0038922563779979,0.0012800037753147,0.0165616815010113,0.0003395928383488,0.0002612252602683,0.0054596079396078,0.0001567351561609,0.0007836757808049,0.0113632988216718,0.0006008180986171,0.0004702054684829,0.002011434504066,0.0003134703123219,0.0088816588491228,0.0167967842352528,0.001384493879422,0.0008620433588854,0.0309813158678225,0.0767479814668318,0.0003657153643756,0.0026644976547368,0.0541258739275955,0.0005746955725903,0.0002089802082146,0.0076277775998348,0.0003395928383488,0.0004963279945098,0.0005224505205366,0.0003657153643756,0.0011493911451806,0.0722026619381631,0.0315821339664396,0.0086726786409081,0.0001828576821878,0.0011493911451806,0.0004440829424561,0.0010971460931269,0.0004702054684829,0.0019853119780392,0.0002873477862951,0.001541229035583,0.0004963279945098,0.0006791856766976,0.0049110348930443,0.002168169660227,0.0068441018190299,0.004806544788937,0.0010449010410732,0.0006008180986171,0.0032391932273271,0.0193567917858823,0.0038661338519711,0.0003134703123219,0.0011232686191537,0.0801177873242931,0.0090122714792569,0.0270106919117441,0.0017763317698245,0.0024555174465221,0.1070762341839836,0.0001828576821878,0.0003134703123219
2023-04-10,0.0014248682903475,0.0400191456030375,0.0002948003359339,0.0018916354889096,0.0002456669466116,0.0039552378404475,0.0004667671985621,0.0023338359928106,0.0200218561488493,0.0008107009238184,0.0029725700540009,0.0004422005039009,0.0007370008398349,0.0002948003359339,0.0029725700540009,0.0154770176365338,0.0003439337252563,0.0003930671145786,0.0004176338092398,0.0008107009238184,0.0003439337252563,0.0003193670305951,0.0002948003359339,0.0019653355728931,0.0005159005878844,0.0002702336412728,0.0003930671145786,0.0001228334733058,0.0205623234313949,0.0011300679544135,0.0002211002519504,0.0011546346490747,0.0318384362808696,0.0001474001679669,0.0010072344811077,0.0014740016796698,0.0035621707258689,0.0112269794601523,0.0037095708938358,0.0016214018476368,0.0156244178045008,0.0004176338092398,0.0001965335572893,0.0062153737492747,0.0002948003359339,0.0012774681223805,0.0113743796281193,0.0006387340611902,0.0001965335572893,0.0016705352369592,0.0002211002519504,0.0095073108338707,0.0184250209958736,0.0015968351529757,0.0011546346490747,0.0282271321656784,0.0701379132576256,0.0005650339772067,0.0023338359928106,0.0559137970488111,0.0006387340611902,0.0001719668626281,0.0081315759328455,0.0002948003359339,0.0006633007558514,0.0004176338092398,0.0002948003359339,0.0010072344811077,0.0781712224118265,0.0310277353570512,0.0081315759328455,0.0003685004199174,0.0007861342291572,0.0006878674505126,0.0005404672825456,0.0005404672825456,0.0011300679544135,0.0003685004199174,0.0017196686262815,0.0003439337252563,0.0007370008398349,0.0048396388482494,0.0022847026034883,0.0056503397720679,0.0052327059628281,0.0010072344811077,0.0004422005039009,0.0031936703059514,0.0189163548890969,0.0034147705579019,0.0001228334733058,0.0008598343131407,0.0834776284586381,0.0094090440552261,0.0245175612718425,0.0016705352369592,0.0025795029394223,0.1071599221120011,0.0001228334733058,0.0001474001679669
2023-04-17,0.0009996278177602,0.040437325294633,0.0003808105972419,0.0019040529862099,0.0003094086102591,0.0045935278292314,0.0002142059609486,0.0022610629211242,0.0203495662901184,0.000880624506122,0.0022372622587966,0.0003808105972419,0.0008330231814668,0.0003094086102591,0.0033320927258673,0.0134235735527799,0.0002380066232762,0.0003094086102591,0.0003808105972419,0.0008568238437944,0.0002618072856038,0.0001666046362933,0.0002618072856038,0.0024752688820728,0.0005712158958629,0.0002618072856038,0.0003570099349143,0.0002380066232762,0.0180409020443389,0.0013090364280193,0.0002618072856038,0.0005712158958629,0.0304886484416862,0.0002618072856038,0.0006188172205182,0.0012138337787088,0.0034986973621607,0.0120431351377777,0.004426923192938,0.0018088503368994,0.0158988424348528,0.0003332092725867,0.0002856079479314,0.0054741523353535,0.0004522125842248,0.0006664185451734,0.0093060589701009,0.0007616211944839,0.0003570099349143,0.0019516543108651,0.0002380066232762,0.0100438795022573,0.0163748556814052,0.0015470430512955,0.0010472291424154,0.0306552530779796,0.0706641664507155,0.0004998139088801,0.0025466708690557,0.0525994637440489,0.0002618072856038,0.0001190033116381,0.0077352152564777,0.0003094086102591,0.0004760132465524,0.0006664185451734,0.0003808105972419,0.0010472291424154,0.0745198737477905,0.0313454722854807,0.0079256205550987,0.0002142059609486,0.0011900331163811,0.0004998139088801,0.0007140198698287,0.0008092225191392,0.0013090364280193,0.0003094086102591,0.0015708437136231,0.0004760132465524,0.0006664185451734,0.0043555212059551,0.00240386689509,0.0073306039969081,0.0049505377641457,0.0005950165581905,0.0008568238437944,0.0037843053100922,0.0188501245634781,0.0032130894142292,0.0002380066232762,0.0008330231814668,0.0795656141612468,0.0100914808269125,0.0267519444562493,0.0015470430512955,0.002784677492332,0.106388960604479,9.52026493104958e-05,0.0003570099349143
2023-04-24,0.0008174759083999,0.0418445480612234,0.0004598301984749,0.0019415052824499,0.0004087379541999,0.0040107411755873,0.0003065534656499,0.0025801583358874,0.0173458169313618,0.0007919297862624,0.0036020032213873,0.0003320995877874,0.0009707526412249,0.0003576457099249,0.0033465420000123,0.0162984259237243,0.0004598301984749,0.0003831918320624,0.0005364685648874,0.0010473910076374,0.0002043689770999,0.0003320995877874,0.0004087379541999,0.0026312505801624,0.0004598301984749,0.0002299150992374,0.0002554612213749,0.0002043689770999,0.0212799197405367,0.0018137746717624,0.0002810073435124,0.0005875608091624,0.0346149954963112,0.0002043689770999,0.0007408375419874,0.0013794905954249,0.0036020032213873,0.011878946793937,0.0048537632061248,0.0018393207938999,0.0164517026565493,0.0001788228549624,0.0002554612213749,0.0064376227786497,0.0003065534656499,0.0009707526412249,0.012696422702337,0.0007152914198499,0.0003831918320624,0.0018648669160374,0.0003065534656499,0.0099374415114871,0.0187508536489243,0.0014050367175624,0.0012773061068749,0.0347682722291362,0.0772259272216596,0.0004853763206124,0.0030399885343623,0.0592925494811353,0.0004342840763374,0.0001532767328249,0.0073828292977372,0.0005620146870249,0.0005109224427499,0.0005875608091624,0.0005875608091624,0.0010473910076374,0.0816964985957219,0.0321370216489738,0.0076127443969747,0.0002043689770999,0.0010473910076374,0.0006386530534374,0.0009196603969499,0.0008430220305374,0.0016604979389374,0.0004342840763374,0.0014305828396999,0.0005364685648874,0.0006386530534374,0.0044705713740623,0.0029122579236748,0.0078426594962122,0.0055435085038372,0.0003831918320624,0.0009707526412249,0.0040873795419998,0.0197216062901492,0.0042406562748248,0.0004342840763374,0.0010218448854999,0.0809045688094595,0.0099629876336246,0.0306553465649988,0.0016604979389374,0.0027334350687123,0.1140634353439333,7.663836641249715e-05,0.0002299150992374
2023-05-01,0.0010761692989762,0.0397465194421877,0.000167404113174,0.0023197427111264,0.0001434892398634,0.0050699531418434,0.0002391487331058,0.0027741253040275,0.0181513888427319,0.0008609354391809,0.0026784658107852,0.0002869784797269,0.0008370205658703,0.0002869784797269,0.0031328484036862,0.0150185404390456,0.000454382592901,0.0005500420861433,0.0002630636064164,0.0010522544256656,0.0003826379729693,0.0003108933530375,0.0003587230996587,0.0022001683445735,0.0004065528462798,0.0001913189864846,0.000454382592901,0.0002391487331058,0.0203037274406843,0.0010522544256656,9.565949324232911e-05,0.0007652759459386,0.0317828666297638,0.0003108933530375,0.0007652759459386,0.0013631477787031,0.0038502946030037,0.011335649949216,0.0037068053631402,0.0013631477787031,0.0160947097380218,0.0003826379729693,0.0002869784797269,0.0066244199070312,0.000167404113174,0.0009805098057338,0.0108095227363831,0.0007652759459386,0.0002869784797269,0.0017936154982936,4.782974662116456e-05,0.0095898641975434,0.0178883252363155,0.0014348923986349,0.0014827221452561,0.0305392932176135,0.073394746190177,0.0003108933530375,0.0028697847972698,0.0551237829808921,0.0004065528462798,0.0001434892398634,0.0078919081924921,0.000454382592901,0.0004782974662116,0.0004065528462798,0.0003108933530375,0.001028339552355,0.0814779733691538,0.0314480584034157,0.0086332692651202,0.0003108933530375,0.0012674882854608,0.0006457015793857,0.0006935313260068,0.0004304677195904,0.0015066370185666,0.0002630636064164,0.0017218708783619,0.0004782974662116,0.0006457015793857,0.0049025490286693,0.0023914873310582,0.0059069737077138,0.0043764218158365,0.0007891908192492,0.0006696164526963,0.0043764218158365,0.0189405796619811,0.0032524227702391,0.0001195743665529,0.0009805098057338,0.0826498021613723,0.0095898641975434,0.0259715524152923,0.0013392329053926,0.0032285078969286,0.1079039083773472,0.0002630636064164,0.0003108933530375
2023-05-08,0.0007238517464589,0.0404581422574369,0.0002068147847025,0.0015769627333569,0.0001551110885269,0.005144517769476,0.000284370328966,0.0021457033912889,0.0195957008505669,0.0006462962021954,0.0031280736186261,0.000568740657932,0.0009565183792493,0.0002068147847025,0.0035934068842068,0.0151750348275498,0.0004911851136685,0.0005428888098442,0.0004911851136685,0.0009306665311614,0.0002585184808781,0.0003619258732294,0.000284370328966,0.0023008144798159,0.0007238517464589,0.0004136295694051,0.0004136295694051,0.0001034073923512,0.0209658487992213,0.0012925924043909,0.0001551110885269,0.0008272591388102,0.0314616991228758,0.0004911851136685,0.0009048146830736,0.0014477034929178,0.0042655549344901,0.0120728130570115,0.0049377029847734,0.001990592302762,0.0168295531051702,0.0004653332655807,0.000284370328966,0.0073677767050284,0.0003619258732294,0.0009048146830736,0.0121762204493628,0.0004653332655807,0.0002585184808781,0.0017320738218838,0.0003102221770538,0.0107543688045327,0.0184582195347028,0.0018613330623229,0.0012150368601274,0.0345380690453263,0.0784862107946188,0.0005428888098442,0.0024042218721671,0.0590456210325789,0.000284370328966,0.000284370328966,0.0082984432361899,0.0004911851136685,0.0006462962021954,0.0003360740251416,0.0004394814174929,0.0006462962021954,0.080321692008854,0.0334781432737257,0.0080916284514873,0.0003360740251416,0.0011116294677762,0.000853110986898,0.0007755554426345,0.0006721480502832,0.001706221973796,0.0007238517464589,0.0017837775180595,0.0005170369617563,0.0005428888098442,0.0051962214656516,0.002559332960694,0.0074970359454675,0.0055064436427054,0.0006204443541076,0.0005945925060198,0.0046533326558074,0.0199576267237963,0.0036709624284703,0.0003102221770538,0.0009823702273371,0.083036136058075,0.010857776196884,0.0297813289971676,0.0019130367584986,0.0023783700240793,0.1154285017121124,0.0001809629366147,0.0004136295694051
2023-05-15,0.0013552987185721,0.0386136925818651,0.0003203433334806,0.0017249256418191,0.0002710597437144,0.0050022843612754,0.0004435523078963,0.0020699107701829,0.0194177343679066,0.0004928358976626,0.0037209110273526,0.0003696269232469,0.0008378210260264,0.0002710597437144,0.0032034333348069,0.0127151661596952,0.0002957015385975,0.0003449851283638,0.0006160448720782,0.000763895641377,0.0002710597437144,0.0004435523078963,0.0004189105130132,0.0022916869241311,0.0005667612823119,0.0002957015385975,0.0003203433334806,0.0002464179488313,0.0177667341107369,0.0011828061543902,0.0001724925641819,0.0007146120516107,0.0329953633485114,0.000197134359065,0.0005914030771951,0.0012074479492733,0.0039673289761839,0.011557001800188,0.0038441200017683,0.0014785076929878,0.0160664502638009,0.0002464179488313,0.0001232089744156,0.0059633143617175,0.000197134359065,0.0011088807697408,0.0101031359020834,0.0006406866669613,0.0002957015385975,0.0019220600008841,0.0002710597437144,0.0081071505165498,0.0155489725712551,0.0014785076929878,0.000961030000442,0.0363959310423833,0.0733093397773125,0.0003696269232469,0.0028091646166768,0.0547540682303154,0.0004681941027794,0.0001478507692987,0.0078114489779522,0.0004681941027794,0.0006406866669613,0.0004189105130132,0.0005421194874288,0.0013552987185721,0.0746399967010015,0.0320343333480693,0.007762165388186,0.0002464179488313,0.000961030000442,0.0006406866669613,0.0008871046157926,0.0005667612823119,0.0012567315390396,0.00039426871813,0.0013060151288059,0.0003696269232469,0.0005914030771951,0.0048051500022104,0.0023902541036636,0.0076882400035366,0.0050762097459248,0.0006406866669613,0.0007885374362601,0.0033512841041057,0.0191959582139584,0.0039919707710671,0.0002710597437144,0.0011828061543902,0.0756995938809761,0.0082550012858486,0.0320836169378356,0.0011581643595071,0.0023656123087805,0.1068714644081359,7.392538464939077e-05,0.00039426871813
2023-05-22,0.0008479611967583,0.0389034318755199,0.0005396116706644,0.0021584466826576,0.0004111327014585,0.0044967639222034,0.0002055663507292,0.0027751457348455,0.0193746285562365,0.000488220082982,0.0033661489931922,0.0005396116706644,0.0007194822275525,0.0003597411137762,0.0024924920025927,0.0138500328803865,0.0004625242891409,0.0006680906398702,0.0005910032583467,0.0011306149290111,0.0001798705568881,0.000642394846029,0.0004111327014585,0.0025181877964339,0.0005396116706644,0.0003854369076174,0.0001541747630469,0.0001027831753646,0.0188864084732544,0.0008479611967583,0.0002312621445704,0.0010021359598053,0.0325565707967528,0.0003597411137762,0.0009764401659641,0.0012590938982169,0.003957152251539,0.0112033661147468,0.0048822008298208,0.0020556635072929,0.017884272513449,0.0002312621445704,0.0003083495260939,0.0066295148110199,0.0002569579384116,0.0010021359598053,0.0120770231053463,0.0004368284952997,0.0003340453199351,0.0016702265996755,0.0003340453199351,0.0100470553918945,0.0168564407598025,0.001593139218152,0.0010278317536464,0.0323767002398647,0.0745691937270534,0.0005653074645055,0.0023383172395457,0.0598711996499085,0.0005396116706644,0.0002312621445704,0.0078629129153957,0.000488220082982,0.0005396116706644,0.0004368284952997,0.0003854369076174,0.0015417476304697,0.0776783847818341,0.0330190950858937,0.0083511329983778,5.139158768232495e-05,0.0010278317536464,0.0009250485782818,0.0009250485782818,0.0005396116706644,0.001901488744246,0.0004111327014585,0.0019528803319283,0.0002826537322527,0.000642394846029,0.0046509386852504,0.0028779289102101,0.0070149517186373,0.0050106797990266,0.0008479611967583,0.0006937864337113,0.0042141101899506,0.0213275088881648,0.0041113270145859,0.0004368284952997,0.0007194822275525,0.0817126244148966,0.0102783175364649,0.0280341110807082,0.0013618770735816,0.0029550162917336,0.1128045349627032,0.0001027831753646,0.0004625242891409
2023-05-29,0.001255322060005,0.0413763996640877,0.0002707557384324,0.0021414317494203,0.0001969132643145,0.0052920439784526,0.0003692123705897,0.002584486594128,0.0205774361208669,0.0007630388992187,0.0032982971772681,0.0002461415803931,0.0010584087956905,0.0004184406866683,0.0039382652862903,0.0130455037608367,0.0002215274223538,0.0004676690027469,0.0004430548447076,0.0012060937439264,0.0003692123705897,0.0003692123705897,0.0003445982125504,0.0029536989647177,0.0005168973188256,0.000319984054511,0.0004430548447076,0.000319984054511,0.0177468079463458,0.0011076371117691,0.0003692123705897,0.0012799362180443,0.0308907683393397,0.0002215274223538,0.0007384247411794,0.001255322060005,0.0032736830192288,0.0131439603929939,0.0042828634988407,0.0019691326431451,0.0159992027255544,0.0002953698964717,0.000319984054511,0.0063012244580645,0.000393826528629,0.0007384247411794,0.0101902614282762,0.0007384247411794,0.0004676690027469,0.0022645025396169,0.0003445982125504,0.0085903411557207,0.0159992027255544,0.0012799362180443,0.000861495531376,0.0352228601542591,0.0768207872407007,0.0005168973188256,0.0032490688611895,0.0573017599155243,0.0006891964251008,0.0003692123705897,0.0080980579949344,0.0006399681090221,0.0004922831607862,0.0004676690027469,0.0003692123705897,0.0012060937439264,0.0774607553497229,0.0350997893640625,0.0086641836298387,0.0002707557384324,0.0007630388992187,0.0005661256349042,0.0011076371117691,0.0006645822670614,0.001649148588634,0.0004184406866683,0.0017722193788306,0.0003445982125504,0.0005661256349042,0.0049720599239415,0.0022398883815776,0.0077780739404234,0.0056858705070816,0.0008368813733366,0.0004676690027469,0.0036921237058971,0.0194944131671371,0.0038151944960937,0.000319984054511,0.0006645822670614,0.0804882967885586,0.0086395694717994,0.030127729440121,0.0015999202725554,0.002978313122757,0.1086715077435738,2.461415803931456e-05,0.0002461415803931
2023-06-05,0.0010938726275818,0.039403722873561,0.0003646242091939,0.001750196204131,0.0002673910867422,0.0051776637705542,0.0004375490510327,0.0023579032194543,0.0191792334036025,0.0006320152959362,0.0039136331786818,0.0006320152959362,0.0007535566990008,0.0003889324898068,0.0035247006888749,0.0134667874595637,0.0002916993673551,0.0004132407704198,0.0004132407704198,0.0013612637143241,0.0003646242091939,0.0001944662449034,0.0001944662449034,0.0023579032194543,0.0004132407704198,0.0005104738928715,0.0002916993673551,0.0002187745255163,0.0178908945311171,0.0007535566990008,0.0001701579642905,0.0009480229439043,0.032718945705005,0.0002673910867422,0.0007292484183879,0.0012883388724853,0.0033059261633586,0.0124215313932077,0.0045942650358439,0.0016286548010663,0.0166754805004706,0.0005347821734844,0.0002916993673551,0.006684777168556,0.0004132407704198,0.000680631857162,0.0107928765921413,0.0005347821734844,0.0001701579642905,0.0017988127653568,0.0002916993673551,0.0091156052298491,0.0166268639392447,0.0012640305918724,0.0011181809081948,0.0352470068887499,0.0743104138337299,0.0003889324898068,0.0025037529031318,0.0576835498944851,0.0004618573316456,0.0001215414030646,0.0080460408828801,0.0004375490510327,0.0003646242091939,0.0005104738928715,0.000340315928581,0.0009723312245172,0.077081557823604,0.0321841635315206,0.0086537478982034,0.0001701579642905,0.0011424891888077,0.0005590904540974,0.0008994063826784,0.0004132407704198,0.0017015796429051,0.0004861656122586,0.0014341885561629,0.0003160076479681,0.0003889324898068,0.004910272683812,0.0028683771123258,0.0082891236890094,0.0053721300154577,0.0006320152959362,0.0007049401377749,0.0037677834950043,0.0200300232250551,0.0035247006888749,0.0003646242091939,0.0008994063826784,0.0802902508645109,0.0089454472655585,0.0309930577814869,0.0013612637143241,0.0025037529031318,0.110213744299029,7.29248418387929e-05,0.0004618573316456
2023-06-12,0.0012755604609282,0.0406178468342645,0.0004501978097393,0.0017507692600976,0.0003251428625895,0.0049521759071332,0.0002501098942996,0.0022509890486969,0.0186081761358945,0.0006002637463191,0.0033764835730453,0.0004752087991693,0.0009754285877686,0.0002501098942996,0.0032514286258955,0.0128556485670024,0.0004251868203094,0.0006252747357491,0.0004251868203094,0.0012505494714982,0.0002501098942996,0.0003251428625895,0.0002000879154397,0.0022760000381268,0.0005752527568892,0.0003001318731595,0.0002751208837296,0.0002000879154397,0.0170324838018067,0.0006252747357491,0.0002751208837296,0.0011755165032083,0.030013187315959,0.0002501098942996,0.0008503736406188,0.0010004395771986,0.0039017143510746,0.0122053628418233,0.0044519561185339,0.0019508571755373,0.0154067694888589,0.0002250989048696,0.0002250989048696,0.0060276484526217,0.0002000879154397,0.0009003956194787,0.0099543737931264,0.0006002637463191,0.0001750769260097,0.0015506813446578,0.0002250989048696,0.0091540221313674,0.0148815387108296,0.0009254066089087,0.0010504615560585,0.0365160445677501,0.0735323089240995,0.0005252307780292,0.0026761758690063,0.0565748580905827,0.0005252307780292,0.0002000879154397,0.0073782418818399,0.0005002197885993,0.0005002197885993,0.0005252307780292,0.0002000879154397,0.0010254505666285,0.0756582430256466,0.0312887477768872,0.0090289671842176,0.0002250989048696,0.0010254505666285,0.0006002637463191,0.000700307704039,0.0003751648414494,0.0018258022283875,0.0002250989048696,0.0020509011332571,0.0002250989048696,0.0005252307780292,0.0046520440339736,0.0029512967527359,0.0070781100086803,0.0049521759071332,0.0005502417674592,0.0005252307780292,0.0037766594039248,0.0183580662415949,0.0039017143510746,0.0001250549471498,0.0009754285877686,0.0776341111906139,0.0091790331207974,0.0312637367874572,0.001450637386938,0.0026261538901464,0.108322595221182,0.0001250549471498,0.0002751208837296
2023-06-19,0.0014221653621782,0.0378246085800397,0.0002994032341427,0.0018463199438805,0.0001497016170713,0.0043413468950705,0.0001996021560951,0.002470076681678,0.0186378513253889,0.000973060510964,0.0036926398877611,0.0005239556597498,0.0008233588938926,0.0002495026951189,0.002719579376797,0.0132485931108186,0.000224552425607,0.0007485080853569,0.0003493037731665,0.0010229610499878,0.0001247513475594,0.0001746518865832,0.0002744529646308,0.0019960215609519,0.0004491048512141,0.0002744529646308,0.0002744529646308,0.0001247513475594,0.0180639951266152,0.0006237567377974,9.980107804759814e-05,0.0010728615890116,0.0294662682935533,0.0002994032341427,0.0008982097024283,0.0010728615890116,0.002969082071916,0.0112276212803547,0.0043163966255586,0.0018463199438805,0.0152196644022587,0.0003243535036546,0.0001247513475594,0.0062874679169986,0.0003742540426784,0.0008483091634045,0.0104541629254859,0.0006736572768212,0.0003243535036546,0.001472065901202,0.000224552425607,0.0082086386694149,0.0157436200620086,0.0015219664402258,0.0010479113194997,0.0323355492874218,0.0656441590858076,0.0005239556597498,0.0024950269511899,0.0557389020895835,0.0004241545817022,0.0001746518865832,0.0080090365133197,0.0004491048512141,0.0005738561987736,0.0004241545817022,0.000224552425607,0.0011477123975473,0.0739775491027821,0.0298654726057437,0.0067615230377247,0.0001497016170713,0.0011477123975473,0.0003992043121903,0.0006237567377974,0.0003493037731665,0.0015718669792496,0.0004241545817022,0.0015469167097377,0.0002744529646308,0.0006736572768212,0.0037674906962968,0.0033183858450826,0.0068613241157723,0.0053643079450584,0.000723557815845,0.0005738561987736,0.0038423415048325,0.0187376524034365,0.0033682863841064,0.000474055120726,0.000723557815845,0.0765224765929958,0.0082335889389268,0.0272207440374823,0.0017465188658329,0.0027445296463089,0.104067574134133,0.0003243535036546,0.000474055120726
2023-06-26,0.0009968297857013,0.041435789470503,0.0002155307644759,0.0020744836080811,0.0001347067277974,0.0046339114362331,0.0001616480733569,0.002451662445914,0.0199904784051451,0.0006196509478683,0.0025324864825925,0.0004849442200709,0.0009968297857013,0.0002424721100354,0.0030443720482229,0.0142519718009727,0.0001077653822379,0.0003232961467139,0.0004849442200709,0.0014009499690937,0.0002963548011544,0.0001616480733569,0.0003502374922734,0.0025863691737115,0.0005388269111898,0.0003502374922734,0.0004041201833924,0.0002963548011544,0.0181045842159805,0.0005927096023088,8.082403667848453e-05,0.0012123605501772,0.0309286647023,0.0002424721100354,0.0008351817123443,0.0012123605501772,0.0033137855038178,0.012581608376284,0.0038256710694482,0.0017781288069266,0.0166228102102083,0.0002155307644759,0.0003771788378329,0.0070586325365876,0.0002963548011544,0.0007274163301063,0.0120697228106536,0.0006465922934278,0.0002155307644759,0.0020744836080811,0.0001077653822379,0.00746275271998,0.0164072794457323,0.0014817740057722,0.0012123605501772,0.0355086934474142,0.0745736445086817,0.0004041201833924,0.0023708384092355,0.0594864909953646,0.0002963548011544,0.0003502374922734,0.0084595825056813,0.0004849442200709,0.0004041201833924,0.0004041201833924,0.0002424721100354,0.0011584778590582,0.0761093012055729,0.0324912627447507,0.0086481719245978,0.0002694134555949,0.0008351817123443,0.0008082403667848,0.0007812990212253,0.0004849442200709,0.0015087153513317,0.0004041201833924,0.0018320114980456,0.0003771788378329,0.0005388269111898,0.005172738347423,0.0026671932103899,0.0087559373068358,0.0047686181640305,0.0007274163301063,0.0006465922934278,0.0028557826293064,0.0199365957140261,0.0032868441582583,0.0002694134555949,0.0011315365134987,0.0784531982692489,0.007516635411099,0.0307939579745026,0.0016973047702481,0.0027480172470684,0.1055831332476603,0.0,0.0004310615289519
2023-07-03,0.0012926427321934,0.0393738976226131,0.0003360871103703,0.0018355526797147,0.0002843814010825,0.0046018081266087,0.0003360871103703,0.0022750512086605,0.020397902314013,0.0009307027671793,0.0030764897026204,0.0003619399650141,0.0009307027671793,0.0003102342557264,0.0031799011211959,0.0124869287929889,0.000387792819658,0.0007238799300283,0.0004394985289457,0.0013960541507689,0.0001292642732193,0.0004912042382335,0.0004394985289457,0.0022491983540166,0.0005170570928773,0.0004136456743019,0.0004394985289457,0.0002843814010825,0.0169336197917344,0.0008531442032476,0.0001034114185754,0.0010341141857547,0.0315404826655207,0.0002843814010825,0.0006721742207406,0.0013443484414812,0.0035159882315662,0.0126937516301399,0.0041881624523068,0.0016028769879199,0.0174765297392557,0.0002585285464386,0.0003619399650141,0.0056100694577196,0.0002326756917948,0.0004653513835896,0.0100309076018213,0.0005170570928773,0.0003360871103703,0.0018096998250708,0.0002585285464386,0.007316357864215,0.0147619800016494,0.0013960541507689,0.0010599670403986,0.0321350983223297,0.0692856504455701,0.0003619399650141,0.0020940812261534,0.0599269170644893,0.0005946156568089,0.0002585285464386,0.0085314420324769,0.000387792819658,0.0004653513835896,0.0004653513835896,0.0001034114185754,0.0012667898775496,0.0745337799382756,0.0359354679549785,0.0099274961832458,0.0001034114185754,0.0009048499125354,0.0003619399650141,0.000775585639316,0.0005946156568089,0.0014994655693444,0.0004912042382335,0.0022750512086605,0.000180969982507,0.0006204685114528,0.0055583637484319,0.0019906698075779,0.0066441836434744,0.0052739823473493,0.0005429099475212,0.0005687628021651,0.003360871103703,0.0215871336276309,0.0036452525047855,0.0002326756917948,0.0012150841682618,0.078799500954514,0.0071612407363518,0.0281796115618177,0.0018355526797147,0.0026111383190308,0.107134229644195,0.0001551171278632,0.0002068228371509
2023-07-10,0.0011988236427007,0.0412291087554904,0.0004691049036655,0.0013812533274595,0.0003127366024436,0.0049516628720247,0.0003127366024436,0.001876419614662,0.018920564447842,0.0007818415061091,0.00284069080553,0.0006515345884243,0.0007818415061091,0.0003127366024436,0.0029970591067518,0.0106591058666217,0.0002345524518327,0.0005733504378133,0.0004430435201285,0.000938209807331,0.0001563683012218,0.0002345524518327,0.0003387979859806,0.0025279542030863,0.0006515345884243,0.0002606138353697,0.0004169821365915,0.0002084910682957,0.0152459093691289,0.0009642711908679,0.0002084910682957,0.0007557801225722,0.0278335576174866,0.0001824296847588,0.0006254732048873,0.0012770077933116,0.0032837343256585,0.0120142978105443,0.00370071646225,0.0017721740805141,0.0147246816983894,0.0004169821365915,0.0002345524518327,0.0062026092817994,0.0001824296847588,0.0007297187390352,0.0101900009629562,0.0007557801225722,0.0002084910682957,0.0020849106829577,0.0002084910682957,0.0071147577055934,0.013187060069708,0.000886087040257,0.0011206394920898,0.0329676501742702,0.0711215156723979,0.0007036573554982,0.0022152176006426,0.053008854114202,0.0004430435201285,0.0002084910682957,0.0073753715409632,0.0004691049036655,0.0004430435201285,0.0004951662872024,0.0002345524518327,0.0008339642731831,0.0729979352870599,0.0304918187382578,0.0076359853763329,5.212276707394499e-05,0.0013551919439225,0.0007036573554982,0.0006775959719612,0.0005212276707394,0.0015115602451444,0.0003648593695176,0.0015115602451444,0.0003387979859806,0.0004951662872024,0.0045086193518962,0.002762506654919,0.0069844507879086,0.0050819697897096,0.0007557801225722,0.0006515345884243,0.0031013046408997,0.0178259863392891,0.0026321997372342,0.0002606138353697,0.00086002565672,0.0739882678614649,0.0070365735549825,0.0284069080553,0.0015115602451444,0.0021630948335687,0.1009096770551575,0.0004691049036655,0.0002084910682957
2023-07-17,0.0009167089072662,0.0368516980721012,0.0003143001967769,0.0019643762298561,0.0002357251475827,0.0040073275089065,0.0002357251475827,0.0025144015742158,0.017391277554993,0.0004714502951654,0.003431110481482,0.0004714502951654,0.0009429005903309,0.0003404918798417,0.002802510087928,0.0109481235210649,0.0003404918798417,0.0006286003935539,0.0002881085137122,0.0008119421750072,0.0001571500983884,0.0002095334645179,0.0001833417814532,0.0024096348419568,0.0005500253443597,0.0002881085137122,0.0003666835629064,0.0001833417814532,0.0151387928114246,0.0007333671258129,0.0001571500983884,0.0009429005903309,0.0278417590978277,0.0002095334645179,0.0006547920766187,0.0011262423717841,0.0024882098911511,0.0119957908436548,0.0031430019677698,0.0017810344484029,0.0145101924178707,0.0003404918798417,0.0002095334645179,0.0052645282960144,0.0002619168306474,0.0008119421750072,0.0099004561984749,0.0005238336612949,0.0004452586121007,0.0022001013774388,0.0001833417814532,0.007490821356518,0.0133839500460865,0.0013881592024316,0.0009690922733956,0.0332896291752954,0.0645624987546052,0.0006547920766187,0.0026191683064748,0.049371322577051,0.0005238336612949,0.0002357251475827,0.0073598629411943,0.0004714502951654,0.0004190669290359,0.0004190669290359,0.0004452586121007,0.0009429005903309,0.068438867848188,0.0279465258300867,0.0072027128428058,0.0001833417814532,0.0008381338580719,0.0003143001967769,0.0009429005903309,0.0004190669290359,0.0015191176177554,0.0002881085137122,0.0015191176177554,0.0003666835629064,0.0005238336612949,0.004269244339554,0.0025667849403453,0.008014655017813,0.0042430526564892,0.0009429005903309,0.0006286003935539,0.003535877213741,0.0174436609211225,0.0027501267217986,0.0002357251475827,0.0007333671258129,0.067600733990116,0.0073336712581296,0.0289680014696119,0.0012572007871079,0.0027763184048633,0.0995545873291093,0.0001309584153237,0.0003143001967769
2023-07-24,0.0009028124599061,0.0404406875422687,0.0003982996146644,0.0019118381503895,0.0003451929993758,0.0045140622995309,0.0003186396917315,0.0023897976879869,0.0198087675026477,0.0006903859987517,0.003372270070826,0.0006903859987517,0.0013542186898592,0.000451406229953,0.0039298895313563,0.0138873798979688,0.0003451929993758,0.0005045128452416,0.0002389797687986,0.0011948988439934,0.0003717463070201,0.0003186396917315,0.0003717463070201,0.0024694576109198,0.000451406229953,0.0003717463070201,0.0001593198458657,0.00018587315351,0.0183217822745669,0.0007434926140403,0.0002389797687986,0.0010090256904833,0.0309611567132537,0.0004779595375973,0.0008762591522618,0.0011683455363491,0.0043281891460208,0.0109134094418072,0.0038502296084234,0.0019914980733224,0.0146574258196535,0.0002920863840872,0.00018587315351,0.0062134739887661,0.000451406229953,0.0010090256904833,0.0111258359029616,0.0007965992293289,0.0002920863840872,0.002044604688611,0.0002124264611543,0.0073818195251153,0.0160381978171571,0.0014869852280807,0.0008497058446175,0.035687645473939,0.0745351345575498,0.0005576194605302,0.0027880973026514,0.0581782970486611,0.0004248529223087,0.0001327665382214,0.0082315253697329,0.0006372793834631,0.0005045128452416,0.0002655330764429,0.00018587315351,0.001513538535725,0.072517083176583,0.0320763956343143,0.0083377386003101,0.0003186396917315,0.0012745587669263,0.0003717463070201,0.0009559190751947,0.0005576194605302,0.0011683455363491,0.0003982996146644,0.0017525183045237,0.0002389797687986,0.0005310661528859,0.0053637681441485,0.0030536303790944,0.0080456522162228,0.0048061486836182,0.0006107260758188,0.0003982996146644,0.0031332903020273,0.0182155690439897,0.00284120391794,0.0003451929993758,0.0009559190751947,0.0770045921684697,0.0073287129098267,0.0310408166361866,0.0015666451510136,0.0025225642262084,0.1078064290358577,7.965992293289976e-05,0.0003451929993758
2023-07-31,0.001225521512209,0.0408951200269756,0.0004262683520727,0.0017317151802953,0.0002397759480408,0.0046623101007952,0.0002664177200454,0.002451043024418,0.0209137910235673,0.0004262683520727,0.0037298480806362,0.0005328354400908,0.0008258949321408,0.0004529101240772,0.0033568632725725,0.012921259422204,0.000346343036059,0.0003729848080636,0.0005061936680863,0.0010656708801817,0.0003729848080636,0.0004795518960817,0.0003729848080636,0.0031703708685407,0.0003996265800681,0.0003729848080636,0.0003729848080636,0.0001332088600227,0.017130659398922,0.0008525367041454,0.000346343036059,0.0007726113881317,0.0326361707055668,0.0001332088600227,0.0008258949321408,0.0014919392322544,0.0038896987126634,0.0127614087901767,0.0041561164327089,0.0020780582163544,0.0171839429429311,0.0002397759480408,0.0002131341760363,0.0072732037572406,0.0002930594920499,0.0005861189840999,0.0105767834858041,0.000932462020159,0.0004262683520727,0.0024244012524135,0.000346343036059,0.0080724569173769,0.0155321530786493,0.0013054468282226,0.0011988797402044,0.0351937808180031,0.0747834540167561,0.0004529101240772,0.002744102516468,0.0579192123378795,0.0004262683520727,0.0001864924040318,0.0088983518495178,0.0001332088600227,0.0005061936680863,0.000346343036059,0.0004262683520727,0.0011722379681999,0.0734247236445243,0.0343412441138577,0.0092979784295859,0.0001864924040318,0.0011455961961954,0.0005328354400908,0.0008525367041454,0.0003197012640545,0.0017849987243044,0.0004795518960817,0.0014386556882453,0.000346343036059,0.0006660443001136,0.0050086531368543,0.0025576101124362,0.008125740461386,0.0057546227529815,0.0010656708801817,0.0010123873361726,0.0032236544125498,0.0209670745675764,0.0037831316246453,0.0002664177200454,0.0010390291081772,0.079872032469624,0.0081523822333905,0.030638037805226,0.0014652974602499,0.0026375354284498,0.1147993955675818,0.0001332088600227,0.000346343036059
2023-08-07,0.001403179645884,0.0440598408807599,0.0001275617859894,0.0024746986481955,0.0001020494287915,0.0049238849391932,0.0004337100723641,0.0028063592917681,0.0205374475443032,0.0007398583587388,0.0037503165080901,0.0008419077875304,0.0008929325019262,0.0003826853579683,0.0036992917936943,0.0146951177459859,0.0003571730007704,0.0006122965727494,0.0007398583587388,0.0011990807883009,0.0003826853579683,0.0003061482863747,0.0001275617859894,0.0035717300077049,0.0005612718583536,0.0003316606435725,0.0004847347867599,0.0003061482863747,0.0197465644711686,0.0013776672886861,0.0001020494287915,0.0013776672886861,0.0356152506482575,0.0004337100723641,0.000943957216322,0.0012501055026967,0.0047963231532037,0.0141593582448302,0.0046687613672142,0.0017093279322587,0.0190067061124297,0.0003826853579683,0.0002040988575831,0.0082149790177213,0.000459222429562,0.0005102471439578,0.0129092527421334,0.000688833644343,0.0005102471439578,0.0029084087205597,0.0002551235719789,0.0088783003048665,0.0170677669653899,0.0016072785034672,0.0012756178598946,0.0379113627960678,0.0760268244497189,0.0005102471439578,0.0032400693641323,0.0652861220694062,0.0005102471439578,0.0002806359291768,0.0100008440215737,0.0006633212871451,0.000459222429562,0.000459222429562,0.0005612718583536,0.0011225437167072,0.0812823700324846,0.0377582886528805,0.0097202080923969,0.0001785865003852,0.0009184448591241,0.0007143460015409,0.0007143460015409,0.0007398583587388,0.0024236739337997,0.0005357595011557,0.0025512357197892,0.000229611214781,0.000688833644343,0.0059954039415046,0.0031125075781428,0.0096436710208032,0.0057147680123278,0.0008674201447283,0.0009184448591241,0.0037503165080901,0.0231141956212903,0.0042095389376522,0.0002551235719789,0.000943957216322,0.0887574906914671,0.0091334238768454,0.032426205998521,0.0017348402894566,0.0033166064357259,0.1304957070672188,0.0003316606435725,0.0003316606435725
2023-08-14,0.0011931025063557,0.0452109694429692,0.000330007076226,0.0027415972486472,0.0002030812776775,0.0054578093375847,0.0004823180344842,0.0032746856025508,0.0217804670309194,0.000913865749549,0.0045439435880356,0.0005077031941939,0.0008884805898393,0.0006853993121618,0.0039854700744223,0.0166526647695608,0.0001523109582581,0.0006346289927424,0.0006092438330327,0.0013454134646139,0.0004061625553551,0.0003807773956454,0.000330007076226,0.0034523817205187,0.0005584735136133,0.000330007076226,0.0005077031941939,0.0002030812776775,0.0223389405445328,0.0014723392631623,0.0001523109582581,0.0012692579854848,0.0392962272306099,0.0004315477150648,0.0008377102704199,0.0014723392631623,0.0044170177894871,0.0144949261942366,0.0051531874210683,0.0019038869782272,0.0184803962686589,0.0005330883539036,0.0002538515970969,0.0069809189201665,0.0004315477150648,0.0010154063883878,0.0148503184301723,0.0007615547912908,0.0006092438330327,0.002589286290389,0.0002792367568066,0.009697131009104,0.019648113615305,0.0017769611796787,0.001167717346646,0.0395246936679972,0.0825271542162229,0.0004823180344842,0.0030208340054538,0.0699615001599232,0.0004569328747745,0.0002792367568066,0.0109917741542985,0.0005584735136133,0.0005330883539036,0.0005584735136133,0.000583858673323,0.0015738799020011,0.0863349281726773,0.0372400292941245,0.0102556045227173,0.0001776961179678,0.0014215689437429,0.0009646360689684,0.0011423321869363,0.0009900212286781,0.0022085088947435,0.0003553922359357,0.0020815830961951,0.0002538515970969,0.0008630954301296,0.0059655125317786,0.002919293366615,0.0084024878639095,0.0058639718929398,0.0011931025063557,0.0012184876660654,0.004594713907455,0.0218058521906291,0.0041631661923902,0.0002538515970969,0.0013707986243236,0.0922496703850366,0.0098494419673621,0.0340161140109931,0.0017769611796787,0.0038839294355835,0.1349221238570363,7.615547912908914e-05,0.0002538515970969
2023-08-21,0.0011301545325844,0.0424578509627753,0.0005650772662922,0.0020548264228808,0.0003852799542901,0.0051627513874881,0.0002568533028601,0.0024401063771709,0.0202400402653762,0.0006421332571502,0.0033904635977533,0.0006164479268642,0.0010274132114404,0.0004366506148621,0.0030051836434632,0.014923176896172,0.000231167972574,0.0006164479268642,0.0003082239634321,0.0014383784960165,0.0005907625965782,0.0004623359451481,0.0004109652845761,0.0031592956251792,0.0004109652845761,0.0003082239634321,0.0005907625965782,0.0002825386331461,0.0203684669168063,0.0013613225051585,0.0002825386331461,0.0013613225051585,0.0364731690061348,0.0003852799542901,0.0008219305691523,0.0014383784960165,0.0041610235063337,0.0156166808138943,0.0040839675154756,0.0023116797257409,0.0183906964847835,0.0003339092937181,0.000205482642288,0.0072946338012269,0.000154111981716,0.0008476158994383,0.0120464199041389,0.0007962452388663,0.0003595946240041,0.0024401063771709,0.0003852799542901,0.0082963616823813,0.0187502911087876,0.0017209171291627,0.0010017278811544,0.0370125609421411,0.0794960972352024,0.0004880212754341,0.0031849809554653,0.0633913951458738,0.0007448745782943,0.0002825386331461,0.0099145374904,0.0004623359451481,0.0005907625965782,0.0004366506148621,0.0004109652845761,0.0015668051474466,0.085763317824989,0.0353430144735504,0.0091953482423917,0.000205482642288,0.0013099518445865,0.0005650772662922,0.0010274132114404,0.0010017278811544,0.0022603090651689,0.0004109652845761,0.0021575677440248,0.0002825386331461,0.0006164479268642,0.0053682340297761,0.0031849809554653,0.010017278811544,0.0062672205897865,0.0008733012297243,0.0008989865600103,0.0040839675154756,0.0222948666882571,0.0037243728914715,0.0005137066057202,0.0008733012297243,0.0886914454775942,0.0082193056915233,0.0314645296003628,0.0020805117531668,0.0029024423223191,0.1305328485135053,0.000102741321144,0.0005650772662922
2023-08-28,0.0012133011116864,0.0451822783547581,0.0002110088889889,0.0017144472230351,0.0001582566667417,0.0053807266692181,0.0003956416668542,0.0024002261122492,0.0220504288993448,0.0008176594448321,0.0034552705571939,0.0002901372223598,0.0010814205560683,0.0002373850001125,0.0037190316684301,0.0153772727850694,0.0002901372223598,0.0006330266669668,0.0005011461113487,0.0016089427785407,0.0004483938891015,0.0003692655557306,0.0003956416668542,0.0040882972241608,0.0006330266669668,0.0003956416668542,0.0005538983335959,0.0002901372223598,0.0202832294540624,0.0013188055561809,0.0002901372223598,0.0010814205560683,0.0336822939048605,0.0003692655557306,0.0009495400004502,0.001582566667417,0.0045894433355095,0.0143486044512483,0.0042993061131497,0.0025584827789909,0.0174609855638353,0.0002901372223598,0.000131880555618,0.0062775144474211,0.0003165133334834,0.0011341727783155,0.0116846172277629,0.0008704116670794,0.000342889444607,0.0032970138904522,0.0001582566667417,0.0089678777820302,0.018173140564173,0.0015034383340462,0.0010814205560683,0.0385091222404827,0.0840342900398478,0.000342889444607,0.0028486200013507,0.064674224475112,0.0003956416668542,0.0001582566667417,0.0094690238933789,0.0005802744447196,0.0005275222224723,0.0004220177779778,0.0003956416668542,0.0011341727783155,0.0879907067083906,0.0355286216835138,0.0097064088934915,0.000342889444607,0.0010814205560683,0.0005011461113487,0.0011605488894392,0.000896787778203,0.0022419694455075,0.0007649072225849,0.0020837127787658,0.0001846327778653,0.0005802744447196,0.0053807266692181,0.0032970138904522,0.0094426477822553,0.0058291205583196,0.0006066505558432,0.0015034383340462,0.0037190316684301,0.0214701544546252,0.0040091688907899,0.0003692655557306,0.0012133011116864,0.0924482694882821,0.0089415016709066,0.0329701389045228,0.0018199516675296,0.0025321066678673,0.1320124361737096,0.0001582566667417,0.0002110088889889
2023-09-04,0.0009747090812345,0.048919858482502,0.0004741827962762,0.0019494181624691,0.0004214958189122,0.005295041225085,0.0005532132623223,0.0021338225832432,0.0233403309722653,0.0006059002396863,0.0032139056192058,0.0004214958189122,0.0008956786151885,0.0003161218641841,0.0036880884154821,0.0156743757657989,0.0004741827962762,0.0007903046604604,0.0004478393075942,0.0012644874567367,0.0004741827962762,0.0004478393075942,0.0004214958189122,0.0043466756325324,0.0004741827962762,0.0004214958189122,0.0002107479094561,0.0002634348868201,0.0218650956060725,0.0014488918775108,0.0002897783755021,0.0012381439680547,0.0363013274038167,0.0003424653528661,0.0008429916378244,0.0013698614114647,0.0048998888948548,0.0135142096938737,0.0055057891345411,0.001765013741695,0.0203898602398796,0.0004214958189122,0.0002897783755021,0.0069283375233699,0.0002107479094561,0.0008693351265064,0.0145679492411543,0.0008429916378244,0.0003951523302302,0.0033192795739339,0.00013171744341,0.0100105256991657,0.0199947079096494,0.0016332962982849,0.0012381439680547,0.0388303023172902,0.0841147593616741,0.0003951523302302,0.0030295011984317,0.0688355359261054,0.0003688088415482,0.0003688088415482,0.0100632126765297,0.0003688088415482,0.0006059002396863,0.0005005262849582,0.0005795567510043,0.0012118004793726,0.0892253961659851,0.0403582246608471,0.0103003040746679,0.0003161218641841,0.0015279223435568,0.0005532132623223,0.0011327700133266,0.0010273960585985,0.0020811356058791,0.0004478393075942,0.0016596397869669,0.0002897783755021,0.0006059002396863,0.0063487807723656,0.0032929360852518,0.0096417168576175,0.0056111630892692,0.0010010525699165,0.0016069528096029,0.0045574235419886,0.0250263142479143,0.0046627974967166,0.0003688088415482,0.0012381439680547,0.097866060453686,0.0100632126765297,0.0335352610922052,0.001817700719059,0.0023182270040173,0.1433612654075261,0.0002897783755021,0.0003688088415482
2023-09-11,0.0012621335264441,0.0452307443354254,0.0004378830601948,0.0017000165866389,0.000360609578984,0.0046879245267923,0.0004121252331246,0.0020091105114824,0.0209926290622845,0.0007727348121086,0.0042242836395272,0.0005924300226166,0.0010045552557412,0.000360609578984,0.0037864005793323,0.0157122745128755,0.0001545469624217,0.000540914368476,0.000540914368476,0.0012878913535143,0.0006697035038274,0.0001545469624217,0.0002318204436325,0.0040182210229649,0.0004893987143354,0.0003348517519137,0.0003863674060543,0.0002318204436325,0.0208638399269331,0.0015454696242172,0.000180304789492,0.001081828736952,0.0375291540414093,0.0002318204436325,0.00090152394746,0.0011848600452332,0.0043788306019489,0.0119001161064729,0.0044303462560895,0.0018545635490607,0.0157380323399458,0.0004121252331246,0.0002318204436325,0.0065940037299936,0.000360609578984,0.0011333443910926,0.0116682956628403,0.0008500082933194,0.0002575782707028,0.0029106344589425,0.0002833360977731,0.0086288720685464,0.0183138150469746,0.0015197117971469,0.0012878913535143,0.0372458179436362,0.081703827466953,0.0004636408872651,0.0028076031506613,0.0604793779610358,0.0004893987143354,0.0002318204436325,0.0089122081663195,0.0005666721955463,0.0006439456767571,0.0003090939248434,0.0004636408872651,0.0014166804888658,0.0839705162491383,0.0332533547477415,0.0089122081663195,0.0003090939248434,0.0011848600452332,0.0010045552557412,0.001081828736952,0.0008242504662492,0.0020091105114824,0.0005666721955463,0.0019833526844121,0.0005924300226166,0.0004378830601948,0.005821268917885,0.0031424549025751,0.0081137155271406,0.0058727845720256,0.0006954613308977,0.0014166804888658,0.0040182210229649,0.0186486667988883,0.0032970018649968,0.0002575782707028,0.0011333443910926,0.0884781359864387,0.0086288720685464,0.0321200103566489,0.0019833526844121,0.002421235744607,0.1245906095389822,0.0002060626165623,0.0003348517519137
2023-09-18,0.0012821060055526,0.0449783719090801,0.0004971431450101,0.0015437602924,0.0004186468589559,0.0052854165943188,0.0005233085736949,0.0018315800079322,0.0219527946665027,0.0007849628605424,0.004029476017451,0.0004971431450101,0.0010466171473898,0.0003139851442169,0.0037416563019188,0.0159870769263804,0.0006541357171186,0.0006541357171186,0.0002878197155322,0.0009681208613356,0.0005494740023796,0.0003401505729017,0.0003924814302712,0.003820152587973,0.0005756394310644,0.0004709777163254,0.0004186468589559,0.0001831580007932,0.0219004638091332,0.0014652640063458,0.0002093234294779,0.0011512788621288,0.0375212247339272,0.0006279702884339,0.0009157900039661,0.0014129331489763,0.0048144388779934,0.012611736626048,0.0054947400237968,0.0019885725800407,0.0167197089295533,0.0004186468589559,0.0005233085736949,0.0064366954564477,0.0003401505729017,0.0009942862900203,0.0120099317662988,0.0011251134334441,0.0004448122876406,0.0029828588700611,0.0003924814302712,0.0109371491902242,0.0188652740817026,0.0019885725800407,0.0009419554326508,0.0391696467410662,0.0788364366271427,0.0005233085736949,0.0029305280126916,0.0638174805620979,0.0003663160015864,0.0001831580007932,0.0092887271830851,0.0004186468589559,0.0005756394310644,0.0006018048597491,0.0005494740023796,0.0011251134334441,0.0846451617951565,0.0341982152909643,0.0088439148954444,0.0003139851442169,0.0010204517187051,0.0006279702884339,0.0008111282892271,0.0008634591465966,0.0017269182931933,0.0003663160015864,0.0019885725800407,0.0004186468589559,0.0007064665744881,0.0056517325959053,0.0027997008692679,0.0090270728962377,0.0059395523114375,0.0009157900039661,0.0013606022916068,0.0048406043066781,0.0199380566577772,0.004238799446929,0.0003401505729017,0.001334436862922,0.087078546662838,0.01085865290417,0.0327329512846185,0.001962407151356,0.0022240614382034,0.1278966154110434,0.0003139851442169,0.0005494740023796
2023-09-25,0.0008960802704589,0.042432036336438,0.0002635530207232,0.0017921605409178,0.0001581318124339,0.0050075073937411,0.0003426189269401,0.0020293582595687,0.0208470439392065,0.000737948458025,0.0030045044362446,0.0003426189269401,0.0008960802704589,0.0002899083227955,0.0032680574569678,0.0144954161397769,0.0003953295310848,0.0007115931559526,0.0004216848331571,0.0010805673849651,0.0003162636248678,0.0003162636248678,0.0001844871145062,0.0036370316859804,0.0006325272497357,0.0003689742290125,0.0004743954373017,0.0001581318124339,0.0200036742728922,0.00147589691605,0.0002371977186508,0.0008170143642419,0.0340510502774397,0.0002635530207232,0.0012650544994714,0.0016076734264116,0.004348624841933,0.0124924131822805,0.0041114271232821,0.0019502923533518,0.0158658918475377,0.0003426189269401,0.0003689742290125,0.0060353641745616,0.0003426189269401,0.0010805673849651,0.0133094275465224,0.0007906590621696,0.0003162636248678,0.003030859738317,0.0002371977186508,0.0082492095486367,0.0176844076905279,0.002055713561641,0.0012386991973991,0.0332076806111254,0.0805154478309429,0.0005007507393741,0.0027673067175937,0.0591149425482177,0.0004216848331571,0.0001317765103616,0.0091189345170233,0.0003689742290125,0.0006061719476634,0.0003689742290125,0.0004480401352294,0.0010278567808205,0.0799092758832795,0.033339457121487,0.0079329459237688,0.0001317765103616,0.0009751461766759,0.0005007507393741,0.0008697249683866,0.0007906590621696,0.0017658052388455,0.0003953295310848,0.0015813181243393,0.0004743954373017,0.0005534613435187,0.0049811520916688,0.002872727925883,0.0065361149139357,0.0053237710186089,0.0006325272497357,0.0014495416139776,0.0029781491341723,0.0193447917210841,0.0035579657797634,0.0003689742290125,0.000737948458025,0.0858392188495519,0.0082492095486367,0.0295179383210003,0.0020293582595687,0.0022665559782196,0.1133014436089112,0.0002371977186508,0.0003689742290125
2023-10-02,0.0013699273133994,0.0417181638457863,0.0003360199070602,0.0015508611095087,0.0002584768515847,0.0045750402730509,0.0002067814812678,0.0020936624978368,0.0195666976649691,0.0008529736102298,0.0032826560151269,0.0005169537031695,0.0007754305547543,0.0003101722219017,0.0031534175893345,0.0134924916527264,0.0003360199070602,0.0003101722219017,0.0005169537031695,0.0010339074063391,0.0006203444438035,0.0002067814812678,0.0002584768515847,0.0037479143479795,0.0008012782399128,0.0002584768515847,0.0003360199070602,0.0002067814812678,0.0185327902586299,0.0018610333314105,0.0002067814812678,0.0010080597211807,0.0334210569099143,0.0001033907406339,0.0009305166657052,0.0014474703688748,0.0044458018472585,0.0107267893407691,0.0036186759221871,0.0022487486087877,0.0126136703573381,0.0002326291664263,0.0004135629625356,0.0065653120302538,0.0002584768515847,0.0009563643508637,0.011424676840048,0.0006203444438035,0.0001550861109508,0.0028173976822742,0.0003360199070602,0.0078060009178608,0.0168785384084872,0.0012665365727655,0.0010856027766561,0.0358248916296529,0.0848062550049721,0.0003877152773771,0.0021195101829953,0.0566322781822291,0.0004911060180111,0.0001809337961093,0.0082712592507135,0.0004911060180111,0.0009822120360222,0.0006978874992789,0.000542801388328,0.0008788212953883,0.0797142610287516,0.0288460166368634,0.0086331268429322,0.0001550861109508,0.0007237351844374,0.0004911060180111,0.0009822120360222,0.0010856027766561,0.0016284041649842,0.0003877152773771,0.0016284041649842,0.0004135629625356,0.0003360199070602,0.0052987754574883,0.0030500268487006,0.0074699810108006,0.0049110601801111,0.000594496758645,0.0014474703688748,0.0035152851815532,0.0154569157247709,0.003773762033138,0.0003360199070602,0.0007754305547543,0.0797142610287516,0.0079093916584948,0.0314049374675529,0.0014474703688748,0.0022745962939462,0.1084051915546641,0.0003877152773771,0.000542801388328
2023-10-09,0.0013767870484474,0.0474365719419623,0.0005757473111689,0.0018774368842465,0.0004756173440091,0.0057074081281094,0.0006758772783287,0.0022028592775159,0.0206267732349218,0.0006258122947488,0.0035295813423834,0.0006007798029588,0.0008010397372785,0.0002753574096894,0.0031791264573241,0.0135425780583649,0.000525682327589,0.0004756173440091,0.0004505848522191,0.0014018195402374,0.000525682327589,0.0004255523604292,0.0003754873768493,0.0032542239326939,0.0006258122947488,0.0003754873768493,0.0004505848522191,0.0001501949507397,0.0192750186782643,0.0017773069170867,0.0001752274425296,0.0011264621305479,0.0357964632596338,0.0004255523604292,0.0008761372126483,0.0017272419335068,0.0043556535714519,0.0125162458949768,0.0043806860632419,0.0023530542282556,0.0157704698276708,0.0003754873768493,0.0001251624589497,0.0060828955049587,0.0002503249178995,0.0011014296387579,0.0136927730091047,0.0008010397372785,0.0003254223932693,0.0024531841954154,0.0003003899014794,0.0093621519294427,0.0163211846470498,0.0018774368842465,0.0007509747536986,0.0369980228655516,0.0842093023814044,0.0004005198686392,0.0027285416051049,0.0600279153123091,0.0004756173440091,0.0001501949507397,0.009161891995123,0.0003504548850593,0.0008511047208584,0.0007760072454885,0.0003254223932693,0.0012516245894976,0.0834332951359158,0.0331930841134786,0.0085861446839541,0.0002252924261095,0.0012015596059177,0.0007509747536986,0.001051364655178,0.0008511047208584,0.0017773069170867,0.0003504548850593,0.0018023394088766,0.0004005198686392,0.0005507148193789,0.0057074081281094,0.0029037690476346,0.0076098775041459,0.005907668062429,0.0009262021962282,0.0011014296387579,0.0034544838670136,0.0186742388753055,0.0044307510468218,0.0001752274425296,0.0011014296387579,0.0829827102836966,0.0094122169130226,0.0320916544747207,0.0021027293103561,0.0025783466543652,0.1170268991180338,0.0003254223932693,0.0003754873768493
2023-10-16,0.0012712856589776,0.0463111204341855,0.0005707813162756,0.0015047871065449,0.0004929475004199,0.0053964778993336,0.0003632244739936,0.0017901777646828,0.0207297396229211,0.0008042827638429,0.0038916907927886,0.0004929475004199,0.0012453410536923,0.0004929475004199,0.004228970661497,0.0137246961959014,0.0005967259215609,0.0004929475004199,0.0006745597374167,0.0014010086854039,0.0005448367109904,0.000311335263423,0.0003372798687083,0.0039435800033592,0.0009340057902692,0.0004410582898493,0.0003632244739936,0.0002335014475673,0.0183428359366774,0.001919900791109,0.0001816122369968,0.0010377842114103,0.0369451179262073,0.0002853906581378,0.0011675072378366,0.0011675072378366,0.0054483671099041,0.0118047954047923,0.0042030260562117,0.0021793468439616,0.0150219264601643,0.0004410582898493,0.000207556842282,0.0061229268473208,0.0003372798687083,0.0010896734219808,0.012375576721068,0.0008821165796987,0.0005967259215609,0.0029057957919488,0.000311335263423,0.0089249442181287,0.0158002646187221,0.0020236792122501,0.0010637288166955,0.0369191733209221,0.0863955355999091,0.0004410582898493,0.0023869036862437,0.0619816620264813,0.0005188921057051,0.000103778421141,0.0092622240868371,0.0005448367109904,0.0006486151321314,0.0004670028951346,0.0005188921057051,0.0012453410536923,0.0883673256015887,0.0340652667395437,0.0091843902709813,0.000207556842282,0.001115618027266,0.0006486151321314,0.0012712856589776,0.0012972302642628,0.001712343948827,0.0006226705268461,0.0017901777646828,0.0005707813162756,0.0007523935532724,0.0056299793469009,0.0029576850025194,0.0072385448745869,0.0059932038208945,0.0008042827638429,0.0011934518431218,0.003424687897654,0.0184206697525331,0.0037100785557918,0.0002853906581378,0.0008561719744135,0.0881597687593066,0.0089768334286992,0.0315745846321589,0.0016085655276859,0.0018939561858238,0.1188003476011963,0.0003372798687083,0.0002594460528525
2023-10-23,0.0010334543373425,0.0457492590799181,0.0003276806435476,0.0025458265383315,0.0002772682368479,0.005368921313511,0.0007813923038443,0.0033524250455256,0.0225595519980863,0.0006553612870952,0.0041590235527198,0.0006301550837454,0.0009830419306428,0.0003024744401978,0.0034532498589249,0.0146195979428939,0.0005797426770457,0.000403299253597,0.0006049488803956,0.0010082481339926,0.0007057736937948,0.0001764434234487,0.0003528868468974,0.0040834049426703,0.0005041240669963,0.0003276806435476,0.0005293302703461,0.0002268558301483,0.0201649626798537,0.0016636094210879,0.000126031016749,0.0010334543373425,0.0415146169171488,0.000403299253597,0.0010838667440421,0.0015627846076886,0.0041086111460201,0.0120737714045624,0.0052428902967619,0.0019156714545861,0.0185265594621156,0.0004789178636465,0.0003528868468974,0.0070325307345989,0.0004537116602967,0.0013863411842399,0.0147204227562932,0.0012098977607912,0.0002268558301483,0.0031255692153773,0.0002772682368479,0.0109646984571704,0.0179972291917694,0.001789640437837,0.0012855163708406,0.0410609052568521,0.0969430580833967,0.0004789178636465,0.0025458265383315,0.0701236577191913,0.0006301550837454,0.000126031016749,0.0095279448662308,0.0006049488803956,0.0011090729473919,0.0005293302703461,0.0006553612870952,0.0011342791507417,0.0933637772077227,0.0367506444840334,0.0095531510695806,0.0002772682368479,0.0009326295239432,0.0007057736937948,0.0012855163708406,0.0011090729473919,0.001789640437837,0.0006049488803956,0.0017644342344872,0.000680567490445,0.0006301550837454,0.0055957771436594,0.0032263940287765,0.0086961401556869,0.0054193337202106,0.0008570109138937,0.0013107225741904,0.0044867041962674,0.0220302217277401,0.0042094359594194,0.0003528868468974,0.0011594853540915,0.0916245491765853,0.0111411418806191,0.0352130660796945,0.0019156714545861,0.0036801056890733,0.1242413763112487,0.0003024744401978,0.0002772682368479
2023-10-30,0.0006881599225049,0.0361376953899226,0.0005951653383826,0.0014135176786588,0.0004277750869625,0.0037197833648916,0.0003161815860157,0.0016553035973767,0.0154371009643004,0.0007439566729783,0.0028456342741421,0.0005207696710848,0.0008183523402761,0.0002231870018935,0.0022876667694083,0.0120706970190734,0.0001673902514201,0.0003719783364891,0.0005579675047337,0.0007253577561538,0.0003347805028402,0.000204588085069,0.0002417859187179,0.0019528862665681,0.0004277750869625,0.0002789837523668,0.0002975826691913,0.000204588085069,0.0158462771344385,0.0010601382589941,0.0001487913345956,0.0007997534234517,0.0331990665316581,0.0003161815860157,0.000855550173925,0.001301924177712,0.0034593985293492,0.0094668486636493,0.0035151952798226,0.0018412927656213,0.0115499273479886,0.0002789837523668,0.0002231870018935,0.0059144555501777,0.0003347805028402,0.0007997534234517,0.0124240764387381,0.0005021707542603,0.0003161815860157,0.0015065122627811,0.0002603848355424,0.0077371493989746,0.0140607811192905,0.0018598916824458,0.0010787371758185,0.0282517546563522,0.0733541279556637,0.0002603848355424,0.0022876667694083,0.054011254458227,0.0007439566729783,0.0001487913345956,0.0078115450662725,0.0005021707542603,0.0007067588393294,0.0006137642552071,0.0002789837523668,0.0010415393421696,0.0679046453260975,0.024308784289567,0.0060818458015978,0.0001301924177712,0.0009113469243984,0.0006323631720315,0.0005765664215582,0.0005021707542603,0.0012647263440631,0.000409176170138,0.0012647263440631,0.0003533794196647,0.0005579675047337,0.0038313768658384,0.0019528862665681,0.0061748403857201,0.0041847562855031,0.0007997534234517,0.0005765664215582,0.0028084364404932,0.0137260006164502,0.0030502223592111,0.0002603848355424,0.0010415393421696,0.0652635991370244,0.007792946149448,0.0236950200343599,0.0017111003478501,0.0017296992646746,0.0917112588614042,0.0003347805028402,0.0001301924177712
2023-11-06,0.0005463195453115,0.0329778343715329,0.0004469887188912,0.0013906315698839,0.0003476578924709,0.0034517462181047,0.0002483270660507,0.0014154642764889,0.0173580619169439,0.0006456503717318,0.0032530845652641,0.0002483270660507,0.0008194793179673,0.0002234943594456,0.0024087725406917,0.0103304059477091,0.0003476578924709,0.0003476578924709,0.0004718214254963,0.0007946466113622,0.0004966541321014,0.0002483270660507,0.0002483270660507,0.0039980657634162,0.0004221560122861,0.0002979924792608,0.0003228251858659,0.0001489962396304,0.013856650285629,0.001092639090623,0.0002483270660507,0.0008194793179673,0.0286569434222507,0.0001489962396304,0.0007449811981521,0.001092639090623,0.0041470620030466,0.0097344209891874,0.003203419152054,0.0017134567557498,0.0113485469185169,0.0002979924792608,9.933082642028004e-05,0.0050907048540393,9.933082642028004e-05,0.0007698139047571,0.009610257456162,0.0008939774377825,0.0001986616528405,0.0029550920860033,0.0001986616528405,0.0063820055975029,0.0125901822487704,0.0016886240491447,0.0009436428509926,0.0285576125958305,0.0678181217384461,0.0003973233056811,0.001787954875565,0.0420417722823835,0.0005214868387064,7.449811981521003e-05,0.0068538270229993,0.0005711522519166,0.0004718214254963,0.0003476578924709,0.0005463195453115,0.0006704830783368,0.0602689789305049,0.0254535242701967,0.0074249792749159,0.0002483270660507,0.0008691447311774,0.0005214868387064,0.0011174717972281,0.0009188101443875,0.0014154642764889,0.0003228251858659,0.0014899623963042,0.0002979924792608,0.0005214868387064,0.0041222292964416,0.0019866165284056,0.0068041616097891,0.0037000732841554,0.0006208176651267,0.0012913007434636,0.0020362819416157,0.0136331559261834,0.0027812631397678,0.0001738289462354,0.0008443120245723,0.06386972138824,0.0065310018371334,0.0244353832993888,0.0015396278095143,0.0016637913425396,0.0892735802452266,0.0003973233056811,0.0002979924792608
2023-11-13,0.0005988502886829,0.0296703097574724,0.0005716298210155,0.0007077321593525,0.0004899684180133,0.0032936765877561,0.000272204676674,0.0008982754330243,0.0169311308891264,0.0005171888856807,0.0030486923787494,0.000272204676674,0.0007077321593525,0.000272204676674,0.0022592988163946,0.0104526595842838,0.0002994251443414,0.0002994251443414,0.0004627479503459,0.0005716298210155,0.0004627479503459,0.0001905432736718,0.0003538660796762,0.0033753379907583,0.0004899684180133,0.000272204676674,0.000272204676674,0.0001633228060044,0.0139640999133792,0.0006805116916851,0.000136102338337,0.0007077321593525,0.0275471132794147,0.0002177637413392,0.0004627479503459,0.0008438344976895,0.0042191724884479,0.0100715730369401,0.002286519284062,0.0011160391743636,0.0109154075346297,0.0002994251443414,5.444093533481177e-05,0.0040830701501108,0.0001905432736718,0.001007157303694,0.0072950853348647,0.001007157303694,0.0001905432736718,0.0025587239607361,0.000272204676674,0.0057979596131574,0.0130386040126874,0.0016332280600443,0.0008710549653569,0.0264038536373837,0.0638592171477342,0.0003538660796762,0.0019870941397206,0.0377820091223593,0.0005444093533481,5.444093533481177e-05,0.0057979596131574,0.0005444093533481,0.0006532912240177,0.0005716298210155,0.0002994251443414,0.0007349526270199,0.0575168481812286,0.023545704532306,0.0075400695438714,0.0001633228060044,0.0006805116916851,0.000408307015011,0.0011704801096984,0.000408307015011,0.001143259642031,0.000408307015011,0.0007349526270199,0.0004627479503459,0.0003810865473436,0.0042191724884479,0.0022592988163946,0.0062334870958359,0.0034297789260931,0.0006805116916851,0.0011160391743636,0.0021231964780576,0.0128480607390155,0.0019598736720532,0.0001088818706696,0.0007349526270199,0.0606744224306477,0.0058524005484922,0.0229740747112905,0.0017693303983813,0.0010888187066962,0.0823419146939028,0.0001088818706696,0.000272204676674
2023-11-20,0.0007211150641033,0.0306699250701452,0.0004732317608178,0.0010140680588953,0.0004056272235581,0.0032224829427118,0.0001802787660258,0.0012619513621808,0.0141969528245345,0.0005183014523242,0.002659111798881,0.0003605575320516,0.0008563241386227,0.0002478833032855,0.002659111798881,0.009532239753616,0.0002478833032855,9.013938301291765e-05,0.0004732317608178,0.0007436499098565,0.0003380226862984,0.0001802787660258,0.0002929529947919,0.0023886936498423,0.0003830923778048,0.0003605575320516,0.0001802787660258,0.0001352090745193,0.013363163531665,0.0008788589843759,0.0001352090745193,0.0007211150641033,0.026230560456759,9.013938301291765e-05,0.0006985802183501,0.0013070210536873,0.0045520388421523,0.0084280323117077,0.0026140421073746,0.0014647649739599,0.011199818339355,0.0002253484575322,0.0003380226862984,0.0044168297676329,0.000202813611779,0.0008337892928694,0.0079322657051367,0.0008788589843759,0.0001577439202726,0.0020281361177906,0.0002704181490387,0.0058139902043331,0.0120786773237309,0.0015323695112196,0.0012168816706743,0.023188356280073,0.0604384563101612,0.0002253484575322,0.0019154618890245,0.0374529136418672,0.0003380226862984,6.760453725968822e-05,0.0058590598958396,0.0004056272235581,0.0006985802183501,0.0004281620693113,0.0002929529947919,0.0008563241386227,0.05708076429293,0.0247432606370458,0.0076393127103447,0.0001802787660258,0.0005408362980775,0.0003154878405452,0.0006760453725968,0.0005408362980775,0.0011718119791679,0.0004506969150645,0.0014647649739599,0.0002704181490387,0.0002704181490387,0.005701315975567,0.0017577179687518,0.0045520388421523,0.0036506450120231,0.0004506969150645,0.0005633711438307,0.0022534845753229,0.0132054196113924,0.0025915072616213,0.0002253484575322,0.0004732317608178,0.0581624368890851,0.0057463856670734,0.0200334778746209,0.0014196952824534,0.0015323695112196,0.0752663848157862,0.0005183014523242,0.0001352090745193
2023-11-27,0.0002965041044535,0.027736611225699,0.0003773688602135,0.0012399262549875,0.0003504139416269,0.0033424099047489,0.0003504139416269,0.0013207910107475,0.0156338527802774,0.000512143453147,0.0023450779170416,0.0004312786973869,0.0007547377204271,0.0003234590230402,0.0020755287311747,0.0080595206574188,0.0003773688602135,0.0003234590230402,0.0005660532903203,0.0007547377204271,0.000593008208907,0.0001617295115201,0.0002425942672801,0.0040971476251761,0.0003773688602135,0.0002425942672801,0.0001617295115201,0.0001078196743467,0.0113210658064077,0.0009164672319472,0.0001078196743467,0.0006199631274937,0.0267662341565784,0.0002425942672801,0.0006469180460804,0.0006738729646671,0.0040432377880027,0.0087603485406726,0.0028033115330152,0.0011590614992274,0.0092994469124063,0.0001617295115201,0.0003773688602135,0.0039623730322427,0.0002965041044535,0.0007277828018405,0.0069004591581914,0.0007547377204271,0.0002156393486934,0.0030459058002954,0.0002425942672801,0.0059570370076574,0.0105393731673939,0.0018329344638945,0.0007277828018405,0.0231003652287892,0.0645839849336977,0.0002695491858668,0.0014825205222676,0.0353378982671443,0.0006469180460804,0.0001617295115201,0.0063883157050443,0.0004043237788002,0.0007547377204271,0.0002695491858668,0.0002156393486934,0.0007547377204271,0.0527507756741429,0.0217795742180416,0.006927414076778,0.0001347745929334,0.0008086475576005,0.0005390983717337,0.0011860164178141,0.0006738729646671,0.0007816926390138,0.0003773688602135,0.0010781967434674,0.0005660532903203,0.0004043237788002,0.0047440656712565,0.0018598893824812,0.0051753443686435,0.0032615451489889,0.0006199631274937,0.0011321065806407,0.0020755287311747,0.0111323813763009,0.0021833484055215,0.0001886844301067,0.0007008278832538,0.052831640429903,0.0060379017634174,0.0200005495913204,0.0015633852780277,0.0015094754408543,0.075177267938265,0.0002965041044535,0.0002425942672801
2023-12-04,0.0005082313976317,0.0282576657083225,0.0004828198277501,0.0006607008169212,0.0003557619783421,0.0026428032676848,0.0004319966879869,0.0008131702362107,0.0152723534988325,0.0003557619783421,0.0026173916978032,0.000304938838579,0.0005590545373948,0.0003303504084606,0.0021345718700531,0.0088686378886731,0.0002032925590526,0.0002541156988158,0.0004574082578685,0.0004319966879869,0.0004065851181053,0.0001270578494079,0.0001270578494079,0.0037609123424745,0.0002287041289342,0.0001524694192895,0.0001270578494079,0.0002032925590526,0.0122229651130423,0.0007623470964475,0.0001270578494079,0.0005336429675132,0.0262501516876773,0.0003557619783421,0.0007877586663291,0.0007623470964475,0.0033797387942508,0.0077505288138834,0.0024649222785137,0.0010926975049081,0.0096818081248838,0.0003557619783421,5.082313976317002e-05,0.0035322082135403,0.000304938838579,0.0006607008169212,0.0078267635235281,0.0004828198277501,0.0002541156988158,0.0029477421062638,0.0003303504084606,0.0057430147932382,0.0106982709201472,0.0015246941928951,0.0006607008169212,0.0245983996453742,0.0650790304667392,0.0002287041289342,0.0014484594832503,0.0371771267367588,0.000304938838579,7.623470964475504e-05,0.0058446610727645,0.0005590545373948,0.0005844661072764,0.0003811735482237,0.0002795272686974,0.0008639933759738,0.0566932124058161,0.0214219534101761,0.006429127180041,7.623470964475504e-05,0.0006352892470396,0.0003303504084606,0.0012959900639608,0.000304938838579,0.0011689322145529,0.0004319966879869,0.0009910512253818,0.0003811735482237,0.0003811735482237,0.0040150280412904,0.0022870412893426,0.0055905453739487,0.0030747999556717,0.0006607008169212,0.0013976363434871,0.0021345718700531,0.0115368527262396,0.001956690880882,0.0001270578494079,0.0006607008169212,0.0553718107719737,0.0057684263631197,0.0208883104426628,0.0010926975049081,0.000914816515737,0.0795382137293611,0.0002541156988158,0.0003303504084606
2023-12-11,0.0003658635816148,0.0281714957843443,0.0003397304686423,0.0009146589540371,0.0003135973556698,0.0022735808286066,0.0003397304686423,0.0015941198913218,0.0141118810051446,0.0006271947113397,0.002613311297249,0.0004181298075598,0.0006010615983672,0.0002090649037799,0.0020383828118542,0.0087284597328117,0.0002090649037799,0.0001045324518899,0.0006010615983672,0.0005749284853947,0.0005487953724222,0.0001045324518899,0.0003135973556698,0.0042074311885709,0.0002613311297249,0.0003397304686423,0.0001829317908074,2.613311297249012e-05,0.011890566402483,0.0007055940502572,0.0002090649037799,0.0005487953724222,0.0298701481275562,0.0002090649037799,0.0007317271632297,0.001071457631872,0.0035802364772311,0.0085977941679492,0.0023519801675241,0.0007839933891747,0.0101135147203536,0.0002613311297249,0.0003135973556698,0.0036325027031761,0.0004181298075598,0.0008362596151196,0.0085716610549767,0.0008623927280921,0.0001045324518899,0.0031359735566988,0.0002613311297249,0.0047562265609932,0.0108452418835834,0.0017247854561843,0.0009146589540371,0.0216120844282493,0.0640261267826008,0.0002090649037799,0.0012543894226795,0.0367692899522936,0.0007578602762022,0.0001567986778349,0.0054095543853054,0.0004181298075598,0.0005749284853947,0.0002090649037799,0.0003135973556698,0.0008885258410646,0.0576757803302857,0.0212984870725794,0.0062196808874526,5.226622594498025e-05,0.0005487953724222,0.0003919966945873,0.0014373212134869,0.0004703960335048,0.0010453245188996,0.0004703960335048,0.0009930582929546,0.0005226622594498,0.0002613311297249,0.0040767656237084,0.0020645159248267,0.0043903629793783,0.0033973046864237,0.0008623927280921,0.001123723857817,0.0017770516821293,0.0120996313062629,0.002561045071304,7.839933891747037e-05,0.0005226622594498,0.0565520564724686,0.0047300934480207,0.0182147797418256,0.0013327887615969,0.0018554510210467,0.0739305765991745,0.0003919966945873,0.0001829317908074
2023-12-18,0.0003105555170055,0.0293216167306074,0.0003364351434226,0.0009057869245995,0.0003105555170055,0.0021997682454559,0.0003623147698398,0.0011645831887708,0.0151137018276035,0.0003105555170055,0.001811573849199,0.0003881943962569,0.0007505091660967,0.0003105555170055,0.0019668516077018,0.0095754617743378,0.0002587962641712,0.0001293981320856,0.0003364351434226,0.0005434721547597,0.0005175925283425,0.0001552777585027,0.0001293981320856,0.0025620830152958,0.000207037011337,0.0001552777585027,0.0002329166377541,0.0001552777585027,0.0134574057369072,0.0003364351434226,0.000207037011337,0.0005693517811768,0.0289075427079334,0.0002329166377541,0.0010610646831023,0.0010351850566851,0.0040372217210721,0.0081262026949785,0.0027432404002157,0.0011128239359365,0.0100412950498461,0.0002329166377541,0.0003364351434226,0.0039337032154036,0.0005175925283425,0.0010351850566851,0.0078674064308073,0.001009305430268,0.0001293981320856,0.0018633331020333,0.0002846758905884,0.0055899993060999,0.0121375447896336,0.0018374534756161,0.0007763887925138,0.0190991642958414,0.0671576305524505,0.0002587962641712,0.0013457405736907,0.0372925416670833,0.0005175925283425,0.0002329166377541,0.0057452770646027,0.0004399536490911,0.0010351850566851,0.0004917129019254,0.0001035185056685,0.0009575461774337,0.0546060117401428,0.0235245804131705,0.0074274527817161,0.0001293981320856,0.0007246295396796,0.0003364351434226,0.0008281480453481,0.0001035185056685,0.0015268979586106,0.0003105555170055,0.001009305430268,0.0007763887925138,0.0003881943962569,0.0049688882720888,0.0016821757171134,0.0042960179852434,0.0031314347964726,0.0003881943962569,0.0006469906604282,0.0020962497397874,0.0125774984387248,0.0025103237624615,0.000207037011337,0.0010610646831023,0.0558741134345821,0.0057193974381855,0.0159936091257859,0.0008540276717652,0.0012939813208564,0.0717383244282824,0.0002329166377541,0.0001035185056685
2023-12-25,0.0006067066959982,0.0293494364189174,0.0004550300219987,0.0010870161636636,0.0003791916849989,0.0028312979146587,0.0003539122393323,0.0013145311746629,0.0151171085086241,0.0006067066959982,0.0025279445666595,0.0004550300219987,0.0004803094676653,0.0002527944566659,0.001997076207661,0.0086455704179756,0.0002780739023325,0.0002780739023325,0.0005055889133319,0.0008342217069976,0.0005055889133319,0.0001516766739995,0.0003539122393323,0.0042216674263214,0.0003539122393323,0.0003791916849989,0.0001263972283329,0.0001769561196661,0.0125386050506314,0.0003539122393323,0.0002022355653327,0.0007836628156644,0.0282371408095872,0.0001769561196661,0.0008595011526642,0.0007583833699978,0.0040952701979884,0.0086455704179756,0.002123473435994,0.0014914872943291,0.0111735149846352,0.0001011177826663,0.0003791916849989,0.0039435935239889,0.0003033533479991,0.0010111778266638,0.0084180554069763,0.0011122956093302,0.0001263972283329,0.0032610484909908,0.0003539122393323,0.0051317274703189,0.0111735149846352,0.001744281750995,0.0010364572723304,0.0219425588386049,0.0649681753631507,0.0002275150109993,0.0017695611966616,0.0385511546415582,0.0007078244786646,0.0001516766739995,0.0063451408623154,0.0004550300219987,0.0005814272503316,0.0004297505763321,0.0002527944566659,0.0007836628156644,0.0547805587595126,0.024748577307597,0.0085697320809759,0.0001769561196661,0.0006572655873314,0.0006572655873314,0.0012639722833297,0.0001263972283329,0.0012892517289963,0.0005055889133319,0.0011881339463299,0.0004297505763321,0.0003539122393323,0.0058142725033169,0.0013903695116627,0.0047525357853199,0.0034632840563235,0.0007836628156644,0.0012892517289963,0.0020981939903274,0.013499223985962,0.0021993117729938,0.0002022355653327,0.0008847805983308,0.0566512377388407,0.0052834041443184,0.0192629375979458,0.0011881339463299,0.0013903695116627,0.076571440924118,0.0003033533479991,0.0001769561196661
