,0f259232e21f0c2fee6ad8d1d8f1027a,9274b3c3b5944720ff3a39acd9cf88fd,255b57e780bd487c9f2c9d8a6d98122e,81a7fd8b494dcdbef06baf399f2f6ab3,3679c0945f1a70a259b655406fc39172,456a12b90d15a721ad799e16006c6684,05b2f1f50c1ce311f0dbd14eee459bff,85e40ab41dbb322d6265279032519a63,fb99ada28bdcb8a828a19ba2293b5607,ec5c0d5f42ed96fb66f585f2072f51c8,5a238bc5400490331b6b4c08ea0fe0ab,f3b0f9ecd412b62d07cc9a0c8e80470c,f7e1531894d4de8cc0d90bc6c9ba8991,942619b5db45e2e562e61d92119ff838,94e09ab4773fbc3b2b67c2f34281220a,f0e3dfc632173c07417737b09c0ef573,05c65dfa276e4011e911260f8118f6c9,795c21f080ec8025792ef4d0dbbd8b71,af3df9ccd4174c841a11369f668d7eed,a107bcb0918d989fb9378c897e0ffddc,26946cac9ecc79ec658301e357330c5e,18583b9b1ebca580d6dd801f9dc66bd4,bca747f5e6237a7773881a0467d2e683,ccb2a8fe516433ddfb606137a178f9ed,61768dc417b2b3ede0ed37eb320093a9,0bcb8976125dbc200aaac6e2843288d3,9f787e7ea88cf6d08f0a84ff9671c365,c4c7efcae8d0827a8d07ca016a3bfb6a,b08119580a4f62b96c89326c2e32b695,0da4b490e41e0fe2c7df72f01af5ec50,a05ee4cf2d1de48475756e7a2d0a7cf1,a693b13a81f3e3d78eca32b7cc36b60e,c6424732171a02f1c1062f50c3a73a77,cbaac4719cd0e31524598d62fe31fe48,27da4027d84eff5adb55c509efaafbe0,ff9858a350a257210e2851650a7cd6d2,565b7097a474e2e3750586bd4d6b0bb5,23edc5ff51cfadd333466861a4e1ea38,c5d9c0b2012bb566a6a73b4d9e07fe86,1f56c874da3dc7e3bed7f8f6529b64a2,ae6f5f4d844a09b756dc601df2c1e8d9,36493d4cdc4c7a595e50be5d6c71f09d,dd131a05ead3e4f70b991714a54de5ab,cfe26d6aea9efd71c5513cd733043333,7ba28aba612a440ff8dd711262154f44,2a73e11492c29b7696d32cab40401a30,3ac8acc7e11bbe6772fddad237e51d2e,0d96aee679fac13091dac1b352b9485f,630ee7e776797db7d8df48faa23d5a65,9c0a5f9ef978de85871f0df5f328cc04,762c8c28af0cb9ae3028f33c1520a885,0928147d7fed5d2704e5864f15310df3,2e300d5b9ced3d6eb1bd338e15f42705,9b0f782fc5e61f4bcd60aec45a951907,8c1269604d51124eea733d76d969419f,71e83ca83dd815fb28599128e3923a04,2e207747b7f6ba4806dacd5c8eefb008,47251289aa301e5e085ea87168b93c5b,d774007926d300cfdc0af21fd17631da,a755c8d149dbfd8145d7e0970920af69,0e9ec21c9c1d75db573e64780f4bdc04,c4c87cc56c600398a547bf1d240bac4a,876d491f272ea12d93db7be1c54c1e5e,f4010791f0c5aa854730550435ca5837,d73f5beea409541bfeaa2095570c500d,3dd952e6eff4eeed1f99f883d7760558,ea594b4481ccdee2d7ed446a2a0ae272,e853197616422fca1c71e49cdd101657,32e418063c86b6aba3701f86f27b15bb,e47da797deb91bee9d49736f2c03f5d4,200d22d4f0b96478bc89e527590483df,ce1dd76e18ef0012011b3032be8a83fe,72cf8a1a01fb55ce2780a3fe0f8038d1,5402c87773c8c6cb257b4394b0717185,281856e1516923676b43bd418e6f25a7,9c863871d4cf0e4b25504375945feaa9,7fc85a57ec35f1b6145953e32a673446,67c5e92a315327f8188d2c91faf5c3a1,1ba20e49a934c9f63888c0aca2e3bdb0,106479e4024061d5093f0dcd23bc6cf9,179d05e99c44e629c8e68aef8ee71784,e2a80f87817bef0d96786c7ce389aed6,8597f5e4b5aabc29c6fc71c001a9303a,6a3dd1d0444d504a669c0825857a9074,fe5f4acc019e16ac5a920b1014cc7229,1ccc72120e9ca6b9c58c97c139468900,7342f68949be41c06eb30d3be1f3499d,9d5cf228e9ec57d97be4213c970d5621,a5b2dafc7f7a3eabaaff5f337f5a7d42,796b462f075af0b2fa608735085c20e9,668beb724f47e5a18cece4da0cfd0a51,a2a8db06139e5d8b33b9696c575f0414,9a6473062b1e797bcc9732f0c9a07849,cae432c95e5232373cb67ff90e7793d8,19f6997d3ba451b2bc8107503d70ab73,83e59a57e4575c3cbd02a8451997959b,5876cef9666eaf04c8dda83ec6c83a60,66b960536d4f8c72e04621cc3b3cf8e8,cf83b57ee57ce2ce8c9cc50781da2080,13e68590206aad4467ab4aa1b71406f6
2023-01-02,0.00042270911535010117,0.028797110471190258,0.0003424835591213753,0.0008951611238452875,0.0002930972716271746,0.003110781846066961,0.00030383293459409653,0.00104650035215342,0.015121883472603608,0.0005005154247716945,0.002480721780782392,0.0003139855022461029,0.0006432788852791558,0.00028084197173292724,0.0020750849078258436,0.008861211165235753,0.0002558831187344972,0.00024624742912463215,0.0004223751241960878,0.0006181653285104009,0.0004990684998358911,0.0001764080124894325,0.0002060408415654683,0.0035018790241409517,0.00037065993185857014,0.0002239801824184512,0.00023551280977648185,0.00012639584886322487,0.012478122975845676,0.0005147260611857774,0.00016112840651642896,0.0006045606188896659,0.023616243463139727,0.00023144240379338086,0.0006610062088148338,0.0008663838286349613,0.004001352034875131,0.008460345113840056,0.0022977642695200086,0.0011336075628032441,0.010458918028302164,0.0002566799034025705,0.00016688423306121958,0.0037269514532463814,0.00021618565479055146,0.0007634255645661896,0.007484512895015157,0.0006911659677102803,0.00014298511730560397,0.002650022378355285,0.00025850153159210856,0.0050413901790581925,0.011172800193699298,0.0015362915506202833,0.000765490761318707,0.02412294414672875,0.061072084975165065,0.0002488665901565015,0.0017143825833939796,0.0336547244771456,0.0004451552188835899,0.00011616996757222651,0.0061916675976509145,0.0004745218690072947,0.000590876667225886,0.0003762985483316945,0.00024084522637249627,0.0008357730971155753,0.049045342380493864,0.022419622773707827,0.006963175673182494,0.0001435881129703868,0.0006941731385407278,0.00037788998537089367,0.0011200371153883902,0.00037113204998122926,0.00126843203915481,0.00033477021774877194,0.0009637286166967806,0.00038809699706370216,0.0003117258971859344,0.004827506765519542,0.0018050614346115793,0.0049324703511923465,0.0033247536759095473,0.0005480483680655106,0.0010121844311775183,0.0018990326568822432,0.01264002351684648,0.002154426050788731,0.0001597279692843898,0.0006798816060384741,0.05575549339717803,0.0051088734125717085,0.020767052829041878,0.0012309029915711254,0.0011818682175873249,0.07533696008327416,0.0002998117446308332,0.00019280344275664498
2023-01-09,0.00040969216466402473,0.02821804195832429,0.00034644378330464,0.0008633387274347444,0.0002907250897586488,0.003178399897687194,0.0003134184480752306,0.0010289079001292263,0.015379305803174736,0.0005273712376573287,0.0024977810628421825,0.0003172666187996858,0.0006818754299721626,0.0002801324385133221,0.0020920464205231985,0.009078747664863177,0.00025626840253431,0.00024926661455678637,0.0004239352747323786,0.0006282544335419436,0.000506964897562666,0.00017911006712672132,0.00021472250742093972,0.003487869731881434,0.00037057178422089936,0.0002303248040538435,0.00023878602550581144,0.0001260953541719843,0.012762501557431784,0.0005707949020300381,0.00016533263359103947,0.0006220628173213491,0.02473440010703298,0.00023845031939858283,0.0006457523591135839,0.0008758945393955625,0.0040315472874246075,0.008625255337693405,0.0023192435875820485,0.0010937893137832424,0.010725924469634567,0.0002582275637438008,0.0001562645220571914,0.003757088844952914,0.0002214055130053165,0.0007581340770626336,0.007362112479669525,0.0006886233721839997,0.00014425800485408125,0.0026313022244759806,0.0002573434561859213,0.005088083236327639,0.011426003062592024,0.0015461847775899106,0.0007344240709048964,0.02452109295814204,0.05971410461650184,0.00025496625408470225,0.0017674759902355781,0.03363603116158426,0.00045130472181821547,0.00011911196738272118,0.006082506235920382,0.0004708580309013948,0.0005905084647658503,0.00037178462088313305,0.00025501777605117944,0.0008473744983095823,0.04940836159127957,0.022802962395110225,0.007062693092414287,0.00015077308082390685,0.000702430197917257,0.00037503575005586715,0.0011486253867555771,0.0003992988699846072,0.0012907041647375773,0.0003354081942927085,0.0009495808959866125,0.0003937521217536685,0.00031799757043391797,0.0047860641019362125,0.0018456421287436854,0.0050258731982524545,0.003318104181589814,0.0005639815310202589,0.0009936523587798741,0.001932333060689543,0.012956375942340477,0.002157535279857137,0.00016108522774538944,0.0006550780873009557,0.05682931893779923,0.005153794437457909,0.021082647412638995,0.0012588826460547332,0.0011958663272219484,0.07771076576429659,0.0003028410770158637,0.0001974708473644677
2023-01-16,0.00040029384592662337,0.027905174979666506,0.00035394348872037397,0.0008782624288810443,0.0002896291845883538,0.00320673098967981,0.0003245033015422678,0.0010508638812250228,0.01573948913124139,0.0005559237252589593,0.0025259167506368335,0.0003244334287220548,0.0006242622159797665,0.00027977977999457557,0.0021299810359538705,0.00940093128975885,0.0002599110926506065,0.000256559884637653,0.000427026266046766,0.0006455756251404226,0.0005175492013107058,0.00018253117404745602,0.00022608547331576137,0.0035638483271618017,0.00036055353829417773,0.00023785335709173327,0.0002436008339319175,0.00012646839612700064,0.01318045746438947,0.0006409743221265269,0.00017023076428841066,0.0006481161786201992,0.026604181810374373,0.00024738170322567433,0.0006382943850006878,0.0008945520420370871,0.004092411501518033,0.008855165901954398,0.0023716785800973112,0.001073659973957962,0.01110985364096305,0.0002605537926969444,0.00014743868395486766,0.0038303714357984225,0.00022770942826980426,0.0007595942363247679,0.007562180755572057,0.0006897746084396178,0.0001505350180275272,0.002673498984873144,0.00025706725436844225,0.0052090688345165,0.011798807228587206,0.0015618407964783103,0.0007146632274826071,0.024717472035742274,0.06120347218857575,0.00026248607937747793,0.0018031433356214754,0.03591563562208832,0.0004571794214437484,0.00012305248107743254,0.006028896805594577,0.0004668257514279665,0.000593108186802551,0.0003701181580352625,0.00027184540910839576,0.0008601369777934218,0.05499072091706842,0.023370071642271208,0.007201776007372079,0.00015945885920537925,0.0007126315734915213,0.0003873719989132264,0.0011783777307829077,0.00043036521474241584,0.0013171446240786814,0.0003381052579424845,0.0009492873972116274,0.00040125575797948126,0.00033034494510544285,0.004759426594581298,0.0019009038472372136,0.005162465018514787,0.003344195816842086,0.0005843210283942097,0.0010033721931560781,0.0019958944745526136,0.013416502807890427,0.0021838848372651445,0.000165261680153591,0.0006597219067357601,0.05843014858567206,0.005274157165359691,0.021233149683771834,0.0012980803625945985,0.0012291078169079728,0.0806626593316256,0.0003059903448337185,0.00020451158172581202
2023-01-23,0.00039414141700316397,0.028174179392517536,0.00036409564187200167,0.0009138110962918336,0.00028985501212162315,0.0032141704616946375,0.0003361798830440172,0.0011169846329235258,0.016191794221675937,0.0005845174804292839,0.0025840412315971343,0.0003350926022717339,0.0006437742450884251,0.000279792914296169,0.0021867941266403316,0.009817002150286074,0.0002666476113989176,0.00026768526147531306,0.0004316232631593581,0.0006696200365779015,0.00052873527934489,0.00018662876173909383,0.00023962681644281304,0.0037377287724091263,0.00034563351149590165,0.0002459075926838138,0.0002496889749315213,0.00012750403847380362,0.01371813219567863,0.0007151863500634433,0.00017565914078914954,0.0006820811777444022,0.02605493348725034,0.00025777553358116934,0.0006484456353095885,0.0009213177622495794,0.0041700479432078405,0.009143498049908997,0.0024539302030532673,0.0010893417626471578,0.011598659954598712,0.0002636651176227215,0.00014327164964952267,0.003944009608128427,0.0002348483274637029,0.0007675202624688952,0.007745266549116959,0.0006943658272070654,0.0001614455386133433,0.0027852244128781013,0.0002576976552976773,0.005402094128839968,0.012279004852887871,0.0015828391800282247,0.000716458181520114,0.024828856931728108,0.061836875100495736,0.00027086182269787636,0.001832577517960737,0.03679988067901549,0.00046106350614622324,0.00012788420989456845,0.006120501640817962,0.00046246583996461887,0.0005986202007705891,0.0003712259313073146,0.0002888006468220385,0.0008733314470877882,0.05497043964520866,0.024104623460865837,0.007376650245741278,0.00016876923878709427,0.0007234833875479707,0.0004131476392660296,0.0012033419066859708,0.0004590507342771542,0.0013459499722514152,0.0003428650387726615,0.0009657164037820812,0.0004105631786366906,0.0003485468258345166,0.004746299503285499,0.0019667485525516346,0.005335938014720829,0.003428441574120671,0.0006088178044199148,0.0010455643956493025,0.0020885962849097784,0.01400580632185251,0.00223191318156541,0.00017199089551898247,0.0006738015989134024,0.06098463731648664,0.005467499001475471,0.021314229755296784,0.0013467975761272117,0.001281695716671797,0.08403191471497565,0.00030925477820747406,0.00021377250600752108
2023-01-30,0.0003909167615333327,0.02915680731554523,0.00037579003588064484,0.0009634204429792467,0.0002913509311105776,0.0032330191689742428,0.0003476112656282689,0.0012179440027885644,0.016722018391012578,0.0006117905749515863,0.0026808672083399663,0.00034882917620581463,0.00066302414975791,0.0002801747272119128,0.002259910992442714,0.010312208839824052,0.0002761163251243097,0.0002820939746274143,0.0004375900468572028,0.0006996867151567304,0.0005377028828506765,0.00019130206700399723,0.0002547510479194268,0.003970258682043991,0.000332841912649114,0.00025385941970992897,0.00025673516501457775,0.00012919267393444336,0.014356609728763728,0.0007823352654845793,0.00018142507254058002,0.0007230014635079949,0.027212473490401463,0.00026910929264089336,0.0006800181311232302,0.0009548317450821787,0.004260962287287436,0.009481535689909297,0.002564160676032988,0.0011464182498144015,0.012176495581975883,0.0002675043865881459,0.00014548105009920816,0.0040940078680800325,0.00024253168548044198,0.0007813310291649863,0.008148368861116136,0.000701973405478116,0.0001764107054579792,0.002941404062752269,0.0002591979356754375,0.005663329074922612,0.012849846989349432,0.0016083695830734514,0.000743268054967071,0.0250454165873415,0.06231644701467826,0.00027976562623260637,0.0018705482765186106,0.038146581605717246,0.00046169883464690115,0.00013347225021945907,0.006391023877776578,0.0004578241145027114,0.0006068061803976979,0.00037496325484861847,0.00030381097159864134,0.0008865967777022395,0.05546839113716901,0.024984547282899068,0.007582233868151386,0.00017784650576277964,0.0007340211327256436,0.00044355329871787933,0.0012175671812475648,0.00048135931830842557,0.0013751728245376725,0.0003496191382769049,0.0009997287384513032,0.0004214427256778423,0.0003722098616465344,0.004745586706675858,0.002039085716452419,0.0055386518383606816,0.0035781789088238556,0.0006369911158020366,0.001109407475838695,0.0022086404219648264,0.014705174041811353,0.002299521845414686,0.0001809115821822684,0.0006940779147492545,0.06330814583848139,0.005729760574844523,0.021485623843864453,0.0014028939262316473,0.001353614679755906,0.08765206573940074,0.00031262689684669813,0.0002250446973544942
2023-02-06,0.0003903406361527022,0.030773808084375628,0.00038782751225727256,0.0010260697030076492,0.0002939744664105099,0.003295753535788141,0.00035812072370396,0.0013350022024027264,0.017312389893227347,0.0006368084978331682,0.00281109109272429,0.0003651718089337271,0.0006609075847627886,0.0002809221592596886,0.0023461959904375437,0.010867679126030254,0.0002877833814425428,0.00029912878799879427,0.000444693733685148,0.0007348465525535562,0.0005414466914653467,0.00019640539452709584,0.0002708024810846276,0.004175081670218963,0.00032875625067122356,0.00026119627436903926,0.00026439507044177444,0.00013152485762412642,0.015071665023904215,0.0008335783554003064,0.00018731921482853831,0.0007695469838648746,0.02964082283825097,0.0002808266666484441,0.0007301459765151303,0.0009934744869587306,0.0043626002943294336,0.009858302515275068,0.002699606684334466,0.0012385188683479184,0.012822992886451829,0.00027195932842675373,0.0001547762533225974,0.0042750023064824895,0.00025043655690261006,0.0008001559726988067,0.008828194255595606,0.0007120254190001765,0.00019467305057785934,0.003083712628635992,0.0002614744297983544,0.0059865986329234325,0.013489889992199565,0.0016372770390757747,0.0007919239708035569,0.025548684079714782,0.06563668832354029,0.00028912003498547147,0.0019270477870111933,0.04106891675418493,0.00045851096728281675,0.00013965083029327435,0.006806309045215205,0.0004529507305517342,0.0006172594798055091,0.00038110743691291144,0.00031568500310290423,0.0008999622438179977,0.06067117472946667,0.02598139961179695,0.007812168989123112,0.00018594661076921793,0.0007436820487880143,0.00046876705176678496,0.0012162653830986078,0.0004953181871932253,0.0014028268369970219,0.00035822436723166227,0.0010515954236198525,0.0004335040958018561,0.0004007093619744375,0.004756324424594837,0.002114176401785897,0.005761628271722655,0.003779701664148639,0.000668112605087867,0.001172050123584083,0.0023532352433918505,0.01549004754082709,0.0023840237532697242,0.00019158451644372732,0.0007196734170554926,0.06575919433737452,0.00605451124040595,0.021900630037253906,0.0014638376955931696,0.0014445176676141903,0.09136292396648746,0.0003160966449581028,0.00023804383397820614
2023-02-13,0.00039216042918466487,0.03276619162157732,0.00039905795673217013,0.0011008877707064217,0.000297503850129892,0.003423999930531258,0.0003672547726168088,0.001449231772396352,0.01794186078535268,0.000659125287128318,0.0029568966894195398,0.00038356963490331184,0.0006690983080510117,0.00028202635554554244,0.0024419262083734392,0.011460697457392342,0.00030097769990727544,0.00031803445363399227,0.00045262360479228036,0.0007739220791011227,0.0005374152778990641,0.00020176227368546234,0.0002871005482909078,0.004248055215078173,0.0003377110371871127,0.00026759809571756665,0.0002723145649896451,0.00013448998977238363,0.015834032733249424,0.0008654881176838155,0.00019312827789505672,0.0008199904393221573,0.03052884208455147,0.00029236720201049603,0.0007897519548125062,0.0010354448323878227,0.0044720928063711335,0.010260648322180248,0.002856357240538912,0.00134727916889567,0.013513086534118686,0.0002768730945938991,0.0001708081980834645,0.0044801630705432185,0.00025822339576909466,0.0008228482653777374,0.009226710885125203,0.0007238307115700914,0.00021533632355563446,0.003140299330927905,0.00026438396713600115,0.006362566382418198,0.014173286752700005,0.0016681255165917697,0.0008541867824185172,0.02644183708678063,0.070392682064155,0.00029906877649731164,0.0020029413822654023,0.04407750911177745,0.00045171227093659814,0.00014622387000356446,0.007273554878801719,0.0004478994468309925,0.0006294286329954508,0.00038934927756777024,0.00032433016123625076,0.0009138091160966186,0.06430733392726386,0.027060252363829734,0.00805894777812422,0.00019251631601143525,0.0007523163184495742,0.00048604927679957085,0.0011968241414868949,0.0005013068894337808,0.0014270165378570071,0.0003684591210615973,0.0011206531757470344,0.00044623296066677445,0.00043314008242759827,0.004777629989430682,0.002188944077941099,0.005994741849075624,0.004003753040106206,0.0007012044686834025,0.0012076858981774016,0.0025183025887265892,0.01633014241352066,0.0024821156867097477,0.0002035140063397798,0.0007499072074344101,0.06824359906623483,0.00643213396682904,0.022646286695988276,0.0015268015858539293,0.0015534549880901278,0.09502337207348734,0.0003196515630656675,0.0002523965600794028
2023-02-20,0.0003961407936434122,0.03478928902963988,0.0004085054968176623,0.0011864177386349786,0.0003016541453140269,0.003621747844552792,0.00037480973674047335,0.0015518424082181569,0.018586798263786272,0.0006787572969039948,0.0030946659291107015,0.0004033845375552514,0.0006799745562155041,0.0002834728806732894,0.0025428453528305098,0.012065513211788021,0.00031493323499093837,0.00033798281523540725,0.0004610132899513039,0.0008154959957901129,0.0005241012788418987,0.00020717998316315873,0.00030297606786826477,0.004126577340333862,0.000360905398191688,0.0002729835676837999,0.00028014916527375154,0.00013807483509826435,0.01661038079334746,0.0008812775993428302,0.00019864743890379768,0.0008722371357499139,0.030334571744938074,0.0003031961736819848,0.0008463226372462439,0.0010788514066313345,0.004586181365294965,0.010673628204014837,0.0030292071711991546,0.001447107715733022,0.014217613286365397,0.0002820563932625938,0.0001917437057326752,0.004701237566271615,0.00026555811638046667,0.0008480140117200171,0.009297998678854932,0.0007366153498017252,0.00023741312297338182,0.003065479101850046,0.0002677438710956037,0.006778083334074806,0.014870672817640034,0.0016992804269088972,0.0009198230883206523,0.027707194684881035,0.07283007275939045,0.00030991007470789633,0.002090795580658394,0.045951692535420155,0.0004422359374086883,0.00015297048442390742,0.007677642949418137,0.0004427268384559758,0.0006426492297783626,0.0003992855211581698,0.0003307088026806499,0.0009287763932127863,0.06446567476750381,0.028180399447817844,0.00831416351262689,0.00019724331874272768,0.0007601383999667696,0.0005028587501369905,0.0011594371625589838,0.0005018947350806862,0.0014460800815969724,0.0003800212245280278,0.0012032376292227854,0.00045903050884188353,0.0004682951532947576,0.004808662065195705,0.002261192254177007,0.006227138630493943,0.00421775021882557,0.0007350637722188718,0.0011985770150899648,0.0026982942354027927,0.01719011622673533,0.0025899062063386214,0.00021617255704883546,0.0007839510371314067,0.07067727026831115,0.006849185842366551,0.023706837343253195,0.0015888061807832476,0.001678580545154158,0.09852195649130972,0.00032327699425092036,0.00026763756478006667
2023-02-27,0.00040205663860766493,0.036556115147672784,0.00041546635712390735,0.0012803935656216458,0.00030609698883079194,0.003871872433260222,0.00038081847427701984,0.0016468916241866003,0.019222115113443374,0.0006960772686882787,0.003204927008359328,0.0004239020615368818,0.0006860147225591209,0.00028524199916550325,0.0026443142094860904,0.012654705954778793,0.00032883617582843053,0.00035811187331159577,0.00046946530033975043,0.0008579578063933972,0.0005014498271116682,0.00021246383802248824,0.0003178064128415717,0.003834267905020852,0.00039615772962920065,0.00027751100649137784,0.00028758253185045765,0.00014226188789403927,0.017365052175577777,0.0008894808124148755,0.0002036918302360933,0.0009239202400670742,0.03131393721461789,0.0003128329221309381,0.0008895186018447854,0.0011218128495446753,0.004701342990312786,0.011081216043663245,0.003211658903070391,0.001516900249625075,0.014904816976239941,0.0002873006917940377,0.00021393626443329632,0.00492879345230144,0.0002721382661323262,0.0008740651502477312,0.009813354271097526,0.000749565522454872,0.00025987752928705417,0.0028711917674146717,0.00027134398939533943,0.007215953005816797,0.015550693025242434,0.0017290086851620974,0.000980648504359296,0.029196085300226843,0.07366928380441842,0.00032200353318674537,0.002179812878645681,0.04855719168894685,0.00043152278989008817,0.00015965583613275394,0.007938232505352695,0.0004374914690924424,0.0006561829051132824,0.00041041626085848725,0.0003365387827307825,0.000945626765440962,0.06814616795303652,0.029297083900040852,0.008568899842026126,0.0002000739745977956,0.0007676280007488106,0.0005315805973534011,0.0011071949419319738,0.0005012078511435595,0.0014587276683131027,0.000392530062037834,0.0012907158729219851,0.00047125608936110275,0.0005046878955959023,0.004848589770155961,0.0023296825549513436,0.006447873261439431,0.004399523862101829,0.0007683218169139445,0.0011428593482126536,0.002886204316966432,0.01803135004277966,0.0027030232052313616,0.00022902724858085488,0.0008207788380550096,0.07299056485967804,0.007288185424572347,0.024954608248399904,0.0016469034918717132,0.0018168920096573627,0.10178256815916342,0.0003269563218217394,0.0002832213503472775
2023-03-06,0.0004096880591409435,0.03795694467266692,0.00041956864354636414,0.0013796516387462325,0.0003104827786201931,0.004137271832167143,0.00038550135020663757,0.0017441115458510757,0.01982279668481037,0.0007116542487660675,0.003280274522748288,0.0004443620584754709,0.0006918088151953617,0.00028730902024073316,0.002741558127183348,0.013201018990471429,0.0003418744351186673,0.0003775752448380809,0.00047757669569498264,0.0008995913915598203,0.0004709881579191965,0.00021743060472032604,0.0003310476013967832,0.003463441929061104,0.000438266033675011,0.00028153321781614727,0.00029434298398774974,0.00014702761499251662,0.018062480627264663,0.0009010320394681777,0.00020810651856260242,0.0009725607335524766,0.03263461926239505,0.0003208760141579767,0.000916467832063611,0.0011625604118475248,0.004813971829982526,0.011467329726371695,0.0033961303239373347,0.0015520423604953174,0.015542703741908059,0.00029239186847383216,0.00023258129797597553,0.005152686829338327,0.0002777197949169846,0.0008993000668302773,0.01084575466343092,0.0007618750065058332,0.0002817196676760145,0.0026181429370425923,0.0002749600970559866,0.007655348908324508,0.016182083383590902,0.0017555921332673898,0.0010331674539643728,0.030660136746413703,0.07543325655602569,0.0003356653209807084,0.002262095903549649,0.05264515843818981,0.00042123744745099176,0.0001660467060508554,0.008052413136255581,0.0004322530341496009,0.0006692615810246848,0.00042215173208605666,0.000343803351655652,0.0009650936130999121,0.07406118064991467,0.030364266955936886,0.00881424616807094,0.00020119750302214875,0.0007753969323082954,0.0005805067224659079,0.001045598004423688,0.0005039484793663847,0.0014641561696339535,0.00040553578336458446,0.001370571631564372,0.00048227085912796764,0.000540623909547188,0.0048965689312866585,0.00239405609927903,0.006646705586182863,0.004544988917360253,0.0007995408800169722,0.0010554250645514757,0.00307384221858705,0.01881478754928013,0.0028168115574702273,0.0002415662621337892,0.0008591809349698551,0.07513021862733207,0.007728059807695477,0.0261762725913266,0.0016983837218049094,0.0019640807043567786,0.10476375800007744,0.00033067123495933654,0.0002985505646088049
2023-03-13,0.0004188168610709464,0.03907128096040043,0.00042078841832488944,0.0014801870466884055,0.00031446398781853884,0.0043703171837097534,0.00038919182932522654,0.0018491488125823472,0.02036569021880982,0.0007260738517249761,0.0033261508278599233,0.00046400677940754717,0.0006970542311039834,0.0002896447043107246,0.002829992145462368,0.01367946503520403,0.0003532866267294775,0.00039559645535264894,0.00048496453218445314,0.0009386977566312619,0.00043563770016739076,0.00022192042645670495,0.000342261511922742,0.0031139466049335306,0.0004802201832389525,0.00028551879016514264,0.0003002170964787229,0.00015234063361765693,0.01867002618188705,0.0009262539281011193,0.00021177446673321528,0.001015776461652143,0.03253603563240601,0.00032702377549390224,0.0009322721830052721,0.0011995355960626231,0.0049205879683421935,0.011817071288397455,0.003574392559321977,0.001566068994830633,0.016101974581548665,0.00029712364199510133,0.0002436861549249162,0.005362735048182499,0.00028214017380738814,0.0009220103667314973,0.01133431011904809,0.0007727944003680373,0.0003019990381217462,0.0023757904104015435,0.00027836792436022797,0.008073029037572942,0.01673609339716464,0.0017774472457931219,0.0010777188515958647,0.03182983325521994,0.0766222522429333,0.000351068032486925,0.0023365717092329106,0.05477193119434747,0.00041300204727366105,0.0001719300124837474,0.008088399809664535,0.0004270714875060919,0.000681134524044184,0.00043383235819084384,0.00035418073501073495,0.000987728455224287,0.07389096004964725,0.03133822143896434,0.009041898709758833,0.00020099989335346178,0.0007840424940243561,0.0006462299307652934,0.0009815852458080704,0.0005142670309143725,0.0014621223605898054,0.0004185376663165811,0.0014321133320239325,0.0004914801999206634,0.0005743207484886861,0.004951724265157725,0.0024546153503426896,0.006814954263619439,0.004665311322004435,0.0008273414354833358,0.0009614594440603313,0.003252383734835313,0.01950450679943329,0.0029266130402398755,0.00025332400389583643,0.0008978106247366476,0.07705855080043507,0.008145389374268886,0.027140246193943146,0.001740981831771415,0.0021145722216236343,0.1074519855220901,0.0003344020184847208,0.00031301949771305035
2023-03-20,0.0004292243972080904,0.04006626431507728,0.00041942212480074187,0.0015773880086299198,0.00031771822275550803,0.004530977650303493,0.00039225079787128507,0.0019590543873545026,0.020831344300914503,0.0007397732032943945,0.003354672289094738,0.0004821402735355428,0.0006999462682171815,0.0002922157272191428,0.0029055851283579293,0.014069432591277074,0.00036240774573285446,0.00041152160591130906,0.000491289686207119,0.0009737383876316331,0.0003992381564438136,0.0002258067013047005,0.0003511367119772207,0.002846974002517397,0.0005152072823740306,0.000289958716349823,0.00030505962109175305,0.0001581599070475496,0.019160853164864988,0.0009726111384760687,0.00021462207963821272,0.0010515113311098444,0.032870123404596316,0.00033108901847500415,0.0009453934613600503,0.001231475544826982,0.005018054859245506,0.012118019595197949,0.0037382123663756354,0.0015808039088338677,0.01655907211411379,0.0003013100992200121,0.00024618902708512934,0.005549524706450323,0.0002853338649832189,0.0009406060351674141,0.010982661009834175,0.000781678636484906,0.00031989353910031134,0.002189212010699645,0.00028135701889457404,0.008445321991450004,0.01718893689926081,0.0017932417304783552,0.0011148356184916405,0.03252020167113411,0.07565698492152315,0.0003681609527200988,0.0024081332958327743,0.05386801475421385,0.0004082050957361186,0.00017713158237543276,0.008136531660662555,0.000422006164502605,0.0006911153400261844,0.0004447640621342015,0.00036852503532922487,0.0010137641998777622,0.0721339904360266,0.032181491551692726,0.009244781880690733,0.00019999458195214828,0.0007940095470184999,0.0007107844748282456,0.0009222800502056796,0.0005347241548823773,0.0014529629613997763,0.0004310122691898528,0.0014736960828849296,0.0004983726794771106,0.0006040618667422218,0.005013136691402513,0.0025120122088799473,0.006946278778796475,0.004776201454710922,0.0008505433338383505,0.0008856975333517275,0.003413153864495558,0.020071460964587295,0.003028101514703723,0.00026390337403842963,0.0009352574410377763,0.07875042087374454,0.008516416583628882,0.027688223316510323,0.0017730580664159195,0.0022618188518311734,0.10985069407492237,0.0003381278625338399,0.0003260675905622521
2023-03-27,0.0004406904792788269,0.04105989533310939,0.00041602098229700444,0.0016664486173798552,0.00031996965724097337,0.004605396220644973,0.0003949844938666234,0.0020651527447426337,0.021205644179053032,0.0007529185212829446,0.0033767962710551844,0.0004981897785173812,0.0007010112763464694,0.0002949851970408291,0.002965210846117816,0.014356496812844136,0.00036870894413600655,0.0004248641376258419,0.0004962776972190485,0.00100347808945297,0.00036587596409900087,0.00022900345376541408,0.00035750176400374837,0.0026774498228536382,0.0005387069609345571,0.00029527566920005795,0.00030879919301593885,0.0001644330665083167,0.019516421851390936,0.0010430973108140596,0.00021662206898576987,0.001078247820512142,0.0336358074056355,0.0003330071304051895,0.0009618962648086407,0.001257479709934268,0.005103785458958553,0.012361376804179857,0.0038801204407429703,0.0016140050192231345,0.016898785588080174,0.00030479667758557486,0.000242428768608553,0.005705245940575311,0.000287337406555108,0.0009537458008243986,0.010886439836557706,0.0007880289933314708,0.0003347413760342719,0.0020712429188309207,0.00028374365510778143,0.008750644444432375,0.017523920321799082,0.00180199747783283,0.0011418605699354428,0.03271251882225783,0.07553324324554864,0.000386623627463514,0.002482646097803903,0.05431984038827556,0.0004078953314779985,0.0001815320860386945,0.00825522138169323,0.00041711491398941725,0.0006986258120951047,0.00045426778103586896,0.00038652193320085705,0.0010430068574513048,0.07318516802357226,0.03286659494710133,0.009417609949874816,0.00019873984286268866,0.0008054818826513376,0.0007491323222981916,0.0008737186795891676,0.0005655667667736427,0.001437558224707603,0.0004424499679666632,0.001504895254009962,0.0005025534815537925,0.0006283629254098351,0.005079835275893652,0.0025669042734593876,0.007037262205720243,0.004886737379332584,0.0008682975494828635,0.0008424520871422208,0.0035485290410482494,0.02049670341599514,0.0031176308340514613,0.00027299390891922127,0.0009701411092035495,0.08018904413211557,0.008819571613969618,0.027806008269943623,0.0017937288046537716,0.0023988548952424455,0.11196805682426395,0.0003418271876399228,0.00033723466630671564
2023-04-03,0.0004529931676184449,0.042038083090662454,0.00041129768178383395,0.0017429092969631747,0.0003210075709907515,0.00461250862338386,0.0003975791568233526,0.002159795045024638,0.021480997964648883,0.0007653443318881026,0.0033981844073108815,0.000511758434406653,0.0007004903136340755,0.0002979132172003617,0.0030069307233011647,0.014533671375046223,0.0003718291293503024,0.00043533650265025403,0.0004997354198831149,0.0010271039915863273,0.00033915305726992944,0.0002314698697746097,0.00036133030928953456,0.0025880315230732724,0.0005497156552159373,0.00030174702149617083,0.0003114395312523575,0.00017109499030436322,0.019728202965649866,0.0011347828267114536,0.00021779352224898167,0.0010951662733211262,0.0342585486709421,0.0003328370777329339,0.0009822093365336908,0.0012770528045103003,0.00517591640098559,0.01254277760047757,0.003994184867404879,0.0016720204241156137,0.017115908166638393,0.00030746903514344603,0.00023663598258885787,0.005824425503972419,0.00028828333390195233,0.0009604562580415617,0.011390164809223904,0.0007915260101199832,0.0003460734709676254,0.002010731690053203,0.00028538205612939105,0.00897211630616317,0.0177329288164235,0.0018031696624721206,0.0011527552251769566,0.032562973851948646,0.07811464156875378,0.0004058609937081644,0.002561089713848638,0.05769408931173599,0.00041273312103920387,0.00018507737277339596,0.008441747078640413,0.00041245325208510064,0.0007032335458646928,0.00046173834914816096,0.0004066063725847821,0.0010747692051911823,0.07569623564597103,0.033378816993133095,0.009557309640766435,0.00019775436234378404,0.0008183190946590954,0.0007472002788932482,0.0008398234840991147,0.0006044805363539283,0.001417245048619155,0.00045239625179157217,0.0015406907755890584,0.0005037705107743612,0.0006461242128185163,0.005150793494580077,0.002619643547756174,0.007087697090428279,0.004994385967727277,0.0008801838857191234,0.0008309813573255649,0.0036528012008059016,0.02077346750723317,0.0031925453225414607,0.0002803847760061021,0.0010012160395771392,0.08136205175385895,0.0090380785302702,0.027630289384783298,0.0018029305363178277,0.002519053915952576,0.1138063855337617,0.00034547798049651407,0.00034620819675454747
2023-04-10,0.0004659092706327094,0.042868834835734865,0.00040601897344412816,0.0018032264171329358,0.0003207008899124264,0.004593990085916533,0.00040006208003446437,0.002240635140024389,0.021656891327142245,0.0007765639849444936,0.0034204244980485772,0.0005226597843131809,0.0006982449905249888,0.0003009574887537846,0.003030161788286353,0.014601921873949032,0.00037159658050473686,0.00044286528814246347,0.0005015625130196761,0.001044300593001285,0.00032154617798228725,0.00023321181724364677,0.0003627377099638203,0.0025464096930447396,0.0005505570675656497,0.00030944679710250597,0.00031305610682050706,0.00017806678765073234,0.01979834676392581,0.0012376364499333116,0.00021819921881525983,0.0011022233851997454,0.035400445308163477,0.00033075529540216027,0.001001541026299528,0.001290120944951865,0.005233431692266604,0.012662624034258862,0.004076653080613418,0.001748577622485011,0.017215630509266746,0.0003092593534529291,0.00023286362620880745,0.005904440042141724,0.00028838425045316497,0.0009602231143117544,0.011476752806058184,0.0007920503586628991,0.0003536345513311833,0.0019846509343190814,0.00028617328765839735,0.009099744600350226,0.017817047944273367,0.0017966937137827877,0.0011419026497223382,0.03233312844509297,0.07975267204219977,0.0004250424923717928,0.00263652950758599,0.059498104465066856,0.00042295844888770074,0.00018778144789259897,0.008636769023373144,0.0004080735499860561,0.000704680725845793,0.0004667044598565907,0.00042617268682378724,0.001107863084664808,0.07906545728050957,0.033717587535572385,0.009663241592494985,0.0001974424644390185,0.0008320485391838305,0.0007148610899692185,0.0008218210361692344,0.0006468842061483806,0.0013936933390850093,0.00046049234388304596,0.0015917797943714234,0.0005019317712458537,0.0006567441451279754,0.005224929622500636,0.002670053158935091,0.007100529296492663,0.0050885105164584395,0.0008862556614144674,0.0008380741806616197,0.0037228387461766877,0.020907701559680636,0.0032514053965542826,0.0002859719094330213,0.0010274728901971575,0.08225906298459809,0.009162115890174254,0.027387298859037047,0.001801409142255069,0.0026169554575411246,0.1153556652666385,0.00034905813551859376,0.00035285391740015766
2023-04-17,0.0004792154098991396,0.04340081943629382,0.0004008991441984753,0.0018452483746629902,0.000319007860377558,0.004594995589240395,0.00040229452749720914,0.0023086551741019505,0.021739730811863613,0.0007858516193025066,0.003445479501954383,0.0005309279909194059,0.0006945848092320919,0.0003040739439110979,0.003035702651724538,0.014569878579662528,0.00036803935241416655,0.0004475884295699535,0.0005017571025627396,0.0010552686638965606,0.0003139887332607025,0.0002342803393100095,0.00036196951896355243,0.0025212959144385763,0.0005454913098859142,0.0003182096339193074,0.0003137885184542203,0.00018525534134300304,0.019739217604121517,0.0013347072849234595,0.00021794039220972535,0.0011001377481038772,0.03493589603946492,0.00032704284572401663,0.0010134107288584104,0.0012970200190960432,0.005276222454511303,0.01272589575426377,0.004126343889719217,0.0018286808289754515,0.017212629610839775,0.00031014975927431303,0.0002336902941779328,0.005945726641817053,0.00028790999038968664,0.0009530410420607673,0.010802043413422897,0.0007896897627822308,0.0003573917607279033,0.001970154531256741,0.00028607131682521737,0.009131701518054498,0.017786240345243162,0.0017829951143155792,0.0011095864754744529,0.032283580890369756,0.07805734249282995,0.0004431813465818862,0.0026960553894592324,0.057459914463214475,0.0004383443202152193,0.00018972173874806693,0.00875975389431333,0.00040402426766999837,0.0007029018788278238,0.0004688794988516294,0.00044204286508225916,0.0011406683325080897,0.0779004448266944,0.03389620602523266,0.00973718906320776,0.00019803893504469135,0.0008459140185230393,0.000679037695218425,0.0008182042700163596,0.000686718667560324,0.0013687638340622997,0.0004665089363978912,0.0016573272639303913,0.0004971130989200204,0.0006601754157301875,0.005301111098932924,0.002717331848931784,0.007081476148171205,0.005159608199689377,0.0008870235559684559,0.0008461829537972836,0.003758416336407288,0.020916997981046778,0.0032940937445872375,0.00028975892172902816,0.0010482228052356962,0.0828715846478404,0.009190064427816698,0.027300633056249704,0.001790637148752036,0.002688987269279083,0.11659271198797144,0.0003525457972342885,0.0003572243731288393
2023-04-24,0.0004926895258996129,0.04358316592688106,0.0003965087789438994,0.001868489220625708,0.00031598027488217246,0.0046467642431735024,0.0004039974910475905,0.002362826240815645,0.021742013232391548,0.0007923852346249832,0.0034793191542785377,0.0005368025390295879,0.0006899281029765583,0.0003072174022624566,0.0030256154406684646,0.014452811597616683,0.0003613838845937583,0.00044983527847498655,0.0005004153149483309,0.0010606864195379059,0.00031576022973273744,0.00023476727536551678,0.00035938252134353344,0.0024958845993827404,0.0005388800913996414,0.0003276217894548994,0.0003138290666692877,0.00019255355666651005,0.019571897699670954,0.0014050805035231528,0.00021714928191655152,0.0010902881839607653,0.03436139677265504,0.00032206662284564586,0.0010143785394433166,0.001298457467788868,0.0053050764059651544,0.012741481527305726,0.004144720181361678,0.0018965497495917279,0.01712908522474157,0.0003101727115902276,0.0002398306216811552,0.005951661657698791,0.0002871615799737335,0.0009394144997570898,0.010450126679384058,0.0007847313374806061,0.0003575303649014099,0.0019549756518000044,0.0002850858921480109,0.009074423107135998,0.017658150493414213,0.001762961056075921,0.0010647758506632946,0.032580804665317424,0.07710986704513735,0.00045924438657625683,0.002727125621125416,0.05603738979120514,0.0004581301923422781,0.0001910277031783865,0.008760019811133847,0.00040034924466728566,0.0006980293278541198,0.00046819360411658965,0.00045110023238199224,0.0011712902905045626,0.07587009830685179,0.03394001101010815,0.00978311868104299,0.00019958056871444084,0.0008589746339325986,0.0006654380968282143,0.0008252271345445037,0.000717579835890184,0.0013443660397293835,0.0004703674620721577,0.0017243540765932285,0.0004895558673203146,0.0006569158274259473,0.005378162710288282,0.002760106059952951,0.007038389813332951,0.005207967129083375,0.0008833839510753102,0.0008427976709263911,0.0037621571646811046,0.020828194893812758,0.0033217874468101905,0.0002918517941217281,0.0010631519197702951,0.08319539529071415,0.009128576653571025,0.027512060031939817,0.0017726712374560966,0.002733919966762603,0.11748625827180706,0.00035591969852723476,0.0003595445679686865
2023-05-01,0.0005061127148459337,0.04352177789777352,0.0003932106910004713,0.0018741410864961767,0.00031176198601888706,0.0047564670933528475,0.00040480671543874987,0.002398062304671658,0.021680961855009097,0.0007954290431260092,0.0035313514201171783,0.0005406909980958482,0.0006846532644452444,0.0003103422407102859,0.003002986185447539,0.014271038313472165,0.00035204191524099057,0.00045009216129028286,0.0004977247594935583,0.001061621742031292,0.00032470290345495577,0.0002347983253518825,0.0003554195195718504,0.002473264734413873,0.000533710695941492,0.0003370474188646134,0.0003134082390710689,0.00019984144088453377,0.019323924738484165,0.0014298684622804493,0.000215979943237088,0.0010745461842297972,0.035650060301637934,0.0003162557246872669,0.001006819501704225,0.0012954506463591896,0.0053215988233109345,0.0127211568757086,0.0041356389963033945,0.0019440413344912375,0.016992045573000384,0.00030940837121099126,0.00025017169667231477,0.005928137320616865,0.0002864455180105988,0.0009203093696565699,0.010900588912116066,0.0007776400765081708,0.0003544368791587595,0.001941697603330171,0.00028328208442453614,0.008941539775556498,0.017456241875394737,0.0017378772328571104,0.0010225459889564796,0.033243282268196124,0.07945753312579037,0.00047227822482456095,0.0027248497877758932,0.05774813322820424,0.0004809633779536163,0.00019186485644721057,0.008652090346879844,0.00039708705824181503,0.0006903859302812034,0.000464800536859802,0.0004509568134409666,0.0011978008858866437,0.07838869823961687,0.0338833758973761,0.009806751660649808,0.00020190781874957856,0.0008702399345236222,0.0006862599575341177,0.0008378202388073735,0.0007339712199052942,0.00132233163299218,0.0004721453360908472,0.001775563012584215,0.00047965485218770244,0.0006479376669052839,0.005454878377986357,0.0027966267321528925,0.006980471445166225,0.005245494690704189,0.0008765080507650047,0.0008263207424704795,0.0037391160243090064,0.02067416581615173,0.0033368035881427313,0.00029244771275340473,0.0010723382852319732,0.08323486222705487,0.008991485788806746,0.028036930920429935,0.0017499692694833231,0.0027529556894577735,0.11800701020371973,0.00035915948980983875,0.0003601784134390842
2023-05-08,0.000519271299748202,0.0434272181961806,0.0003911308517421841,0.0018648352312006296,0.0003065817808317437,0.004904312215295695,0.00040434897863264667,0.002409939262649358,0.021576835960588337,0.0007945228352464833,0.0036090613285585647,0.0005431168698801021,0.000679220882908889,0.00031340306780397714,0.0029716042297535297,0.014048000456584827,0.00034058647767981685,0.00044895743397253975,0.0004939524154717013,0.0010594116839441926,0.0003377156779461681,0.00023452401603035137,0.00035057939560389714,0.0024698317077259157,0.000530944748603952,0.0003456983426721914,0.000312777999617942,0.00020698809672154954,0.019026622343336866,0.0013992202162098723,0.00021459788143363866,0.0010550732676796488,0.03567815930922926,0.00031007439406690007,0.0009975991472377034,0.0012892465698871268,0.005328074229412204,0.012678375337799922,0.004104839348457974,0.0019737342719989086,0.016830623198884374,0.0003079791408779955,0.0002620243878330775,0.005882914134900466,0.0002860509758111058,0.0008970627820118743,0.011314023097350145,0.000769025468731869,0.00034867067585872877,0.001942855871766193,0.00028077652183345085,0.00875192100073914,0.01720755240614079,0.001709336778827153,0.0009979139286058118,0.03413200551361538,0.08104995425178507,0.0004815348626900473,0.002695507237795433,0.05953975622643565,0.0005049061442037556,0.00019241671036266517,0.008508700180931942,0.00039427045834022727,0.0006804656414030757,0.00045905805088749336,0.0004405119490685743,0.001218532401359829,0.07792521566118649,0.03376607666730056,0.009815007152797567,0.000204695769254226,0.0008788220424686923,0.0007367882391869969,0.0008507356496127497,0.0007324253159232768,0.001304312882017041,0.00047206449256794326,0.0018023211557914797,0.0004679369991375073,0.0006345698908729404,0.005530036250080206,0.002825083504465352,0.006917449744953579,0.005288813092711253,0.0008677136324809815,0.000805652241318954,0.0036961031354365336,0.020490389106009123,0.003342344982504617,0.00029181876009954,0.001076229467841511,0.08300804535782569,0.008797838705787429,0.028757165434769656,0.0017251892842935499,0.0027494480651133095,0.11814055194344039,0.0003622460543396118,0.0003595828328643691
2023-05-15,0.0005319590494730509,0.043487295180118936,0.00039016710457030014,0.0018442225364471412,0.0003007410188669461,0.005048117579544682,0.00040232773267297563,0.002402240199351614,0.021451137806971332,0.000789640470979735,0.0037102684864304555,0.0005446608995397453,0.0006741198585473786,0.000316355393023484,0.0029356090437239776,0.013808265471643204,0.0003277183898050346,0.0004470907391704522,0.0004894277244658958,0.0010555284652352336,0.000351417299108297,0.00023410914529570166,0.00034538425267770825,0.002501127161104731,0.0005297475753688583,0.0003527485228534054,0.00031219390180828316,0.0002138546549922297,0.018712394805439445,0.0013167295407696203,0.00021316914135099122,0.0010341157090395015,0.035464360417973274,0.0003039931284471688,0.000993724244697009,0.0012812290053160497,0.005327283777376882,0.012627041225723426,0.004059271659513721,0.0019941501083025714,0.016673433837095856,0.00030604172421511817,0.0002718179196718966,0.005824854621901339,0.00028623125282302143,0.0008712644914789599,0.01112272548515489,0.000759599208024146,0.00034092579970676485,0.001970172583990745,0.00027773054432974996,0.008527285938198952,0.016940372321979747,0.0016791309797399747,0.001000043963902307,0.03498833922343631,0.07918437631259886,0.00048657933130899543,0.0026536954502754504,0.059269458793811604,0.0005275759399250765,0.00019286692697721095,0.008417068715485587,0.0003919258875487155,0.0006689033438992033,0.00045148589984631666,0.0004202799815822578,0.0012323673073387908,0.07630180568152597,0.03362958932889349,0.009815388194914655,0.00020750962315131203,0.0008840826110286019,0.0007965323393633523,0.0008596794227670391,0.0007122682539406161,0.0012917090128877198,0.00047046551519656964,0.0018125262613627462,0.0004550323564696334,0.0006183540927711933,0.005602416684321358,0.0028439853852741943,0.006858820947786668,0.005347492151368103,0.0008583405679559252,0.0007940102722066469,0.0036408876209696127,0.020311806936948177,0.00334218443316065,0.0002902914701031893,0.0010755852603263607,0.08255112238205528,0.008569503185777766,0.02945379212929879,0.0017009920496174257,0.002728341429443198,0.11790014473313834,0.00036516180509251514,0.0003582574743993568
2023-05-22,0.0005439794685912165,0.04374370964080737,0.00039003309916670607,0.0018164767536569379,0.0002945967452608647,0.005137206106017774,0.0003986036979854881,0.0023889006076234552,0.0213249132780019,0.0007812824820269013,0.003817241047828602,0.0005459034973384045,0.0006698006402921216,0.0003191562815615888,0.0028991497547084448,0.01357567559492993,0.00031422519862877224,0.0004451611567613164,0.0004845219765786908,0.0010514495733573526,0.00036283615931014316,0.00023372136503761596,0.00034034560427350735,0.0025684504727736565,0.000528362868085703,0.0003574802037693362,0.0003118971130246298,0.00022029809896071645,0.018412295201944734,0.001198516717972309,0.0002118495119572338,0.0010138234804999873,0.0363255593709003,0.0002984596619054622,0.000998002955043294,0.001272819468241671,0.005322296441227711,0.012580397087735564,0.004006386243184171,0.002010997266100401,0.016546539094007936,0.0003037771925844637,0.0002763919232889897,0.005763146239817162,0.0002871896180929512,0.0008446264330870184,0.010886009077116976,0.0007501275551772284,0.0003319852857451265,0.00202428493977056,0.0002743406813834537,0.00828985640685313,0.01668210727940304,0.0016491324898946732,0.0010288485171362721,0.035521374993057866,0.07829619056675627,0.0004873638284281861,0.002614754037917975,0.0590772764245051,0.0005464579162584832,0.00019338336818611264,0.008429588410717632,0.0003900730930571343,0.0006564361486486903,0.0004427097650966833,0.0003924118189375764,0.0012389550955835018,0.07806832788125102,0.033513758135707825,0.009815375315020473,0.0002098765480787935,0.0008857526751666457,0.0008373210719355712,0.0008621883985722832,0.0006758739886037052,0.001285617637765908,0.00046777191738391386,0.0018251121386588633,0.0004416388822193688,0.0006008969819308176,0.005670822588649585,0.0028525389795567273,0.0068132138701643905,0.005414471799653201,0.000849645592665197,0.0008004946749349875,0.0035814187830557984,0.020170296582287844,0.0033403286434963413,0.00028822349476640417,0.0010713948215658525,0.0819207397141083,0.00832882271100637,0.02988126330136717,0.0016798643350520392,0.0026954710687282133,0.11733626058065978,0.00036789095887589264,0.00035669706460536436
2023-05-29,0.0005551480887499681,0.044042434357466964,0.0003903299494614093,0.0017858210156089628,0.0002885412570590414,0.005133907913184616,0.00039325577703686905,0.0023862161394401812,0.021217284157145886,0.0007704803331469151,0.0038977688632025145,0.000547373742762211,0.0006666681087914728,0.0003217649853088437,0.0028660911291110624,0.013371800555040149,0.00030093497992978824,0.00044379828125646606,0.000479625290175184,0.0010485445996686862,0.00036998131188093527,0.00023351960944736027,0.0003359316270393117,0.0026519878765893156,0.0005252298532444449,0.00035943221570918535,0.00031209744065511136,0.00022617585184429373,0.01815406385208681,0.0010674175411387438,0.0002107744951271535,0.0009961098789512495,0.03600965600202804,0.0002938715275672193,0.0010070193610195993,0.0012653786929200086,0.005316252463585876,0.012550105289056326,0.003953482579251256,0.0020209414792866517,0.0164719771266502,0.0003013796615593696,0.0002743884546325479,0.005706601217042643,0.0002890688146725169,0.0008188570441164341,0.0108382909081214,0.0007413820510217389,0.00032267070724737373,0.0020895626616467926,0.0002708270127637838,0.008060424033804277,0.016457505145677443,0.0016211812770939586,0.001073980104105032,0.03552528098484015,0.08083388265313704,0.00048425679528468616,0.002587038060300746,0.05937892512674742,0.000559358581624769,0.0001941049389465454,0.00853522117924588,0.00038872483628843923,0.0006438589300136832,0.0004334011024241367,0.00036039878740496334,0.001238797950908211,0.0783055489817799,0.03345408752504227,0.009821877100227064,0.00021136348778627828,0.0008840066861629949,0.0008398570291851408,0.0008580627695078616,0.0006283573250351451,0.001286804543796602,0.00046445014077244404,0.00185510032144504,0.000428483183991636,0.0005837390262932115,0.005734101464987428,0.00285094904835911,0.006787904764194614,0.005465065288473436,0.0008427238408888315,0.0008240380181017902,0.003525169632493806,0.020092858751683387,0.0033406971891707816,0.00028597879538536764,0.0010647801626188305,0.08119335909475534,0.008096687378584337,0.02986731914551115,0.0016639734563860967,0.002656870360124399,0.11654029395913296,0.00037041978369517134,0.0003553511591002827
2023-06-05,0.0005652946994583598,0.04409451175790365,0.00039063426507025877,0.0017561481412625886,0.00028297931106577344,0.005032722123819437,0.0003866102821113181,0.002400105888399339,0.021144280824771232,0.0007587093728857853,0.003917007904479953,0.000549507752991249,0.0006650570459344758,0.00032414354104556907,0.002839783855678881,0.013214765765596612,0.00028866769168380755,0.00044354916162127247,0.00047512260569773987,0.0010479850148892972,0.00037217786770642907,0.00023364308117523639,0.0003325374259145967,0.0027148954176894387,0.000519876983763452,0.0003585113972388923,0.0003129583899480734,0.00023135091713901942,0.01796070592357368,0.0009456551057242013,0.00021005064007846593,0.000982556542989574,0.03497271187919505,0.0002905518136557541,0.001012428984092114,0.0012601146289954019,0.005312155423390374,0.012545548083381024,0.0039071854980056225,0.002012325479794433,0.016466816744644775,0.00029904425667799076,0.0002667974478620754,0.005663086952961331,0.0002919431450921137,0.00079555378566092,0.010501386166941426,0.0007340919804041051,0.00031378995321519474,0.002137581188088206,0.00026742009531328844,0.007857025828215956,0.01628732336011603,0.001596981593455192,0.0011170751314961396,0.03497501993047217,0.08154485194450552,0.00047802098662179425,0.0025683340498398443,0.05793438338674812,0.0005648834854375568,0.00019513142872304478,0.008662120781232227,0.0003878867044273096,0.0006319771530293009,0.00042422200109165447,0.00032851356537073856,0.001233180641368939,0.07721444991051668,0.03347971705529084,0.00984076681822942,0.00021164972664565826,0.0008794778789189356,0.0008065184966209295,0.0008492686300104675,0.0005767672402491173,0.0012956838806995963,0.00046097052445962395,0.0019000149345152614,0.0004162794814493747,0.0005682522623309156,0.005791168395673768,0.0028405759572227096,0.006788472862411376,0.005467296816008349,0.0008384571004604481,0.0008531054820326452,0.003478656029990321,0.02010044380377951,0.003346840660236876,0.0002839028537793217,0.0010568979536829573,0.08046139389698902,0.00789121319494695,0.029393926081360093,0.0016550565079121462,0.002618193643807713,0.11564122405149203,0.0003727368157782496,0.00035459333986705095
2023-06-12,0.0005742654627964942,0.04363836585822081,0.0003905889469210399,0.0017307641839254375,0.0002783043026094134,0.004864445000218171,0.00037923177964041375,0.002417615304764805,0.021117982908694145,0.0007477276793520026,0.0038571370300367804,0.0005526168589776194,0.0006652026654492974,0.0003262573272854692,0.002822901374939986,0.013118448677794527,0.00027818692196362023,0.00044484279318631137,0.0004713701395191096,0.0010506771450522093,0.00037010368186835555,0.00023420147192948043,0.0003304600772630218,0.0027215055011966492,0.0005132210998559899,0.00035503341353498505,0.0003145851624021335,0.00023569728871926593,0.017849565525368868,0.0008497322239708434,0.00020974876194655346,0.000974358514637584,0.03352549519049452,0.00028872953710014446,0.001005610684435667,0.001258002112320079,0.005312685588596084,0.012573328466087667,0.0038730721450410555,0.0019733463069439,0.016542580609523908,0.00029695508677241787,0.0002562389907943398,0.005639103238731107,0.0002958121945071494,0.000776121917198129,0.01007063989301179,0.0007289013399627692,0.00030608633212184094,0.002141442897549252,0.00026434722228042937,0.007694239621270352,0.016187420939267838,0.001578015414102891,0.0011389551628661117,0.03404532543492047,0.07699874655429835,0.0004697411071384048,0.0025483666006378553,0.05619167661657869,0.0005627734834706461,0.00019651612253670454,0.008713916651979688,0.0003875570265958946,0.000621560054694619,0.0004157813027170436,0.0003010977221028649,0.0012239631757872702,0.07446672174619434,0.033611990690126395,0.009876515324315821,0.00021058369814408472,0.0008732098479716097,0.0007570429071633553,0.0008393489354898622,0.0005289396519076687,0.0013123020303485507,0.00045777316409408773,0.001936222035472833,0.0004056891808162115,0.0005555720697957847,0.005841029129908893,0.0028239103104808864,0.006818565996760578,0.005400220230586799,0.0008374834286711012,0.0008714670066244847,0.003447133663493134,0.02020722565561304,0.003361708993892259,0.00028229939308579727,0.0010488495343999348,0.07982665936472627,0.0077270404282459935,0.028611782647817694,0.0016543417936828494,0.002584307117216255,0.11479564582271792,0.0003748330431036711,0.00035469959799368597
2023-06-19,0.0005819248628444284,0.042624367795336474,0.00038998277499495355,0.0017122479227438822,0.0002748748084111194,0.004682289125666166,0.0003718757770380342,0.0024108926005200577,0.021145934925357608,0.0007393717326255966,0.003732175553004119,0.0005568646122095328,0.000667227131048888,0.00032807557178739265,0.002817333826990345,0.01309197958040296,0.00027015484901630554,0.0004479627768418448,0.0004686736777822834,0.001057214586404417,0.00036553079067494975,0.00023526701896871069,0.00032987993025729355,0.002662241823651817,0.0005071725577664552,0.00034967993476776367,0.00031701632893642605,0.00023910529383252982,0.017831782327114822,0.0007891235013991403,0.00020989944987663818,0.0009722977634535372,0.0335798229545012,0.00028852578637500134,0.000983659142650045,0.0012597182478471004,0.005320042936807242,0.01263693266299877,0.0038554369584895593,0.0019030144007673206,0.01670486075720713,0.00029527394017594115,0.00024557994592384164,0.005639491541044295,0.00030059579293858834,0.0007617213131068685,0.010306366393099757,0.0007263322301421782,0.0003001920144476927,0.0020947923589807026,0.00026181882088753967,0.007582973581258523,0.01616819566219997,0.0015654746627651892,0.001129919557837183,0.03304134441603556,0.07279038430185236,0.0004607081769531385,0.0025164645668513484,0.05759864047435915,0.0005539679151466408,0.00019826084215413429,0.00862910671439915,0.00038772689589863584,0.0006132969703576426,0.0004086045832004984,0.00028183663070292493,0.001213288991634392,0.07357825090662058,0.03386345644882867,0.009931917336910377,0.00020821566186792278,0.0008665477951194084,0.0007127810311505079,0.0008324940347887233,0.0004922318075856895,0.0013363216786217904,0.00045524077063047126,0.0019310084706072423,0.0003972834124061365,0.0005465600827980467,0.005882802379582164,0.0028043608253117214,0.006879739597483791,0.005270348800310123,0.0008401804275239097,0.0008671294810622194,0.0034344371082784615,0.020420105497071274,0.003387469819109757,0.0002814100044303331,0.0010416056383475043,0.07939213399410908,0.007615125161684668,0.027779383059645207,0.0016624966049010857,0.0025590464559213932,0.1141729586460439,0.00037670205276686447,0.00035583423930890805
2023-06-26,0.0005881574467099384,0.041295600036068074,0.0003888063972945049,0.001702395696298837,0.00027299286949394554,0.004540164736115128,0.0003654102849075884,0.0023565207990314313,0.02123078952122413,0.0007353424813964564,0.0035851682728486045,0.0005622513402305414,0.0006711315353372003,0.0003295718024458791,0.002824123966850562,0.013139460151794822,0.0002650930445289334,0.0004530281144122847,0.0004672699451162345,0.0010678448670214044,0.00036083951725761874,0.00023686888878809525,0.0003308492747515678,0.0025651717608193175,0.0005037708053652734,0.00034338622593089617,0.00032021969432245696,0.00024148650586720182,0.017911996049436593,0.0007677727456235959,0.00021049113331590155,0.0009767319441561489,0.0354547805280627,0.00028994644581931464,0.000952494738425476,0.0012655964239185104,0.005335824337496855,0.012736515388153138,0.00385715875023855,0.0018163920491626971,0.01695298639069127,0.00029413037462656174,0.00023681490821937014,0.005667243441359239,0.00030613062063449735,0.0007532374327947594,0.010896669896069142,0.0007267557712039213,0.00029658856643564695,0.002020173787912796,0.00026001578609956684,0.00753055437086613,0.016234263445768667,0.0015602118543945123,0.0010959730650592667,0.03228406623994046,0.07299107102492569,0.0004522735874291094,0.0024705509251718273,0.059807266000472634,0.0005403718757359238,0.0002003132565072829,0.008429073548832697,0.00038838029701431653,0.0006077591095363351,0.0004031172659925859,0.0002731636694189789,0.0012032734304453668,0.0775996548631511,0.03423713321141145,0.010007902805443267,0.00020480115495258205,0.0008609812242697835,0.0006852636986065333,0.0008324953459752751,0.00047237643307389754,0.0013670070174169361,0.0004536789044334137,0.0018680128689328146,0.0003915107080600294,0.0005417900762731519,0.005915740426842183,0.0027858870834670205,0.006971340861783616,0.005115125428047177,0.0008466549128979167,0.0008397488410275956,0.0034429067306824953,0.020738273072703275,0.0034253699561360754,0.00028139790056957656,0.0010359487188121876,0.07925309495980849,0.007562828641274069,0.027165079570404496,0.0016795952528821398,0.0025451037530105506,0.11393810821903351,0.0003783401400457855,0.00035804131058841607
2023-07-03,0.0005928693200120613,0.04009860177002751,0.00038727564191579674,0.0017022130666483122,0.0002728852927065734,0.004475709281575913,0.0003607181205618,0.002258928864059659,0.021370140705986407,0.000737007305974175,0.003469305006869448,0.0005686056507862279,0.0006767926294328592,0.0003307242350762145,0.0028434304071414747,0.013259824861020496,0.00026335141148644647,0.0004599819985824389,0.00046731207748821387,0.0010824462681784837,0.0003584212308540913,0.0002389902405014062,0.00033328904716673445,0.002482839478566301,0.0005042660167849263,0.00033719328208475124,0.0003240926211065122,0.00024277787110095605,0.018088191459957912,0.0007862623157216125,0.00021147082287257185,0.0009875877235176853,0.03379935344451863,0.0002928819268959597,0.0009243944294807334,0.0012756008893655968,0.0053609365981371615,0.01286878701462472,0.003879627000528696,0.0017393536117227876,0.01727968348974252,0.0002936137882661144,0.00023064321951256128,0.0057233723917435,0.0003121697309665077,0.0007512687179181321,0.010584982268265502,0.0007303710174532362,0.00029557690661914334,0.0019585718222960235,0.00025907849444971234,0.007540912839789247,0.01638429336214091,0.0015627071010032084,0.001055391466984009,0.032008891162584215,0.07376672212197036,0.0004456900517867776,0.002422038020329619,0.05691706686435971,0.0005244256558675405,0.00020256666571058957,0.008217251690682813,0.00038949433747437445,0.0006053684868247702,0.0003996378321859364,0.0002759067177507402,0.001195726135479261,0.0747632267984127,0.034725945766577775,0.010103427322539459,0.0002007741180550877,0.0008579567891338605,0.0006749517451057873,0.0008418218497269421,0.0004726606695645371,0.0014032155811774672,0.00045330270287731217,0.0017657292285712361,0.0003886716954245906,0.0005415465640142562,0.0059392471838457484,0.0027725337813705336,0.0070904291689876,0.004990045049140247,0.0008567342527230678,0.0008024684533670208,0.0034733502076587054,0.021152752383924146,0.0034756321852688877,0.0002823367707599747,0.001032432776123727,0.07948838508668558,0.007574103143977735,0.02696219811978235,0.0017051038562680622,0.002543992074983634,0.11423399306186821,0.00037974637758555167,0.0003612401291545999
2023-07-10,0.0005959893656089201,0.039488307427520096,0.00038581767393963673,0.0017119194480010945,0.0002746890775616645,0.004502542851147324,0.0003585934296462004,0.0021554849065152323,0.02155653624379621,0.0007452301694811612,0.0034269854561331603,0.0005755835914511717,0.0006839684814474526,0.0003315160925131585,0.002874509176430835,0.013446809469341693,0.00026508707520533675,0.00046858879270689837,0.00046885998262164965,0.0011005137426805755,0.0003601069700500104,0.00024156816202748814,0.0003369937700040043,0.0024675837097102296,0.000508544217750386,0.0003321025804836991,0.0003284668170054778,0.0002429447365893472,0.018351638865805993,0.0008430022722845416,0.000212747483058167,0.0010043536244991485,0.031201704306848575,0.00029711392026067495,0.0009120510337635692,0.0012893230057659324,0.005395545681768791,0.013027010363523082,0.0039226921115792825,0.0016974019080093386,0.017670769064074967,0.00029376794161395034,0.0002266343693149748,0.005806823823167702,0.0003183869731125467,0.0007561214499058599,0.009520226901365532,0.0007371920257105454,0.00029725845965423243,0.0019504105767697976,0.00025909814439412326,0.007614707130592533,0.01661095872459676,0.0015730490389533954,0.0010286123903091179,0.032307409007121216,0.07144601038409144,0.0004419587717395095,0.002393127776127716,0.051404847359458175,0.000508635520093765,0.00020486286788537882,0.008129862209291627,0.00039103957925454324,0.0006063751274792013,0.0003983770641585236,0.00028923764718427966,0.0011919369502253463,0.06899976898630254,0.035312335632507685,0.010215443275211426,0.00019669277181791372,0.0008586846090913888,0.0006761681667811836,0.0008610201073727342,0.000493561235356068,0.001443405880123529,0.00045422862475597015,0.0016686813191935518,0.000388902277563863,0.000545827036027885,0.005952892929054585,0.0027679314298796414,0.0072317483051935515,0.004946703677918256,0.0008699584767881324,0.0007768656837541077,0.0035250019374911353,0.021645987690168067,0.003537383604388029,0.0002842054070943058,0.0010313587911479907,0.08015209536484887,0.007649613950001633,0.027241386022752542,0.0017378826973560317,0.002556040411739968,0.11516477016705792,0.0003809226437029619,0.0003652246931035732
2023-07-17,0.0005974701602748478,0.039746774832892934,0.00038502078770578723,0.0017309445759177014,0.0002784418386364345,0.004609087554464815,0.00035964430633917766,0.0020967166301164536,0.021777691647226066,0.000760232020186065,0.0034768593479400107,0.0005826775949794167,0.0006923114748989883,0.00033193585043043517,0.0029157132937266857,0.01368904340601028,0.00027025446754347956,0.0004784399193970401,0.00047187610293826835,0.0011211568235168837,0.0003667492373866159,0.0002444965014628929,0.0003416444332760267,0.002553941882869749,0.0005151351784496203,0.00032895985958783,0.000333117324950179,0.0002419825423575225,0.01868696301855317,0.0009340015868183302,0.0002141978377219425,0.0010260744129072102,0.03182127551033259,0.00030232877010198336,0.0009232883457832646,0.0013059995648021525,0.0054390622671607585,0.01320114495844922,0.003984622598863053,0.0017063766918622618,0.0181050286089363,0.0002945882555961196,0.0002237381924257888,0.0059144190934586945,0.0003243885798531242,0.0007678045801688925,0.009201265330240375,0.0007470432227450815,0.0003015286213467758,0.0020218995892042307,0.00026011093465138827,0.007749291587962668,0.01690102619263362,0.0015909280690523172,0.0010290771841492549,0.033110700720071086,0.06998616143720615,0.0004417018311911548,0.0024077202106008713,0.05068539188394629,0.0004952009393580581,0.00020699899266075078,0.008274861341341833,0.00039298046584409563,0.0006108432009269743,0.0003994393754369687,0.0003109215251897845,0.001192531788429405,0.070834654920243,0.0359681773927161,0.010338963336066992,0.00019316512084101064,0.0008639630152663777,0.0006832883880864601,0.0008885597807660812,0.0005328702493694299,0.0014856716742139625,0.00045646979358501875,0.0016209074765619262,0.00039216627308249715,0.0005543425673958553,0.005956425071527518,0.002774821284054677,0.007387789103861482,0.005012703404129325,0.0008855765527861622,0.0007831725451172868,0.0035954699370109445,0.022191658453376555,0.0036086196184162006,0.00028688842917400174,0.001032763416682962,0.0812655843476219,0.00778670564241607,0.02793742205652312,0.001776211402555589,0.002580388933770977,0.11678040124077517,0.00038187360940767446,0.0003696681446420254
2023-07-24,0.0005972885699410484,0.040876897787389344,0.0003855538527982558,0.001757912516695175,0.0002840778064434278,0.004761470142497924,0.00036421004723963257,0.0021202783124817637,0.022016956176153457,0.0007814827160562088,0.0036080645388785566,0.000589238297757136,0.0007013872171372801,0.00033197740634550744,0.0029645193320632693,0.013970331484609366,0.0002786071935430484,0.0004889697466803656,0.00047622681652266307,0.001143116103675908,0.00037804602649305796,0.0002476314438961453,0.00034682855585049604,0.0027495978513773843,0.000521834422542307,0.000328375603568759,0.00033777520504741433,0.00023991704298168305,0.01907244447291318,0.001051911317351527,0.00021567426415687336,0.0010513558351680362,0.032298468142009214,0.0003081366830299722,0.0009580756997738027,0.0013245527958308356,0.0054901644409078194,0.013378198522566586,0.00406207589871001,0.00176750258704414,0.018554508628035087,0.0002960220470523896,0.00022095328764840067,0.006040852790168035,0.00032973379164962457,0.0007860207319214933,0.010082784544350049,0.000759563393931756,0.0003080829230596972,0.00217766332267509,0.00026209542716662516,0.00793852136837004,0.017235661865523215,0.0016156419264696364,0.0010587754649316681,0.034207152439907525,0.07341120731068643,0.0004450761005687918,0.002480373205683198,0.0554324075862111,0.00048579612600411066,0.00020873916344226287,0.008687270182352541,0.00039527583856468996,0.0006186464354022831,0.0004028232320399665,0.00033780072838948265,0.0011973928064783624,0.07242914421326747,0.036655237491674424,0.01046723596726157,0.00019076387893250842,0.0008740451109460934,0.0006946111671486658,0.0009211481363674426,0.0005862473643119118,0.0015278125968408098,0.0004599340915246999,0.0016461788405480586,0.000398257942346053,0.0005665167601765421,0.005949774458823988,0.002794647322639425,0.007548995738360499,0.005180014725596842,0.0009025541080632084,0.0008304136976156276,0.003680689870403671,0.022755017215112826,0.003686216224927535,0.0002901830713350365,0.0010364192583359334,0.08280975142768407,0.007979202825640163,0.028864750171190917,0.0018178450987406261,0.0026149781848467226,0.11906245959728345,0.0003826066843385821,0.00037413460421513103
2023-07-31,0.000595446010005009,0.042575069311358335,0.00038806591036062444,0.0017906267105621048,0.00029142966810561646,0.004911912824287394,0.00037229873201166723,0.0022332401544830596,0.02225409258970305,0.000807635385918036,0.003779241749710626,0.000594512241876961,0.0007106989469073302,0.0003316401693852039,0.0030175971086921333,0.0142702187921854,0.00028971158466269554,0.0004994824835091102,0.0004816894267562907,0.0011648070180064448,0.00039263870408379366,0.00025079952041835653,0.00035206623889634476,0.003026387246016333,0.000526738600728318,0.0003306743196749913,0.0003421431773406359,0.00023680304064042758,0.019480700099684962,0.0011856188670577642,0.00021701430716052555,0.0010783932273978898,0.03411849608909112,0.0003140956405184718,0.0010074564540165168,0.0013436507523722086,0.005546858962530519,0.013542849706944924,0.004150113014387674,0.001865000053802413,0.018985488099566045,0.00029797169014341384,0.00021794132734134875,0.006178783662162246,0.00033396516186433284,0.0008101544541298694,0.011184583237549168,0.0007742187868171776,0.00031643553524948086,0.002393595233439431,0.0002649732562924664,0.008172467141804633,0.017591067379687547,0.001646115350933564,0.0011077239375128721,0.03529867645058353,0.07868242629372443,0.00045174011135494117,0.002607326307766903,0.059452141273117855,0.00048148704329618213,0.00020983140941728865,0.009303167306605678,0.00039787953460936515,0.0006294729961517931,0.0004084191356493203,0.0003664034582083199,0.0012056385815462842,0.07448169908807094,0.037326469720550315,0.010592054888594127,0.0001899422468077206,0.0008885658841255067,0.0007117039824352966,0.0009544364237757103,0.0006480545274373627,0.0015674465188430815,0.00046442502123123365,0.0017400179191212218,0.0004068142513728597,0.0005814882024635402,0.005933056936399688,0.0028272455562233303,0.007704168814750519,0.005404404464013746,0.0009196023413903298,0.0009113087817895262,0.0037749332320888315,0.023294085602778212,0.003766009727926167,0.00029381163592852706,0.0010418464207075243,0.08471796625636001,0.008217120276255109,0.029766347674132394,0.0018601097770687644,0.002656551029792897,0.12191182127554463,0.0003831319224127983,0.0003781011367167035
2023-08-07,0.0005919683630608919,0.044303787411315416,0.0003930795322531668,0.0018260853742170084,0.00030023617200988686,0.005014427055866118,0.00038355014815269554,0.0024000735154401337,0.022466418514256098,0.0008365285056514304,0.003927344295851939,0.0005976969459674603,0.0007197159616235073,0.0003309290695358459,0.003070941231513564,0.014564928667163541,0.00030297116310229867,0.0005091904310126558,0.00048796440385961764,0.0011843991373944097,0.00040845210935640974,0.00025380759074154324,0.0003568406671764151,0.003314315670848474,0.0005292750307827124,0.0003358587091700546,0.00034591331626298953,0.00023272173071754092,0.01987988655505538,0.0013214344942793904,0.00021805124705832392,0.0011050385609812025,0.03764715037981379,0.0003197386065572485,0.001055302914322929,0.0013617856110129476,0.005606582483591694,0.013678385220262816,0.004242304618661774,0.001967437473388926,0.019360345337068097,0.00030030051980557216,0.0002153187594540798,0.006319070189955172,0.0003366471892982266,0.0008392635967463883,0.011742423367901832,0.0007903257892955696,0.00032594902237321024,0.00261316235612213,0.0002686131512470615,0.008437191887806561,0.017939555986755822,0.0016809367995030944,0.0011572047031559404,0.03609602299289829,0.08072351145807594,0.0004608790318591326,0.0027624832607091414,0.060020562591980235,0.00048272457468108323,0.00021002936248142845,0.009958352042389004,0.0004007410580805701,0.0006428398633483211,0.000416005351165319,0.00039354588279580686,0.0012156704143123011,0.08054363562995104,0.03792841394664286,0.010704217852661999,0.00019096210304187398,0.0009065414517392028,0.0007351693112757058,0.0009839550810152638,0.0007122859931294411,0.0016021619054367858,0.0004696462666996256,0.00186621807051812,0.0004173361598388563,0.0005981254167084217,0.005906570075485331,0.0028706579127975086,0.00784109950984796,0.005618509067572442,0.0009352377885377193,0.00100457841152781,0.003870934397179835,0.023761984425007775,0.003842964420235211,0.00029743887847063697,0.0010483364028081883,0.08687098450006661,0.008486435425613179,0.03039709232168798,0.001900041830656454,0.0027007079736125704,0.12514034296321777,0.00038346188857192544,0.0003809919756658377
2023-08-14,0.0005869055521690903,0.04549901797744378,0.00040089287304566487,0.0018605667158232487,0.0003101550874265895,0.005043594034979269,0.00039723035442317065,0.0025421911195079297,0.02263031472323657,0.0008652898563077019,0.0039929273419715035,0.0005980117831210831,0.0007279042376223515,0.000329854486269586,0.0031200794560941594,0.01482872320995945,0.0003176606070119379,0.0005172627346872302,0.0004946922566013809,0.0011999353005484534,0.00042319065649084047,0.00025645422213287956,0.0003606312476767434,0.003518958912172301,0.0005307286606126989,0.00034357962068529526,0.00034878576252526185,0.00022777686868713726,0.020235513819649265,0.0014458693726559634,0.00021862509153294644,0.001128916801885285,0.037947776979032635,0.00032460242692854634,0.0010849703088413659,0.0013773661084296972,0.005666342759867983,0.01376794639898329,0.004330981437836957,0.0020381902236182477,0.019640393648979834,0.00030284113187934955,0.00021448006494258017,0.006451197074343354,0.000337409519574693,0.0008720830814384448,0.012177048852522293,0.0008070832732754337,0.0003358735972667252,0.0027630169039453176,0.00027283804619313283,0.00871479782585431,0.01825113229313355,0.0017184151865502653,0.0011880105100756629,0.03642569914892957,0.08082421767720983,0.0004712858306664376,0.002901894607888185,0.061806399852636196,0.0004893553561039978,0.00020911706833375604,0.010438260576292482,0.00040380631424162804,0.0006581165033566639,0.0004252433007100889,0.00041680605433425626,0.0012253013864322647,0.08196176396484577,0.03840482719905227,0.010794133305342056,0.000193844759793575,0.0009264432324567383,0.000760626922350301,0.0010060621405940998,0.0007734057873674488,0.001629699681444065,0.00047521158542907155,0.0019643951716428083,0.00042921769616779303,0.0006150644452322479,0.00587078519975059,0.0029211040766419574,0.007947431273684469,0.0057582449981655555,0.000947879022954296,0.0010837424612555352,0.0039602020269784,0.02411049271039645,0.003911443047759897,0.0003006932955760004,0.001054990292525788,0.08909627092073856,0.00876913208431633,0.030616715604311975,0.001934570493529841,0.002742069103608326,0.12847044491086135,0.00038361148857734054,0.0003822252423443275
2023-08-21,0.0005803307734224392,0.045853909834739554,0.0004115046632829833,0.001889823045214228,0.00032078080020556707,0.005005717800975539,0.0004122652454895616,0.0025745589634959976,0.022723038448906593,0.0008905702104905833,0.003953032497823666,0.0005947789834371077,0.0007347575595643303,0.00032843209760942583,0.003160362128671981,0.015035663876377782,0.0003329672534923253,0.0005228822649028357,0.0005014741407566488,0.0012094877661891813,0.00043487064768391536,0.00025854180224942205,0.00036294741458713873,0.0035719239725667956,0.0005339467274192473,0.00035311535349935884,0.00035048735322468525,0.0002220900516203167,0.020512849942155978,0.0015488004829267831,0.00021859333381767478,0.0011475939595945483,0.036863090828498334,0.00032825671478972716,0.0010890852672849366,0.0013888190429881362,0.0057228970432808765,0.01379601051803791,0.004407669800801062,0.00205485750143301,0.019789531030115735,0.00030540559317391604,0.0002170736141825262,0.006563916143854493,0.0003359888094255515,0.0009070513492139528,0.01256319042743699,0.000823613976344312,0.0003453935610739285,0.002793274983909994,0.00027743487257995703,0.00898396502268931,0.01849555424322045,0.0017566583169222165,0.0011912825616915508,0.036295129109586786,0.08219920729947729,0.000481489837902886,0.0029790655802234872,0.06556314101800208,0.0005006204998945176,0.00020693400695037924,0.01058420088459482,0.00040701839627424653,0.0006745572126121486,0.0004356760745611681,0.00043478302340381675,0.0012319852653762643,0.08207349097545596,0.03870143005791042,0.010852548042714426,0.00019835165757735925,0.0009463405431865711,0.0007788342416517277,0.0010186859337142243,0.000826945298505957,0.0016481457329697872,0.0004806618988854738,0.001982909985355441,0.00044178113124550885,0.0006307771163728427,0.0058263350455327245,0.002973151530494909,0.008011694654176097,0.005792163629530335,0.000955979037869853,0.0011283520178054021,0.004033558566222718,0.024294640231683696,0.003965581482890863,0.00030319105174082166,0.0010607730461439635,0.09117486580490859,0.009043737519446489,0.030444318263626736,0.0019607338900071974,0.002774592649890455,0.1315476617210799,0.00038359776434485147,0.00038126943825069794
2023-08-28,0.0005723393970278373,0.04549108486680141,0.00042457377440270746,0.001909407452028833,0.0003316655570786532,0.004934220745261342,0.00042731866610651634,0.0024731994566429653,0.022724700766131388,0.0009089091998267851,0.0038357263432634964,0.0005875049053629404,0.0007398273617856394,0.00032668265185155517,0.0031873206742800905,0.01516166059398219,0.00034803773737095487,0.0005253067315129805,0.0005078950700031383,0.0012113393455890759,0.0004422637588872556,0.0002598886769044335,0.0003633610843809883,0.003478341177117664,0.0005422642687031221,0.00036337891531856034,0.00035078907005847736,0.00021579546086207565,0.02067976185792153,0.001625382371564144,0.00021784083102350832,0.0011587871742318172,0.03706484071948411,0.00033033101498532077,0.0010749131449077065,0.0013946936809759974,0.005772960687790973,0.013749955870151225,0.004463722319441677,0.002023923081515314,0.019778283405931105,0.0003077969617609665,0.00022437549684898092,0.0066460861742641845,0.00033226225074253107,0.0009423678767278016,0.01229858998406445,0.0008390133269052107,0.0003536781877193586,0.002712472771765499,0.00028216647214574214,0.00922115204045054,0.018644747792049905,0.0017936721428951715,0.0011742645193049191,0.03587588582945479,0.08345840628618618,0.0004899180736885138,0.0029662805108919645,0.06581417708972796,0.0005151522301348957,0.0002033965643641828,0.010391204208352885,0.0004103184130690325,0.0006913409321283534,0.0004467345095555495,0.0004471074816766388,0.0012331455439963032,0.08462122084301119,0.038771337515067866,0.010871339412527716,0.0002039985797756371,0.000964096475548876,0.0007812513060647303,0.001021693475754294,0.0008697835116297985,0.0016561093871835522,0.0004854910090874705,0.0019193475425636783,0.00045431620908880103,0.00064367272689801,0.00577399757365517,0.0030201190309522715,0.008024407883754416,0.005735775067518206,0.0009581820144684704,0.001132408038587093,0.004081906421118717,0.024277799060972063,0.003999749573065266,0.00030456112001718815,0.0010645841963698595,0.09285856082873062,0.009286523495215504,0.030039755730556197,0.0019759113475334707,0.002792075365447291,0.13397046353018668,0.00038343965781137537,0.0003777036016587745
2023-09-04,0.0005630475513502585,0.04487510504472331,0.0004394207502155236,0.0019151249192295703,0.00034234315940995073,0.004872181413192619,0.0004409146439846629,0.0023015736293596446,0.022620196016659194,0.0009171965220656471,0.0037019890480607296,0.0005759489035708093,0.0007427495041486102,0.0003246316652882166,0.003197064397630081,0.015186612110874444,0.00036202706429148024,0.0005239289347977578,0.0005135484061993056,0.0012041683964775422,0.0004451504723947081,0.0002603405985643295,0.0003615358174095705,0.0033114639001699114,0.0005580120231139052,0.00037298162052743644,0.000349521268813242,0.00020903443027024923,0.02070970200246831,0.0016757587284202996,0.00021628820545901121,0.0011605943309739358,0.03785040838436887,0.00033053863690508625,0.0010599778786398045,0.0013937622242112234,0.0058134341980269465,0.013621499231573214,0.004491107355686774,0.0019761829996183806,0.01958759854028573,0.00030982143980050174,0.00023668193544784742,0.006687647900290277,0.0003262663248014898,0.0009760855303676886,0.011816308208979128,0.0008524030828168867,0.000359934044723907,0.0025803479831328292,0.00028678494527399417,0.009402501674438317,0.018675338330213336,0.0018274766988017328,0.0011557931316098704,0.03541387918852276,0.08317199661664391,0.0004950706468258696,0.002869201036802042,0.06275645221816464,0.0005310142359959325,0.00019851212176879085,0.01001060385716543,0.0004136463459776214,0.0007076166636750181,0.00045775536087268206,0.00045422830725619606,0.0012265714157178474,0.08582129533229874,0.038580445527858644,0.010844289213965652,0.00021010264472212816,0.0009775950388891958,0.0007672783410172127,0.0010168082329130312,0.0009001138459321593,0.001652861934516024,0.0004891801662057908,0.001822653054879621,0.0004661211583026517,0.000652228307110676,0.005714676602076404,0.0030547217694756306,0.007979095875368079,0.0056402364995987745,0.0009534830241579317,0.0011060794564887715,0.004097157762885606,0.024036455796713152,0.0040090583801884,0.0003044701338932821,0.0010653427009111533,0.09389811999674351,0.009473414603977723,0.029622325168920025,0.0019780484178954162,0.002788813134070456,0.13533810035850832,0.00038315774678496505,0.000371272236889151
2023-09-11,0.0005525904093047988,0.044528239578247204,0.0004550733823811288,0.0019035567555914928,0.0003523537647341864,0.0048524736671150285,0.00045159419719419976,0.002159294268885005,0.022400830722299758,0.00091315175904978,0.0036113083702080987,0.0005601670047123426,0.0007432664246875789,0.0003223090503507164,0.0031866686037850486,0.015096380238395777,0.0003741472740951477,0.0005183304305068992,0.0005180601902415655,0.0011872104350334415,0.0004443291147068131,0.00025978080781462003,0.0003572509288881574,0.003161795378108784,0.0005810846150592375,0.00038037746603689613,0.0003465857771786199,0.0002019501875995128,0.02058445348897061,0.0017028729721357547,0.00021389825594228317,0.0011517106009512291,0.03755168817647776,0.00032869573712949497,0.0010619070185477618,0.0013851093503392169,0.005841632463574278,0.013407773235951109,0.004483269354545321,0.0019470635485856216,0.019211659135234885,0.00031130044274267746,0.0002527198628606756,0.006680624592592607,0.0003181967313326449,0.0010062350073480391,0.01213972848106968,0.0008629862560212484,0.00036345565052799713,0.0024674385326990326,0.00029104566542771616,0.009506304912680383,0.018570986700733403,0.0018562312305428553,0.001155323450724844,0.035115428062723955,0.08356883485143188,0.0004956897506685984,0.0027238779123868956,0.062373519695186536,0.0005458477115127658,0.00019238284213008995,0.009653927100935544,0.0004169419220327091,0.0007225519878839056,0.00046801486844416304,0.0004570491747366909,0.0012108090070407553,0.0849426985541903,0.03811186942828906,0.010767741489720383,0.00021585704066443524,0.000984973343913589,0.0007460281478852922,0.001007111320253812,0.0009171748784277511,0.0016384133994367539,0.0004912398561190614,0.0017538052121922711,0.00047654310596503927,0.0006551345150617365,0.005649380039414617,0.003069916694859591,0.00787306748844656,0.005562553122615075,0.0009413625841144867,0.001070070217613521,0.0040732022706646,0.023563733902479043,0.003989855379888742,0.0003026454578905078,0.0010620802979909873,0.09407964774677742,0.00958245788237009,0.02937159924315943,0.001965848289505891,0.0027603404415656994,0.13531115277932104,0.00038277395663785117,0.00036192508868193146
2023-09-18,0.0005411202010752759,0.04474064840962185,0.00047035269083086257,0.0018725662298652887,0.00036126838939257573,0.004883534041911081,0.00045808772296079765,0.00211765560921193,0.022065407624595124,0.0008957220854409563,0.0035955400987118563,0.0005405208722290845,0.0007412433728998126,0.00031974867960466087,0.0031544983823997633,0.014884324644002293,0.00038371287309924744,0.0005083229981808606,0.0005211118477746674,0.0011603684866488856,0.00044138486529554525,0.00025813814607178313,0.0003504190816429101,0.003091847667247283,0.0006080347352688021,0.00038408974158616043,0.00034196412527535714,0.00019468307007458518,0.020296220457725323,0.0017095716095047485,0.00021067998042865042,0.0011315954848871313,0.03567332279954341,0.00032473450746849477,0.001089676408913359,0.0013682042901186295,0.005855496844866256,0.013111844884841125,0.0044359305597641814,0.001957788067419363,0.018659090985181623,0.0003120818720775033,0.00026924941073129733,0.006620008406239967,0.00030838909406068324,0.0010309715539004061,0.012811147699057812,0.0008700992182169334,0.0003636714578546511,0.0024209607717285285,0.0002947211510358999,0.009515670198461204,0.018324196099347618,0.001878358364750186,0.0011829559281829034,0.035058007120377425,0.08459034102063415,0.0004909025235880638,0.002577944514680924,0.06388478776777483,0.0005571658098046838,0.00018519803163098155,0.00947979287531023,0.00042014549090214117,0.0007353817103652035,0.0004767783382479781,0.0004565197265341952,0.001185453004554461,0.08189445854320859,0.03736856952590809,0.010641049583907155,0.00022042476625462452,0.0009848316002776325,0.0007299435315038761,0.0009962597486553623,0.0009208704266026522,0.001613514824758514,0.0004912550330991988,0.0017489246980182521,0.0004850155515915165,0.0006514376603493576,0.005579196564410703,0.0030598453090976887,0.007707813888211208,0.0055349852248033635,0.0009218682470199189,0.001045502395113832,0.004006744486351101,0.02287087499974631,0.00394013933935227,0.00029889508201435915,0.00105403448393019,0.09326207203101737,0.009596502499795555,0.029352058538205286,0.0019389048991347432,0.0027041141160237384,0.13367284421423864,0.00038231125205424003,0.00034983333513184786
2023-09-25,0.0005288039813306256,0.045401640225529574,0.00048399029691634547,0.0018216722063403071,0.00036871172180255384,0.004943006871797104,0.00045947739095481444,0.002193600079743358,0.021620583983523494,0.0008653016839325999,0.003648068974632997,0.0005176487728335816,0.0007366777551565989,0.000316987891963148,0.003100415202417039,0.01455216215977317,0.00039018040038758865,0.0004939731845245353,0.0005224598738737058,0.001124250404955119,0.0004382797658066547,0.00025539270908058695,0.0003410962687431499,0.003120954445507404,0.0006321486576949984,0.0003829834828749545,0.0003357213938557261,0.00018736644696140979,0.019848712244711974,0.0016963237202939304,0.00020668994915907585,0.0011005585417799533,0.03612114384767987,0.000318709665384158,0.0011384575897803798,0.001342949943798356,0.005853770050909853,0.012742564383060144,0.004347689084587959,0.002005210767785659,0.017952243439750163,0.0003120499237426377,0.0002814248623048616,0.006504389658970727,0.00029728394579280266,0.0010487281419695152,0.012501835814685013,0.0008732567489701334,0.00036018241793145573,0.0024537438712038287,0.0002976139937724469,0.00942089462152869,0.017937302386682983,0.001892655761614576,0.001233744555328386,0.03515038456301609,0.08299216913881984,0.0004803212063080961,0.0024685726239969553,0.061557664330094686,0.0005627791087349034,0.0001772161903660176,0.009528423817568375,0.0004231988927887648,0.0007454534327520409,0.0004833625108124781,0.00045329021379375117,0.0011512544578189646,0.08272223058688992,0.03637358300182479,0.010466741652939485,0.00022304001307049193,0.0009763960610884876,0.0007253177503672517,0.000987618971088171,0.0009114171297980165,0.0015795854166388813,0.000488928179675168,0.001805445728824578,0.0004910907309285507,0.0006406553727568565,0.005505271613563081,0.0030207196938848413,0.007488948303047741,0.005547672046196426,0.0008956239448010779,0.001044255212338396,0.003897839088360771,0.021986275925333042,0.0038598298065291993,0.00029312312466570664,0.001040730042040177,0.09140607250467447,0.009505588118212694,0.02948030722662393,0.0018977591253037387,0.002619984684805935,0.13037522647744773,0.00038179331333526085,0.0003353778191015577
2023-10-02,0.000515821182851868,0.045992162379469,0.0004947638523858584,0.0017521911032976224,0.0003743819524549796,0.0049804854515679425,0.0004553225867951373,0.0023423314602256866,0.021080432831493145,0.0008237124973690999,0.003724056552115952,0.0004924028822952917,0.0007297010267405316,0.0003140669483247947,0.003025828749293291,0.01411000223769168,0.0003931798327985679,0.00047560676475880083,0.000521951266393986,0.0010801235097855821,0.0004368661314412844,0.0002515786907981202,0.00032948353436973774,0.0032282729515211257,0.0006448501884450684,0.00037651159206578345,0.0003280054161703408,0.00018012350169664394,0.01925701512819802,0.001660467029355897,0.0002020309209719664,0.001059744873330585,0.036256390692347866,0.0003107978323708679,0.0011878657704354374,0.0013097050845787064,0.005836115915181767,0.012313756390129674,0.00422028923044756,0.00205953185675183,0.01712463747290316,0.0003111328482533035,0.0002844684101977701,0.006336215459519686,0.0002853824730453787,0.0010583557812296276,0.011917886870568318,0.0008721861465748792,0.0003527908062721394,0.002546282589051062,0.00029956809621800503,0.009221009761640463,0.01742247102883542,0.0018983839341266957,0.0012867287745733542,0.03515082403059038,0.08135049711807471,0.00046408921862320574,0.002408592671564746,0.058584536394743876,0.0005612538094869522,0.00016873990295253574,0.009707780623531835,0.0004260463046197878,0.0007522669051880611,0.0004872033306252937,0.00044751668533963906,0.0011100083468430562,0.08275581693922589,0.035167751924968876,0.01025037494322691,0.00022310462723838998,0.0009596154896262238,0.000726179790998438,0.0009835201606298407,0.0008891333565458009,0.0015385762114061782,0.00048411369621766175,0.0018812041364489193,0.000494464997476005,0.0006228452581017715,0.005428783509780262,0.0029514782808724668,0.00722568751207858,0.005550284086929399,0.0008637629002405481,0.001064329406431173,0.0037499972016677144,0.02095221403035455,0.0037508436741242705,0.0002853399795793537,0.0010220377928638017,0.08858556039892738,0.009308515391417497,0.02954100917885994,0.001843869106491056,0.0025103259899971666,0.12555600232438505,0.00038124420198846473,0.0003191105886350338
2023-10-09,0.000502360991726285,0.045777415988282576,0.0005016344871172871,0.0016670977682219491,0.0003780664980311109,0.004932692070889439,0.0004457260817884536,0.00245635778954112,0.020465267501405943,0.0007739437389626243,0.0037536234199634856,0.00046576407180863827,0.0007205729962854126,0.0003110284445798026,0.002933581591241509,0.01357553290990388,0.00039253600621033517,0.00045379204209563005,0.0005195337293668612,0.0010297922703137949,0.0004384422888421919,0.00024678422802479555,0.0003159202604121863,0.003362694839515755,0.0006383349490933587,0.00036485207662044565,0.00031904133646373393,0.00017306494367460965,0.01854624506542539,0.001597309598364151,0.00019684775550447015,0.001011019891208776,0.03473289328136582,0.0003012897990752112,0.0012072291610160431,0.0012692776264796766,0.005803171196301746,0.011842890684085672,0.004058496738052447,0.002072869464743746,0.016217082414105983,0.00030930819672232344,0.0002761644447013158,0.006121622022437185,0.0002732007206206094,0.0010592316048453462,0.012892560656824863,0.0008668473468438589,0.00034151755252303275,0.0026542927912636878,0.00030047756929958594,0.008924112516417903,0.016800678635013853,0.0018953208551292437,0.001311267913315776,0.034747210310356214,0.08660089518647476,0.0004428683390348788,0.0023839280449698902,0.06296883587656504,0.0005522499568068668,0.0001600879595723765,0.009824597477442982,0.0004286350521859776,0.0007555043657804486,0.0004879185570723114,0.0004388615515403216,0.001064251541612298,0.08014695315514077,0.03380536071819844,0.01000009879821847,0.00022026748223893643,0.0009351795791365897,0.0007153657394124488,0.0009848149402594613,0.0008544296024813742,0.0014927915942160735,0.0004768377028265996,0.0019079657060829174,0.0004949957564929497,0.0005986125945011069,0.0053509204933185695,0.0028540653747960157,0.006929958258089417,0.005473459719562282,0.0008277970164731335,0.0010922133828296717,0.003569822369542804,0.019819909617934804,0.0036169605355593653,0.0002756664502858666,0.0009982013567807354,0.08497747215066491,0.00901320674938053,0.0292562386600205,0.0017794973471897944,0.002379769910557905,0.11951953007755735,0.0003806880204853524,0.0003016966367089591
2023-10-16,0.0004886195819707945,0.0441918291476576,0.0005038695340351345,0.0015706281457308793,0.0003796527331459354,0.0047510033339006556,0.00043132841387191463,0.002412278768471139,0.019799911385474298,0.0007197088872107551,0.0036734258598110896,0.00043874928144765505,0.0007096688440673012,0.00030791669054797875,0.0028276835043492625,0.012972464914428137,0.00038827880951444835,0.0004293032338125503,0.000515259988832506,0.0009754193751776209,0.0004434575723013048,0.00024114822828996257,0.00030086933651313127,0.003463376310663846,0.0006086031267593418,0.00034888275851951007,0.00030912179549094404,0.0001662876437000233,0.01774918376658241,0.0015027899390426184,0.00019132083143605372,0.0009567722999481881,0.03934157826087826,0.00029057608975972186,0.0011717003223620868,0.0012228890891983811,0.005756523746619625,0.011349461146465433,0.003869591010397094,0.0020039148876055024,0.015273226983057442,0.0003066052323400551,0.00025835627489298116,0.005869859198099808,0.00026122923435896683,0.001051319015455224,0.014817168541226567,0.0008574371935210006,0.000326606982018709,0.0027261650256744556,0.00030029277501205417,0.008546363974182335,0.01609982288689505,0.0018837773590836984,0.0012823383158565643,0.0336859278168558,0.09619575846522799,0.0004177692763154623,0.002360888103199769,0.07116348252911975,0.0005366056032823602,0.00015156922361685336,0.009671334359164051,0.00043091637638756775,0.0007550496769044765,0.00048535378280118645,0.00042668220282249123,0.0010168574422867447,0.09136231941362809,0.03234851191607159,0.009725992710218121,0.00021447654719839563,0.0009044570487434184,0.0006749470604272934,0.0009908238149031762,0.0008079922483107522,0.0014446949092999117,0.0004672994637912666,0.0018318108213576875,0.0004927089781306357,0.0005690534785678517,0.005272859309459375,0.0027332612426449764,0.006615276185318829,0.005264009692168259,0.0007894491570862378,0.0011107314569369154,0.003366237676893015,0.018643906104794314,0.0034634934460835492,0.00026433156264496336,0.0009698270519364025,0.08083246994151075,0.008635734757342325,0.02839896503139751,0.0017075287747472714,0.0022345947797325124,0.11268666999352761,0.0003801485711552742,0.0002838466034148089
2023-10-23,0.0004747972495790687,0.04121624773504088,0.0005011351977219536,0.00146771432272282,0.0003791331304679156,0.004429147669839444,0.00041323081215405527,0.002172420378457673,0.019111676624426716,0.0006649230410606102,0.003464919805245938,0.00041232668770291905,0.0006974595772098213,0.00030477706390863576,0.0027129383356284315,0.012328457544850313,0.00038064155872140896,0.00040306747665153466,0.0005092859315783057,0.0009193204484886394,0.00045143605442094544,0.00023485433706002269,0.00028489500409768033,0.0034912162823417603,0.0005575246066348798,0.0003299984716964129,0.00029859326583208176,0.00015987412381784628,0.016903269190347424,0.0013767105812013125,0.000185657326543319,0.0008996694756806308,0.04095019428847646,0.00027912662909440427,0.0010806349059312114,0.001172112596407105,0.0056986196403266565,0.01085333682266835,0.003662565936949642,0.001847538355942254,0.01433535846216108,0.0003031043511419349,0.0002360255283025461,0.005592398331339694,0.0002499029196554071,0.0010351709133963772,0.014316535513159173,0.0008443774343558962,0.0003085186065531504,0.0027302338148122722,0.0002990231649000685,0.008109862031870184,0.015352244414893591,0.0018645716623587442,0.001196952059608121,0.03189923173830036,0.09428210342813566,0.00039023467979360746,0.0023016737467956303,0.0666115341005689,0.0005161287123461087,0.00014346184067667172,0.009148639631459636,0.0004328461424129693,0.0007509948692111142,0.00047960258968138866,0.0004103510403260741,0.0009706332010292288,0.0928437039382569,0.030861254957583524,0.009439277669569628,0.00020599670623119422,0.0008693607081538982,0.0006015466543058635,0.0009996786311170663,0.0007510877576178688,0.0013967237816925185,0.0004558538872015094,0.0016569578560665225,0.00048779686465634346,0.0005356415415912625,0.005195745874182305,0.002596088975101098,0.006295574952739119,0.0049166358729565264,0.0007504804328545033,0.001108205694778876,0.00314945441899691,0.01747680092242629,0.00329681423031013,0.00025166411204023096,0.0009378377698037292,0.0764350348823433,0.008198215723486706,0.026906631678138417,0.0016312431741835956,0.0020819057407533673,0.10552767155673692,0.00037964901919646866,0.00026625221964304385
2023-10-30,0.0004610954875197422,0.037436409379979524,0.0004935471998967451,0.0013633800100197786,0.00037660453168580536,0.004011018016980879,0.0003928599878438158,0.0018261507770310026,0.018428339100753328,0.0006132157553485106,0.00316801127403568,0.0003873504206426906,0.000684487024780256,0.00030165534854633227,0.002594522651298635,0.011672823600535023,0.0003700476441367206,0.0003761009223467157,0.0005018626666756673,0.0008637653869755777,0.00046113459866816683,0.00022812236524716618,0.0002686345928420012,0.003451629960194265,0.0004927752493496483,0.0003098338863848422,0.0002878392824793169,0.00015389278553219906,0.01604740070370421,0.001225026837328809,0.00018008084066751246,0.0008424065724392195,0.031163542828564202,0.0002674656584963815,0.0009596509990799209,0.0011187888095439537,0.005632609710344073,0.010373321741851581,0.003447187407902867,0.0016411964696217375,0.013441101857964143,0.0002989335294648346,0.00021474224520460627,0.005301867509315504,0.00023958305972340257,0.0010118755539923537,0.011060644860291267,0.0008282875072955399,0.0002879063540667115,0.002673805316162504,0.00029673675004418217,0.007639855790428849,0.014592026575050704,0.0018389658927717714,0.0010773238393662272,0.029558515597460665,0.07803826198025288,0.00036188920141296915,0.0021836193026854287,0.050427412555076837,0.0004931791743162107,0.00013599980350259474,0.008337070120059294,0.0004343854815085581,0.0007436336271675635,0.0004709964840241231,0.00038961568953205613,0.0009280048046352833,0.06716791723756418,0.029404403835358826,0.009151509699004159,0.00019539056564576751,0.0008321554368507283,0.0005121156853510676,0.001008964938971984,0.0006858702114415105,0.0013511353157875463,0.00044297805615930915,0.0014416247970336971,0.0004806058195997927,0.0005000766638724688,0.005120678389473356,0.0024509202253135574,0.005984153391098577,0.0044811977051600485,0.0007125414371839194,0.00108426445666555,0.0029298804947655273,0.016365144746286503,0.003123804995942112,0.0002380783656032871,0.0009033974919379333,0.07206373987651385,0.007726029369143671,0.024928503579205542,0.0015540707335446413,0.001928789195476255,0.09849605812577239,0.00037921156472480214,0.0002495343463095924
2023-11-06,0.00044771404412706663,0.03371579297296704,0.00048167235358766055,0.0012622198882695753,0.00037226160934032405,0.003570696704010994,0.00037179826200621003,0.0015035405253910228,0.017776361471892644,0.0005675718395519511,0.002855463942923077,0.0003645209903507714,0.00067133479114591,0.00029859706696314954,0.0024775784679443467,0.011034327267397552,0.00035708622366615445,0.0003494407080918408,0.0004933229930107847,0.0008108145559911082,0.00047089337930241733,0.00022119764469111732,0.00025276572614972657,0.0033875966330821038,0.00042549206715196354,0.0002899817804709631,0.00027726149425403164,0.00014839873151600025,0.015219010725497549,0.0010598018834720709,0.0001748199404450581,0.0007874882395577245,0.02622713039568602,0.00025614332730386686,0.0008431098924453047,0.0010649259373875985,0.005562152049202846,0.00992608559602027,0.0032330733447775814,0.0014394872957118646,0.012621375539589006,0.0002942619882973449,0.000198543773490845,0.005010978988519052,0.00023055082455311626,0.000982953188053835,0.008583950273097314,0.0008099445511193082,0.00026558635776738213,0.002595858827520387,0.0002935562330971608,0.007161885382479026,0.013852447109743872,0.0018085716127762591,0.0009571148183067925,0.027015357043425916,0.065041377310029,0.0003343749094947029,0.0020121681358561683,0.03999685825442992,0.00047019609319838877,0.00012936717181163886,0.00744817949647731,0.0004355013559807859,0.0007334422118539689,0.0004600665538090839,0.0003648966210216205,0.000890830526328676,0.05772556181292786,0.028031692514157613,0.00887385307394496,0.0001834640493410151,0.0007952316833455252,0.00043234226433136284,0.0010164969378176742,0.0006155633771506236,0.001309892863364967,0.00042922753751080547,0.0012498962347552577,0.0004716154307641192,0.00046412055088465234,0.005048693124125028,0.002306464012880336,0.005692864987973334,0.004039647678588258,0.0006770665052221651,0.0010494902120648606,0.0027171610274469796,0.015346944997383635,0.0029513150034234737,0.00022405468021478584,0.0008678176553151357,0.06796058972008431,0.007244945090075351,0.022771821112581466,0.0014793598047933487,0.001781608711915162,0.09197836004654011,0.0003788571286488181,0.00023420948873370065
2023-11-13,0.00043484800760988966,0.030772736936484173,0.0004664798803541287,0.0011680462649867446,0.0003663849133462187,0.003180038730018354,0.0003516074076515521,0.0012805670294214378,0.017179535671155124,0.0005301449234394594,0.0025928489785947725,0.00034437167927397794,0.000658596819823558,0.00029564681649430044,0.0023668723223798965,0.010439345681698159,0.0003424783705474657,0.000324080050039378,0.00048406310597512263,0.0007622078240206561,0.00047908972557324583,0.00021433889925119337,0.00023797083965777213,0.0033498501222035985,0.00036673731623904017,0.00027178167757908054,0.00026725958862034035,0.0001434350237522131,0.014451756449583571,0.000896522646685808,0.0001700962691144494,0.0007370710966896504,0.02750434956853084,0.000245705579776996,0.0007555801854714434,0.0010125911871681685,0.005491190393210437,0.009525531417987865,0.0030289388182232566,0.0012835365686407853,0.011899638374047821,0.00028929142671967685,0.00018926694571361476,0.004731598723616886,0.00022300978142003426,0.0009502186053770864,0.008106622928134839,0.0007902341563606679,0.0002424950921634439,0.0025408667601774797,0.00028965202594867826,0.006699374223069415,0.013163890882303532,0.0017752343064967313,0.0008636847767777496,0.024667445978399042,0.06290828583211142,0.0003091917170993935,0.0018185310905936703,0.03860667121288139,0.00044931457986842875,0.00012369884586808916,0.00670035000036779,0.00043616703919131296,0.0007210492321984421,0.000447484544360231,0.00033743365366513774,0.0008603379200158005,0.060959898515763146,0.02678753628968168,0.008616502425038402,0.00017118294980240003,0.0007608709348992526,0.0003804991659927374,0.0010210227393663057,0.0005444130192134464,0.0012745968589009697,0.00041518955375304765,0.0011160485262926778,0.0004614097016023359,0.0004294451026445113,0.004980752923734253,0.002170832187483312,0.005431611130393768,0.0036693500527867078,0.0006452175840416748,0.0010193353039210102,0.0025194910799192964,0.01445080045958972,0.002785693521197763,0.0002101160942186792,0.0008324587845576526,0.06431375797583741,0.006778684410129058,0.020781681738305042,0.0014101814125655626,0.0016455487861814922,0.086266928601139,0.0003786050569579281,0.00022067605228762063
2023-11-20,0.0004226849590578598,0.028959161018233412,0.0004492473588933459,0.0010837309526667838,0.0003593242067537556,0.002886442198054481,0.00033367305385696987,0.001168248959169877,0.01665811552807009,0.0005022343340606611,0.0024159569035529793,0.0003272764924062956,0.0006468453585152258,0.0002928476190080603,0.0022665535185989816,0.009910573619893295,0.0003270356372644176,0.00030091316965433944,0.0004745206679448017,0.0007193118969734472,0.00048458033072478943,0.00020780530541527557,0.00022490101798126552,0.0033689105702609397,0.00032447281317219925,0.0002562121493764765,0.00025821120900820066,0.00013903422298068184,0.013774027019781018,0.0007499996197814607,0.00016611289211704714,0.000692879591741697,0.02604494117667743,0.00023666406085542357,0.0007062352128159019,0.0009638015623430769,0.005423728527543073,0.009182576202955192,0.002842095458970878,0.0011896235696557005,0.011292207900072728,0.0002842453183874943,0.00018682832008563133,0.004474063829760409,0.00021709407855830773,0.0009156286783957442,0.008281016197690824,0.0007700960318628862,0.00021964020779243254,0.0025358308245996327,0.00028523255665378395,0.006272012410367389,0.012552414174362514,0.0017409082482112129,0.0008094791394782786,0.022831566179560305,0.06509833977884893,0.00028756138147908387,0.0016437368381712497,0.03920486179219363,0.00043214416203609047,0.0001190859562911214,0.006226038470509397,0.0004363625035454564,0.0007071964631563158,0.0004339945301813037,0.00030922944043285864,0.0008371507389628131,0.05567159625682853,0.025706311759883624,0.008388286369177933,0.00015957021744175323,0.0007310301749083544,0.0003616957849838358,0.0010226715054479118,0.0004773604864419573,0.001246454395682571,0.0004014397566381035,0.0010433260241689039,0.00045064221609184143,0.00039751509795094513,0.004917738373759199,0.0020508317151136097,0.005208134876026161,0.0034161720923435055,0.0006178732093062799,0.0010056826869980742,0.0023432618660300213,0.01369637408173143,0.002632447911399659,0.00019680218748875132,0.0007986402690211933,0.06125326851736262,0.0063472657515512895,0.019229972259482465,0.0013491864977342668,0.0015244344755370924,0.08155488914844662,0.0003784728477419147,0.00020921768341192242
2023-11-27,0.0004114022353520154,0.02826244754067058,0.0004314317155573492,0.001011220674440642,0.0003514780649375802,0.002708918347921486,0.0003190890082309657,0.0011424212565270884,0.016228414153794873,0.0004843744861136069,0.00233056882255533,0.0003134726331744325,0.0006366001507702576,0.00029024029357409726,0.0021800212954151948,0.00946633288207843,0.00031161343693108693,0.00028069517666540097,0.00046515057903020974,0.0006831199922843032,0.0004870187929066987,0.00020184346389148423,0.00021414120038934406,0.0034422509157978846,0.0003022070037872066,0.00024387740337908858,0.0002504529859617747,0.0001352200667801026,0.013208284901412796,0.0006309220469665948,0.00016304353793084755,0.0006561919338518924,0.025900355290792532,0.00022946776580462625,0.0006923708388299833,0.0009204216240471711,0.005363618173425746,0.008905255269287404,0.0026782295257604745,0.001153755868005352,0.010809287440479627,0.00027935687829453115,0.00018960078709146498,0.004246793908438604,0.00021287898737709564,0.0008811343252478074,0.007905143713689555,0.0007504689202575598,0.00019804684524491614,0.002580851353695148,0.0002805324258921287,0.005895030907836363,0.012039008636613037,0.0017075329324432317,0.0007928493976931936,0.021680160346496554,0.06366957376775258,0.000270330226016861,0.0015208023757554618,0.03661652447621188,0.00041970044737213056,0.0001155836820720576,0.006052603646856939,0.00043607471081591866,0.0006926934968755056,0.0004203467419803918,0.0002827882447466204,0.0008213645507431664,0.05364203444721421,0.024812819334041343,0.008196449700583426,0.0001495961741464517,0.0007071695878829891,0.0003705197836570468,0.0010230158323071138,0.0004194614683825007,0.0012262771596695447,0.00038850760506468023,0.001016885943746988,0.00043999727475128154,0.00036951810503528786,0.004860441419051734,0.0019515558632914073,0.005028060298234123,0.0032870937387035875,0.0005956508907204959,0.001010588490231468,0.0021930235387648263,0.013095738967624806,0.0024960480017462705,0.00018464166690713074,0.0007675681848640072,0.05885600409296869,0.005966240360164834,0.018262817052473162,0.0012985211452977501,0.0014207882443553603,0.07794675330757066,0.00037847590492829487,0.00020001861514046954
2023-12-04,0.00040116434180594837,0.028394101346261507,0.00041451994133053573,0.0009516742158662246,0.00034327092534454736,0.0026447630964671906,0.0003085897251929322,0.0011632797495584807,0.01590276856408674,0.0004764703834447297,0.0023212323412952016,0.0003030898932722108,0.0006283006089336521,0.00028786286124911944,0.0021098896109789564,0.00912042990378822,0.0002970619435133635,0.00026401950058234824,0.0004563999019311498,0.0006542899613685389,0.0004869648595687845,0.00019667500972619375,0.00020617873315081017,0.003536324536787529,0.00029917821359459615,0.00023505361029433185,0.0002442637411327688,0.00013200916276472088,0.012771105855830762,0.0005445892650078649,0.00016102334423500367,0.0006278802253925956,0.02664277558390071,0.00022447806117368798,0.0007035310656231932,0.0008840746518684144,0.005314373062720822,0.008699028645665985,0.002541425379641978,0.0011587040206614025,0.01045631213187757,0.00027485638525700834,0.0001946399997313131,0.00405618217117251,0.00021039106691599253,0.0008485531264604879,0.007596456982777777,0.0007322387435818627,0.00017870247741464697,0.0026510173371608963,0.00027579909734108676,0.005579257204148329,0.011639479623902499,0.0016769204905799594,0.0008019099143867617,0.021238927925348088,0.0613548909029657,0.0002579204953375973,0.0014651671775312816,0.03462755364805527,0.00041243342828287447,0.00011321950750836891,0.006122367298947196,0.0004352978005679329,0.0006783693463525188,0.000407242693469022,0.0002607000221728887,0.0008126382113885431,0.05504050023653451,0.024123477715216633,0.008046583581408756,0.00014207472148865068,0.0006901420659195001,0.0003938647222184202,0.0010247184245840363,0.00037514616169321137,0.0012144955665836677,0.0003768528805366221,0.0010145748515556982,0.0004301492733486549,0.0003463439750449932,0.004809561147438855,0.001876262441140821,0.004895092025241004,0.0032569535298216244,0.0005789484795562982,0.001025537060387784,0.002071690094672422,0.012655104951560931,0.002379869780754972,0.00017412521296072953,0.0007402865444611641,0.05715542265339772,0.0056467177132041085,0.017901546025015917,0.0012597943566898097,0.0013360474145120457,0.07547642543410453,0.00037862732233433525,0.00019318515663319354
2023-12-11,0.0003921205521976727,0.0288943562533565,0.00039987670542935216,0.0009056614411264604,0.00033512891886606865,0.002676498518611717,0.00030252814442921234,0.0011857871279068223,0.01568973498291662,0.0004779245327275181,0.0023597786325804003,0.0002961802661635208,0.0006222825508398906,0.000285749990660227,0.002058023373114936,0.00888241159989255,0.00028417735545672914,0.00025131230003231546,0.00044868341097843896,0.0006332034460042191,0.0004857518615170494,0.00019248555272160356,0.00020137705904439205,0.0036031767649780007,0.0003111127877537585,0.0002297565709028963,0.00023985079992904887,0.00012941259566636142,0.012473679067712844,0.0004918525706486599,0.00016014163492701676,0.0006084818685239006,0.026795986174892296,0.00022194851249247998,0.0007241464363822395,0.0008560716494967178,0.0052790162334687045,0.008567165165076647,0.002434363201939306,0.0011791282992672748,0.010235277409691842,0.0002709585841395414,0.00019818027568641397,0.003906705386401301,0.00020961605833008553,0.0008194730392703114,0.008048342954922731,0.0007161931712984509,0.0001625034210830227,0.0027082967872322683,0.0002712788907458762,0.005331714395919018,0.011364756096913488,0.001650660696101477,0.0008187432552598362,0.02141123764180941,0.06363697095934145,0.0002503338720066035,0.0014741121715954259,0.036557352391758544,0.00041028912808317394,0.0001120003793719758,0.006318589490427414,0.00043403317393787957,0.0006650241720628493,0.00039529669319623886,0.0002451605015684714,0.000810283904616281,0.05306725981484081,0.02364780189474012,0.007942657267215353,0.0001375778673745426,0.0006801551626801714,0.00041443408330698174,0.0010308372912672605,0.00034747044816039595,0.0012111782000524978,0.0003668534012932125,0.0010151792417497773,0.00042172269755575917,0.00032860632633210815,0.004765701376904826,0.0018264653599455464,0.004811281772117192,0.0032818158174187464,0.0005679909252688996,0.001036601728546426,0.0019808844462175105,0.012376506686387756,0.002286249468870406,0.0001656801133962444,0.0007176524611953989,0.056152024872322945,0.005395946204344479,0.018065101474649597,0.0012340845223231807,0.001270858026279176,0.07412557379516109,0.00037893770118831366,0.000188767975047927
2023-12-18,0.0003844027311336246,0.029281101911350155,0.0003886064181112057,0.0008733723619467247,0.000327455880521121,0.002775284922440975,0.0003008891411304916,0.0011773414132203192,0.015594372355934003,0.00048773024749085997,0.0024139441278337383,0.00029274278791259137,0.0006187608190209216,0.00028393249247128254,0.002025613040998943,0.008758017825391639,0.0002736563453066999,0.00024284007419500525,0.0004423611540202175,0.0006200291072275117,0.00048513792671726864,0.00018941556436632731,0.0001999560437688103,0.0036092462943500144,0.0003310821426714405,0.00022780291018951944,0.00023734017162162297,0.00012743736958601093,0.012322490098995146,0.00047106936514326844,0.00016043713857675642,0.0005982780614601921,0.02911124230422081,0.0002220106789563317,0.0007377676001696353,0.0008373601621383427,0.005259962224132961,0.008511098598023781,0.0023586052691967046,0.0011890234544515094,0.010145806599388255,0.0002678508885286555,0.00019687255003036366,0.003801165312110184,0.00021050350980550588,0.0007951906766594415,0.008531863323094708,0.0007029847307246837,0.000150206069511823,0.0027227898997130707,0.0002672030862601546,0.005156486354365645,0.01122140279123015,0.0016300469139855563,0.0008256421715689383,0.022007338990070114,0.06735257419420201,0.0002472039935098227,0.0015306143395799488,0.03877215432831102,0.0004127632587508389,0.00011191775364339813,0.00650250491265152,0.0004322894715434115,0.0006533840767850302,0.0003850145359633363,0.000237537603333908,0.0008133533608942155,0.05680250704269569,0.023389794134665007,0.007887100997425754,0.00013637861238817951,0.0006768070522172195,0.00041925607089172886,0.001043951236548882,0.0003375276309947336,0.0012160491485945371,0.0003588020797323077,0.0010060509414203714,0.0004152550704064191,0.0003166912110318584,0.004729369647019077,0.001802142384557965,0.004777279466293785,0.003316184134855005,0.0005628717112761488,0.001032756444286473,0.0019213220447356716,0.012259154590453927,0.0022166064655485683,0.00015964811218627354,0.0007003315200309361,0.055822062740708854,0.005218171485467115,0.018594276567935046,0.0012219663742816444,0.0012253745812782209,0.07383806781997045,0.00037941500378642313,0.00018678104232060992
2023-12-25,0.0003781234104552231,0.029246362330977597,0.00038144552564864343,0.0008547998942156641,0.00032061092263230306,0.0029037834236444564,0.00030332789282778213,0.0011358762564928546,0.015618492538543447,0.0005045385967204237,0.0024582934594278454,0.00029274045883057243,0.0006178187613457355,0.00028243687010466476,0.002013255200561935,0.008749626214215565,0.0002660563320306913,0.00023872429722725515,0.00043771925054735396,0.000614776164087386,0.0004868206952441309,0.0001875537165087587,0.00020198006149716913,0.003560004993165411,0.00035089955315464704,0.00022885264665671983,0.00023677113514177037,0.00012608762734069162,0.01231993122354548,0.0004796452683813834,0.0001618959202364624,0.0005973585698873026,0.02747997808599659,0.00022466669291321562,0.0007342382066293168,0.0008284924877450546,0.0052589318352888785,0.00853068034575515,0.0023148902213976498,0.001173263044277382,0.010185813064406636,0.00026568305952927713,0.00018941205738000745,0.0037409695179193483,0.0002129679617196055,0.000776681040164502,0.008162455571102636,0.0006931034387753654,0.00014238563176099744,0.002692812420744665,0.0002637749415095106,0.0050556003522892225,0.011212112344665612,0.0016160233800751056,0.0008130838439910057,0.02278364963131872,0.06576545269355896,0.0002478886764671008,0.0016094038828036897,0.03679428771268716,0.0004189383015459349,0.00011295001878498893,0.006571230174329522,0.00043008244584693205,0.0006440614592036057,0.00037678677096134137,0.00023808803336508027,0.0008207272121726895,0.05707998616697318,0.023348989202259834,0.007880895748563169,0.000138428709918193,0.0006791889434575755,0.00040830174829573665,0.001065315897071078,0.00034417001706222,0.001228500576275415,0.0003529103730364953,0.0009866383456744608,0.0004111650170378495,0.0003108148564463483,0.004700977205037811,0.0018019770779388253,0.004792509633464138,0.0033308905677680734,0.0005635818134740741,0.0010128549863513514,0.0018931501541865792,0.012300274509245403,0.002171591147834454,0.00015626772203569764,0.0006888068633809748,0.05612348286301016,0.005115520594427419,0.019283141831905538,0.0012235406844662029,0.0011995176436974155,0.07452906462845671,0.00038006444542464,0.00018721453662923638
