,0f259232e21f0c2fee6ad8d1d8f1027a,9274b3c3b5944720ff3a39acd9cf88fd,255b57e780bd487c9f2c9d8a6d98122e,81a7fd8b494dcdbef06baf399f2f6ab3,3679c0945f1a70a259b655406fc39172,456a12b90d15a721ad799e16006c6684,05b2f1f50c1ce311f0dbd14eee459bff,85e40ab41dbb322d6265279032519a63,fb99ada28bdcb8a828a19ba2293b5607,ec5c0d5f42ed96fb66f585f2072f51c8,5a238bc5400490331b6b4c08ea0fe0ab,f3b0f9ecd412b62d07cc9a0c8e80470c,f7e1531894d4de8cc0d90bc6c9ba8991,942619b5db45e2e562e61d92119ff838,94e09ab4773fbc3b2b67c2f34281220a,f0e3dfc632173c07417737b09c0ef573,05c65dfa276e4011e911260f8118f6c9,795c21f080ec8025792ef4d0dbbd8b71,af3df9ccd4174c841a11369f668d7eed,a107bcb0918d989fb9378c897e0ffddc,26946cac9ecc79ec658301e357330c5e,18583b9b1ebca580d6dd801f9dc66bd4,bca747f5e6237a7773881a0467d2e683,ccb2a8fe516433ddfb606137a178f9ed,61768dc417b2b3ede0ed37eb320093a9,0bcb8976125dbc200aaac6e2843288d3,9f787e7ea88cf6d08f0a84ff9671c365,c4c7efcae8d0827a8d07ca016a3bfb6a,b08119580a4f62b96c89326c2e32b695,0da4b490e41e0fe2c7df72f01af5ec50,a05ee4cf2d1de48475756e7a2d0a7cf1,a693b13a81f3e3d78eca32b7cc36b60e,c6424732171a02f1c1062f50c3a73a77,cbaac4719cd0e31524598d62fe31fe48,27da4027d84eff5adb55c509efaafbe0,ff9858a350a257210e2851650a7cd6d2,565b7097a474e2e3750586bd4d6b0bb5,23edc5ff51cfadd333466861a4e1ea38,c5d9c0b2012bb566a6a73b4d9e07fe86,1f56c874da3dc7e3bed7f8f6529b64a2,ae6f5f4d844a09b756dc601df2c1e8d9,36493d4cdc4c7a595e50be5d6c71f09d,dd131a05ead3e4f70b991714a54de5ab,cfe26d6aea9efd71c5513cd733043333,7ba28aba612a440ff8dd711262154f44,2a73e11492c29b7696d32cab40401a30,3ac8acc7e11bbe6772fddad237e51d2e,0d96aee679fac13091dac1b352b9485f,630ee7e776797db7d8df48faa23d5a65,9c0a5f9ef978de85871f0df5f328cc04,762c8c28af0cb9ae3028f33c1520a885,0928147d7fed5d2704e5864f15310df3,2e300d5b9ced3d6eb1bd338e15f42705,9b0f782fc5e61f4bcd60aec45a951907,8c1269604d51124eea733d76d969419f,71e83ca83dd815fb28599128e3923a04,2e207747b7f6ba4806dacd5c8eefb008,47251289aa301e5e085ea87168b93c5b,d774007926d300cfdc0af21fd17631da,a755c8d149dbfd8145d7e0970920af69,0e9ec21c9c1d75db573e64780f4bdc04,c4c87cc56c600398a547bf1d240bac4a,876d491f272ea12d93db7be1c54c1e5e,f4010791f0c5aa854730550435ca5837,d73f5beea409541bfeaa2095570c500d,3dd952e6eff4eeed1f99f883d7760558,ea594b4481ccdee2d7ed446a2a0ae272,e853197616422fca1c71e49cdd101657,32e418063c86b6aba3701f86f27b15bb,e47da797deb91bee9d49736f2c03f5d4,200d22d4f0b96478bc89e527590483df,ce1dd76e18ef0012011b3032be8a83fe,72cf8a1a01fb55ce2780a3fe0f8038d1,5402c87773c8c6cb257b4394b0717185,281856e1516923676b43bd418e6f25a7,9c863871d4cf0e4b25504375945feaa9,7fc85a57ec35f1b6145953e32a673446,67c5e92a315327f8188d2c91faf5c3a1,1ba20e49a934c9f63888c0aca2e3bdb0,106479e4024061d5093f0dcd23bc6cf9,179d05e99c44e629c8e68aef8ee71784,e2a80f87817bef0d96786c7ce389aed6,8597f5e4b5aabc29c6fc71c001a9303a,6a3dd1d0444d504a669c0825857a9074,fe5f4acc019e16ac5a920b1014cc7229,1ccc72120e9ca6b9c58c97c139468900,7342f68949be41c06eb30d3be1f3499d,9d5cf228e9ec57d97be4213c970d5621,a5b2dafc7f7a3eabaaff5f337f5a7d42,796b462f075af0b2fa608735085c20e9,668beb724f47e5a18cece4da0cfd0a51,a2a8db06139e5d8b33b9696c575f0414,9a6473062b1e797bcc9732f0c9a07849,cae432c95e5232373cb67ff90e7793d8,19f6997d3ba451b2bc8107503d70ab73,83e59a57e4575c3cbd02a8451997959b,5876cef9666eaf04c8dda83ec6c83a60,66b960536d4f8c72e04621cc3b3cf8e8,cf83b57ee57ce2ce8c9cc50781da2080,13e68590206aad4467ab4aa1b71406f6
2023-01-02,0.00044785857851448,0.0255523716178729,0.0003013288935985923,0.0007584700982952877,0.0002463488447683945,0.0029127813148771844,0.00026405995985018374,0.0009825005557494023,0.014927976088242199,0.0005494898308925896,0.002204351079850052,0.00027549934958885316,0.0006808980833739042,0.0002963855513371527,0.0020850368309766054,0.008016762682931054,0.000173057878914689,0.00021899214354747696,0.0003582526798375654,0.0006881207494413266,0.0005392055131174354,0.0001228415191210288,0.00018278933643223397,0.0034014209225761596,0.00030941448896438443,0.0002290608639650724,0.00021838277031677617,0.0001303974187751377,0.01134216652814101,0.0005589601622335623,0.00016560524686856377,0.0006364186966683877,0.02275969108080277,0.00024258260964415967,0.0006429979956114025,0.0008195222096838439,0.0039933109655976295,0.008660536991472388,0.002077437488681803,0.001148748157430426,0.008884605368436254,0.0002683148195501417,0.00020450950060818857,0.003907681442797184,0.00022632188603706967,0.0007055370784415724,0.007145449718307968,0.0006561775812954541,5.623750034349718e-05,0.0025720691137950807,0.000282170542050153,0.004110642668803967,0.010331974672336099,0.0014553074865408626,0.0007288878706049618,0.022917704086818674,0.05739207555656021,0.0002536526860486213,0.0017131047274701748,0.031609691902419905,0.0003972665365188887,0.000145808415254578,0.005691810436858818,0.00047593042836524546,0.000510551468851718,0.00044137242366559803,0.00028485641838124886,0.0007937780569132393,0.046394535300033096,0.019443016552967287,0.007676722481846809,0.00017041801766026765,0.0005984319323532384,0.0004581348276543835,0.001262366372773831,0.00038356342351412206,0.0012960543390363455,0.00036983017647305023,0.0009421846644212071,0.00031269348402092464,0.00022441954387433468,0.005015993025153875,0.00188670310234722,0.0059003706480924645,0.0029314834802037634,0.0004982310232830168,0.0010046852265044959,0.0015995444631159061,0.010626547986955797,0.0018398511785987302,0.00012923986123076456,0.0005537284624590562,0.05007893896420461,0.004118751347870042,0.019732797058493894,0.0011805089675171242,0.0010873843306704269,0.0712315079252688,0.0002998682903125882,0.00020901109989786832
2023-01-09,0.00046476082268603316,0.027535282568886422,0.0003434728268867514,0.0008128825220696806,0.00026744316772185417,0.003136306668855617,0.00028070839112398624,0.0010649901482886234,0.014686328085675323,0.0004974226703197753,0.0025610792970960235,0.0003295065179117372,0.0006822957657277584,0.0002967544423881918,0.0020891844760626554,0.008972371404017753,0.00015911394807787048,0.0002395157625057373,0.00040189777388807696,0.0008358839215778719,0.0005180512547061964,0.0001553227099478942,0.00023963797496257935,0.004083552197626283,0.00035901452987049167,0.0002322968346276593,0.00023857346165427222,0.0001539677585693251,0.012735095606162055,0.0005977464361382344,0.00017530984280447756,0.0004701835101343291,0.0247284072821685,0.00024274882161989808,0.0007138366588798305,0.0009407378695539833,0.003999128006398678,0.008883937961148317,0.0019013814256096083,0.0011779891036805448,0.009332050348316766,0.0002688201784621924,0.00014959023260165496,0.003911823034286499,0.0002443493565118924,0.0008022834962380972,0.007441428431488183,0.0007737695996156859,9.605658804771224e-05,0.0032851431987679374,0.0002824858820531517,0.0040298954907135925,0.011559153302967003,0.001268447229901783,0.0007958165130147622,0.02386815517274543,0.06055993028880206,0.00028522295652402753,0.001795689934602001,0.03300161686909111,0.0004527676701124624,0.0001454806188121438,0.005549262078818836,0.00047690572682768106,0.0004978420876100007,0.00044138726661913097,0.00027021132790524193,0.0007201905671949858,0.04995198949865762,0.021484698124275205,0.007687347009778023,0.00017030243179760873,0.000636158562454802,0.00038484341618664114,0.0012242131561133532,0.0004246393549523898,0.0012974899727851152,0.00034722226494447554,0.0010346272326354957,0.00038606411856078086,0.00026335287607421286,0.005023280158638954,0.0019984678096916213,0.005377695430038817,0.0033231848506838895,0.0005809748713050985,0.0011496109069405703,0.0015238015530166687,0.01150045660443334,0.001853796706239239,0.00014670583343742954,0.0005954246699139581,0.054200157251840526,0.004114343965326003,0.020642217523089344,0.0012936199048022717,0.0011642361858701204,0.07468617973578082,0.0002999490825459361,0.00017041715301122825
2023-01-16,0.0005427283592703805,0.028129281349478813,0.00044063961506237516,0.0009831012253030498,0.0003815206789700704,0.0029371624734103913,0.0002957585158400104,0.0013221085133640774,0.01571935555141642,0.0005925995465545931,0.00236597994218981,0.0003712418298841779,0.0006836934480816126,0.0002971234207507223,0.0020933321211487055,0.008712334122193993,0.00019494187729726103,0.00022652982597312063,0.0004438856669210848,0.0007393109644308111,0.0005936132132025277,0.0001706923504159995,0.00022174585843159002,0.004157715453238436,0.0003684339649618442,0.0002411517095668893,0.0002738695735957682,0.0001443272451676382,0.012559219953815927,0.0008717468901403799,0.0001953748750044418,0.0007432695905337353,0.02649050861877997,0.0002429150335956365,0.000619023218609332,0.0009109542569789085,0.004004945047199726,0.009472747519227767,0.002027436580834122,0.0010889777553107843,0.010467224979057435,0.00026932553737424314,0.00021665793526090896,0.003915964625775814,0.00032121538625865046,0.0008060904674881818,0.007550077881046897,0.0005356514528030281,0.0001091241329512752,0.0031504167448946894,0.00028280066908337176,0.004617624940733784,0.011275687324488307,0.0014627415138049778,0.0007780425016721445,0.023414566712555103,0.06020080073478919,0.00023989473522147058,0.001722753197936443,0.03573005403612083,0.00044995596399501786,0.0001451528223697096,0.006029202736146235,0.00047788102529011667,0.0004498735374098159,0.0004414021095726639,0.000311930599275396,0.0008568063028154315,0.05223770715399701,0.02345334566964939,0.007697971537709236,0.00017018684593494982,0.0007189593933524899,0.00041937429879664614,0.001474012648932916,0.0005284202675420654,0.001298925606533885,0.00035638044424207753,0.0009483596800042631,0.0004075588356835732,0.0003099786057570996,0.005030567292124033,0.0018281730410397322,0.005586318170501222,0.0032284795024711977,0.0006611641156666883,0.0011509542773396172,0.001781754948717559,0.012998023035897767,0.0020752325564146567,0.00018939956117090814,0.0006961114990431551,0.055790402088467285,0.004632426696439536,0.020407075124020915,0.001405595771661086,0.0014613784943372536,0.07776991707238676,0.000300029874779284,0.00020672947979714752
2023-01-23,0.0005452426266442673,0.027671139685151166,0.00038810503643903666,0.0008886286598091746,0.0003342004119816591,0.0027913483999302876,0.0002727929058367802,0.0011050392459210695,0.01605331957915407,0.0005803289875589164,0.002797065931993715,0.00024118281277349493,0.0006850911304354668,0.00029749245732091367,0.0020974797662347555,0.009004520066947535,0.00028319046587565544,0.0002271926093097487,0.00046534919527922524,0.0006903240937264155,0.0005967133906171101,0.00014045154279946685,0.00028337854659754114,0.0038988055027473992,0.00028079201387335004,0.00026315527928616174,0.00031385483936947775,0.00012772502654153362,0.012924158383179743,0.0007060728303959096,0.00016607031876733394,0.0008064350456917535,0.026832991212195272,0.0002430812455713749,0.0007175427263781888,0.0009289748537221897,0.004010762088000774,0.009718919932573584,0.0022468961366726857,0.0009893813589074388,0.01048240705983639,0.00026983089628629386,0.0002087728209989537,0.003920106217265129,0.0003063044550632874,0.000736394641391805,0.007541296812926322,0.0007629129788663916,0.00012031538014257138,0.002932382159574159,0.00028311493224464357,0.004884543949769176,0.011524564482143907,0.0013870374669863715,0.0007932019742899246,0.02363254652256467,0.06113880586146884,0.0002553149688691092,0.0018141200572056276,0.03488622166830208,0.0004869428660600811,0.00014482502592727542,0.005728302970997809,0.00047885632375255227,0.0004579730008039873,0.00044141695252619684,0.0002711142927458452,0.0008940438514822132,0.05356311846252205,0.02249220985378237,0.0077085960656404495,0.0001700712600722909,0.0007983572330609014,0.00037433261308172325,0.0013427326201068922,0.00039212300804189763,0.0013003612402826548,0.00034117976544494646,0.0010417315684837574,0.0003876773509991906,0.00030599463637003856,0.005037854425609112,0.0018303530001136164,0.0058356270412301785,0.003377031478041907,0.000568706594112889,0.001014150835601342,0.0019356384678804078,0.012749308211351632,0.002533163408914608,0.00013621532056200372,0.000732844199235858,0.058353219733313075,0.004930386669131853,0.020378245821542428,0.001528968810630403,0.0012111513340414997,0.08007193409284676,0.0003001106670126319,0.00022136100849315778
2023-01-30,0.0005123073372380994,0.02838169695240847,0.0003578232737710486,0.0008896357857374368,0.0002770703478738362,0.0031159927402523045,0.0003604511916649354,0.0010858515089919817,0.015574804814805408,0.0006120482479779796,0.00281443955796049,0.0004006761502542818,0.0006864888127893209,0.0002978615812025964,0.0021016274113208055,0.00935503362118745,0.0002833861816321797,0.0002696939772522509,0.0004539608003696016,0.0007428181619746304,0.0005588546524697729,0.0001599365982571268,0.00030381821237742795,0.004032455958848008,0.0003212795858368844,0.00028992314869488343,0.00026408184741804773,0.00015049275420057743,0.013137458199572986,0.0007716467064318219,0.00015547777176740975,0.0007900524739884001,0.027241470113686533,0.0002432474575471133,0.0006829617025118469,0.0008231282521521953,0.004016579128801823,0.00890454800905942,0.002246207280165305,0.0010567075979915832,0.010298699049318339,0.0002703362551983446,0.0001994326664607086,0.003924247808754444,0.00024425519936102923,0.0006844502007156161,0.00783081591172955,0.0006820993112547074,0.00020567425998569775,0.002976620549906223,0.00028342861332930624,0.004924527750234763,0.011892363921673694,0.0014890052166432067,0.0007216829894558833,0.02446168942078757,0.061509701860990716,0.0002054841578997714,0.002043935044338995,0.036370289767071726,0.0006510473588467406,0.00014449722948484123,0.006350744330188034,0.0004798316222149879,0.0005384643374370642,0.00044143179547972977,0.00027745062856328816,0.0008419801265348224,0.05376357620694824,0.023476851419641134,0.007719220593571663,0.00016995567420963198,0.0008596149512894914,0.00035348504413626133,0.0013980324375493824,0.00047074392100386045,0.0013017968740314245,0.0003894745153454812,0.0009893740710326762,0.0004737685012702557,0.0003875669152629511,0.005045141559094191,0.0019880618784003487,0.005458021868390257,0.0033093270891483826,0.0006888262315208213,0.0011672828485761102,0.0021138528152171137,0.01273549777881065,0.002149015593913924,0.00019913419391153284,0.0006390030139524024,0.058824934426767596,0.0049589864513488085,0.02127770272072244,0.0013616112577551178,0.0012105988109444143,0.0816517408202975,0.0003001914592459798,0.00023959725632877182
2023-02-06,0.0005509780578578415,0.030217140884617678,0.0004073744289387478,0.00115367900682066,0.0003415412172599165,0.0027845731294062117,0.0004092765003544167,0.0014711760113470145,0.016633631826772043,0.0006381330531093925,0.002782200752820213,0.0004544580216609753,0.0006878864951431751,0.0002982307632919401,0.0021057750564068556,0.011183634386846487,0.0002675774015950976,0.00029490171137018154,0.00047042493115545205,0.0006514264128151331,0.0005132854114331182,0.0002039844436397507,0.00023835774618735322,0.004373564521104812,0.00032228918644045847,0.000308981883223501,0.0002947950113451973,0.00014821421030579822,0.0152909615143624,0.0006750798529830424,0.00016141999434029814,0.0008264499754391137,0.030533640803993536,0.0002434136695228517,0.0007381250448758213,0.0009526447688362142,0.004022396169602871,0.009198779458705411,0.0023520277565619706,0.0012686181653386549,0.011177852641595846,0.0002708416141103953,0.00019965640582322974,0.003928389400243759,0.0003762324823598412,0.0008796018870142033,0.008735686159116175,0.0006531492820907986,0.000189348135254488,0.0032255786638630776,0.00028374174144119024,0.0057104955604886255,0.013865765783159486,0.0016818060628999985,0.0008777486728824382,0.024289709133203705,0.06454238590701945,0.00030221756739112396,0.0019196670812275417,0.04053504917189582,0.000586233506857781,0.00014416943304240704,0.007014474043092891,0.0004808069206774235,0.0005993064207996464,0.0004414466384332627,0.000316062065646191,0.000944812461903038,0.05896542265014725,0.024648483403504593,0.007729845121502876,0.00016984008834697306,0.0007871458816188631,0.0005560410712009097,0.0012320127870385743,0.0004061353359003395,0.0013032325077801943,0.00026061471646166733,0.0010996571599093544,0.0003486270650266376,0.00034191571069581576,0.005052428692579269,0.001923550576630531,0.00621786958284835,0.003799325451788868,0.0006468963095957912,0.001279512768038993,0.0022548564519416715,0.01390040901211344,0.0022819042888905876,0.00022227202364461315,0.000892645361843916,0.06430833096612985,0.005796223459209036,0.020827777693940102,0.0016181281319868574,0.0016454250433418501,0.08957215495483647,0.0003002722514793277,0.0002291530512473661
2023-02-13,0.0005572404048264384,0.033299132317092625,0.00045114799281378013,0.0011543266198301844,0.0003484046847369001,0.0038442858461962648,0.000384083931769572,0.0014350949547121872,0.01812464186585976,0.0007176609471524298,0.0029584550026163343,0.0004587846990100137,0.0006892841774970293,0.0002986000035889447,0.0021099227014929056,0.01160527201205072,0.0003236075714254653,0.00031771204116433366,0.000463964092400006,0.0008576738128737848,0.0005611979836429023,0.00015308171437773788,0.0003451356184666186,0.004685734328960362,0.0003320644644608186,0.00031647552992730677,0.00027807823861448246,0.00014354817935050771,0.01640920670537834,0.0010911298652970798,0.0001782108382323433,0.0007105004945428604,0.031222281831599953,0.0002435798814985901,0.0008188432038862911,0.0011426211032519453,0.004028213210403919,0.010533228799025646,0.00285541345005895,0.0014259859740430427,0.013588291528119271,0.00027134697302244604,0.00021137883250186047,0.003932530991733074,0.0004292784060059296,0.0009352659953928548,0.009357076479620354,0.0008174293975845757,0.0001802037726157988,0.003507332785162257,0.00028405431658029556,0.006074859533857389,0.014601631350278697,0.0018096776775329442,0.0008120444305329425,0.0277235899104162,0.07105539126947047,0.00028166843223599906,0.0019501909345282973,0.0434593576425937,0.000549997352900013,0.00014384163659997284,0.0072378511779911505,0.0004817822191398591,0.0006943125580343553,0.00044146148138679564,0.0003436207608634221,0.0009031450407720278,0.0634095328188521,0.026516036876324197,0.00774046964943409,0.00016972450248431414,0.0008519157583417635,0.0005080367387404496,0.0013459192887590157,0.0005586278718753414,0.001304668141528964,0.0004240271430768001,0.0011791568367697722,0.0004990449113524858,0.0004273832584626031,0.005059715826064348,0.002213331382417759,0.006093238276611549,0.004335653548187177,0.0007363612818009828,0.0013820566079964416,0.0026386215004655846,0.01678372467289675,0.0024554905277456083,0.00022221367610470743,0.0007793067027815683,0.06848818494666697,0.0061339421873616426,0.023914403446131327,0.0018386760926763705,0.0015679371313421645,0.09488305046122841,0.00030035304371267557,0.0002613697637894908
2023-02-20,0.0005900420993380976,0.0335524092608558,0.00037136288427046097,0.001185618953583679,0.00030538441794062234,0.0034814424555194286,0.0003783682018291213,0.001429726713297939,0.018848144936990812,0.0006742821168367049,0.003025383843755708,0.00042458497861784246,0.0006906818598508835,0.00029896930209361017,0.0021140703465789557,0.01204678021742163,0.00026867055285310264,0.0003430969357984688,0.0004854735635969591,0.0009001085648759976,0.0005172182211456965,0.00017644230058636278,0.0002469597066902487,0.00463417391478002,0.0002871499789318329,0.0003072534677883241,0.00028585181261431546,0.00017002115950072417,0.016636360210228567,0.0007278751856935603,0.0002185257863342049,0.0008274394230367307,0.03118529867707833,0.00024374609347432852,0.0007967127625247277,0.0012474925684118105,0.0040340302512049675,0.010522345798684558,0.0023663175967661696,0.001526988418243076,0.013714862673044944,0.00027185233193449676,0.0002743270590040163,0.003936672583222389,0.00028527261057533805,0.0009036061168405356,0.008858869626297965,0.0008808280429579715,0.00019125146484251377,0.0033787413930474143,0.00028436630964279175,0.005572305826286925,0.014813482770757272,0.0017201931924380927,0.0009545330036561166,0.028107459512420035,0.07093277082101201,0.00031124070157804545,0.0019725850312457133,0.043088879228364754,0.0005568860927579407,0.00014351384015753865,0.007245112450062314,0.0004827575176022947,0.0005777988012665679,0.0004414763243403286,0.0003550341143426098,0.0009547089251570632,0.061896893840272194,0.02806824069882069,0.007751094177365303,0.00016960891662165523,0.0008725231865019225,0.0004855961367236758,0.0014593689904002162,0.00046670355396281974,0.0013061037752777338,0.0004073535137876396,0.0012452891881078205,0.00043613362770858157,0.00039577760091052565,0.005067002959549427,0.00212893785625152,0.0069527379264645636,0.003919849348259475,0.0006598780468937514,0.0012183687099070876,0.0020012418391161177,0.016590474474904967,0.002138857306007852,0.00020450222903826683,0.0007142572401980379,0.07062901901300359,0.005621782258699532,0.024386905530296488,0.001727343411012301,0.001637207127469056,0.09875432789104904,0.00030043383594602346,0.000261251761497798
2023-02-27,0.0005935054650962092,0.03608311942801143,0.0004894914461631488,0.0012849811035344203,0.0003939117670987305,0.0035531664527828155,0.000319160261820192,0.0016100536128432147,0.01923302219357381,0.0006108240549978043,0.0031086825790926625,0.0004291674252800262,0.0006920795422047377,0.0002993386297021061,0.0021182179916650057,0.012296234882305756,0.0003362486221103014,0.0003076663635699459,0.0005188659724515668,0.0008479858069236875,0.0006937942558423796,0.000210633817203536,0.00033466184276629565,0.004589021528718032,0.0004205800401566911,0.0002891958074316531,0.00025588940513899584,0.0001731655909554034,0.01685554188696979,0.0011323939218067269,0.00021252226881103174,0.0009857851384489466,0.03235393306584029,0.00024391230545006692,0.0008780973990738339,0.0011825958342131192,0.004039847292006016,0.011677960471716348,0.0029536366763961777,0.0014505726804175242,0.013330146180468502,0.0002723576908465475,0.0002268737342822132,0.003940814174711704,0.0003435559442480328,0.0008075264827387318,0.009486228845172579,0.0009595205625742142,0.000251738891742953,0.0035578788974589483,0.00028467780794017017,0.006479635833376112,0.015296436303998967,0.0017899039690182055,0.0008527386095807381,0.0290072458777551,0.07260219972975766,0.0002714360657529412,0.002111636158435739,0.04754245979833396,0.00046410958909785945,0.00014318604371510446,0.007735047589598962,0.0004837328160647303,0.0006467691301673442,0.0004414911672938615,0.0003541134643406395,0.0009546996240914515,0.06719455840310387,0.0283965078191445,0.007761718705296516,0.0001694933307589963,0.000871652595621777,0.0005160004807166686,0.0013371497829089076,0.0005491595064398163,0.0013075394090265036,0.0004479604655282416,0.0013704319337722178,0.0004526848495703293,0.0005420240072174784,0.005074290093034506,0.0023735175337322163,0.0068392843100687955,0.004524144397951397,0.0007646949494663573,0.0012685839350460417,0.0024877180916359535,0.01607109152221729,0.0023178111958721413,0.00022187657115029535,0.0008049627042877696,0.07201266067275894,0.006578335671344937,0.02497886133415765,0.001612797128793238,0.0017621648509398582,0.10159114021085103,0.00030051462817937136,0.00020195410668786404
2023-03-06,0.0006398771814801479,0.03841359839563042,0.0004182629477156397,0.0014615482761118413,0.00032622112421718354,0.004069995138639097,0.0004372375894141141,0.001827875873880552,0.019500917178979376,0.0008385968841003573,0.0034703562032695726,0.0004510611485170935,0.0006934772245585918,0.000299708015518263,0.0021223656367510557,0.01295029591923572,0.0003843314138503756,0.0003549161421699533,0.0004787676544813317,0.0010583759350193656,0.0004837766882691162,0.0001909955114388787,0.00037412172923481136,0.0035465004963378473,0.000492103545588523,0.0003434616788434771,0.0003298879171741488,0.00018639715100791986,0.017953044580084464,0.0010869460361755936,0.00024081681111777042,0.0010091821323186141,0.033704298346307726,0.00024407851742580533,0.0008623876342709987,0.0012257661266613918,0.004045664332807064,0.011810910019258153,0.003287578004234039,0.0015402907581928012,0.014831055678916665,0.0002728630497585982,0.00029957598867849894,0.003944955766201019,0.00039431382707108396,0.000984252363304188,0.011054401554893687,0.0008326119337005906,0.0004436919916399534,0.00265410726027032,0.00028498872416093946,0.007547433463665758,0.016032947633958742,0.00171715042461885,0.0011455236633399,0.030846038503984874,0.0752383835038641,0.00032090050606284023,0.00248401797043605,0.051857545258599154,0.0004658833636085009,0.00014285824727267027,0.007908388617333097,0.0004847081145271659,0.0008562140420098042,0.00044150601024739444,0.00035907470655621205,0.001044795548193638,0.07152914997887459,0.030017057197892154,0.00777234323322773,0.0001693777448963374,0.0008423232579020225,0.0005416321122273632,0.0010502632301230815,0.0005460210921058803,0.0013089750427752733,0.00041176301219837127,0.0013711570682079252,0.0004926297621456742,0.0006370318764184624,0.005081577226519585,0.0024142669354316883,0.006791103615577452,0.0046142678553515075,0.0009567556385152465,0.0011448763427390572,0.003005826049517614,0.01812406462267917,0.003015483238872522,0.00022245247251535114,0.0008802851753501333,0.07513542749451778,0.007584817422696376,0.026828475261360327,0.0018017489437553507,0.002104253607165542,0.10487072026348468,0.00030059542041271925,0.0002554239600008358
2023-03-13,0.0006172478178254267,0.03966962523813589,0.00044462786040511403,0.0014624418800890475,0.00033568792307871415,0.00412703786812626,0.00041278490404489284,0.0018552138171650833,0.019851389201404245,0.00074439817283738,0.0033579297539784755,0.0005765130373316613,0.000694874906912446,0.00030007740133441985,0.0021265132818371058,0.01342435494566032,0.0003097366263463029,0.0003878582851643088,0.0005777115152183042,0.0009815447405127757,0.0004339485589978295,0.00021872475974971914,0.00037745153238934615,0.0031227719368752973,0.0005939633412332142,0.000298056282998806,0.0003102543075912063,0.00018049698421888468,0.018314391206334654,0.0009496041565450305,0.00021964197157688746,0.0009220917191084243,0.033812240930239365,0.00024424472940154374,0.0009007687824223654,0.0013537213909908098,0.004051481373608112,0.011849159796398863,0.0031822842976388997,0.0016495969196396645,0.015082472446717605,0.00027336840867064893,0.00029610089824094407,0.003949097357690334,0.0002782198277578366,0.0009478233001753646,0.010961455395277708,0.0009718751316702686,0.00023492045656941772,0.0023719338016916316,0.0002852991165127605,0.007094678557825546,0.016507315191815045,0.0017002655974689312,0.0011831417368619642,0.031065497459679518,0.07596074195447956,0.0004576048518523205,0.0025118422822369276,0.05198032892314664,0.00048555272111725943,0.00014253045083023608,0.007954129505247126,0.0004856834129896015,0.0007340648945963341,0.0004415208532009274,0.00038708090814599497,0.001074226066229951,0.07196868930729787,0.030585571200925667,0.007782967761158943,0.00016926215903367847,0.0009024060956680573,0.0006415504263218381,0.0008997817918887166,0.0005153465584429942,0.001310410676524043,0.00046960179727852325,0.0015114083830808352,0.0005646227129867139,0.0004219748323752532,0.0050888643600046635,0.0025648644437284165,0.007426720959077394,0.0047602741717816,0.0008220748644750895,0.001075791539840012,0.002956168704439509,0.01811054299207252,0.0030214655100930703,0.000230656791631831,0.000773065169751069,0.078349089156759,0.00721614349920525,0.02690238587323201,0.0017843800936248055,0.002029503942277484,0.10779190839751197,0.00030067621264606714,0.00032495442505588596
2023-03-20,0.0006348881675988998,0.039075028009387724,0.00040851437166951164,0.0013805564172423336,0.00033213586499350884,0.004054552925756365,0.00043053424713557784,0.0017734807897971305,0.020428179217897004,0.0007078949925808457,0.0033164129957467853,0.00046234681851439014,0.0006962725892663002,0.00030044681625440717,0.002130660926923156,0.013543182015675495,0.0003059866974315164,0.00038552105416230295,0.0004525128463172498,0.0009987275014630371,0.0004290098789964389,0.00025547441877922755,0.00036826352122208206,0.003231531321072884,0.0004916047679727569,0.00025098400015679775,0.0003391626842641252,0.00020130397968179118,0.018658855520255608,0.0011283094514414702,0.00022001335235647768,0.0011335633775806956,0.03417750707255193,0.00024441094137728214,0.0009208408716880384,0.0011404279012561375,0.004057298414409161,0.012608659897920906,0.0031215422723379115,0.0015416543480123233,0.01339025244960279,0.00027387376758269966,0.0003006284187594325,0.003953238949179649,0.00032924135066443193,0.0008726990073770806,0.010443503308057558,0.0007788591681275905,0.00024734120473720765,0.0025500254517724125,0.0002856089558918029,0.006948974260126999,0.01686764479733459,0.001758274376419735,0.0011224144031147054,0.03112072129038359,0.07391986349161919,0.0003413172319764196,0.0024268328190778796,0.05201283845842719,0.0004207003013017932,0.00014220265438780189,0.008574230845709283,0.0004866587114520371,0.0006348640968633484,0.0004415356961544603,0.00039322748193773197,0.0009755052368133528,0.07040482518291277,0.02993457163662047,0.0077935922890901566,0.00016914657317101955,0.000812787625199876,0.0007062499377619266,0.001003614331811586,0.0005641988389952453,0.0013118463102728128,0.00033993756623142905,0.001418000417573043,0.00048706856033276175,0.0005053688132068908,0.005096151493489742,0.002462046485269098,0.007238976813194507,0.004697498108282899,0.0007338760493480153,0.0010426524818832703,0.002917304241039365,0.016248922190692926,0.002497610909504314,0.000311449014176026,0.0009724323107793982,0.0763418200035714,0.007062545372356955,0.02687941267272747,0.0018356309750967802,0.0019818741042153787,0.10646216665303057,0.00030075700487941504,0.0003689080262576188
2023-03-27,0.0006544050223502119,0.03967994723038543,0.0004056849744519078,0.0015000769630501018,0.0002874273098580463,0.004485898343896179,0.00044771295382984346,0.0018880824997915397,0.020390841541207124,0.0007125078487366342,0.0035409015958564436,0.0005380658400206119,0.0006976702716201544,0.00030081626027822495,0.002134808572009206,0.012969637183121474,0.00037099469786201924,0.00034292567957579446,0.0005310933039427446,0.0011463622907615244,0.0003881992143941769,0.00018051433085781692,0.0003782451450573553,0.0029614104658756742,0.0005170100821307794,0.00029100713532597235,0.0003344211389739575,0.0001929210964853034,0.018119821499611274,0.001116969243412484,0.000237095007849677,0.0011800436527057495,0.03492197951885823,0.00024457715335302055,0.0008977560506714387,0.0013476037812427647,0.004063115455210209,0.013283691075878548,0.0035945312163157667,0.001572313504026433,0.013718590758406502,0.0002743791264947504,0.00025828295559451067,0.003957380540668964,0.00038808082492979663,0.0009173396303705811,0.011076145170881273,0.0007644050196681921,0.0003024647705539979,0.0021321985969424565,0.00028591827140189707,0.007568494676876275,0.016226285953834477,0.0015356728800657179,0.0011417509917228238,0.032458475762188306,0.07442666477113888,0.00032137010320966577,0.0022238712586774858,0.053041489734244086,0.0004901497677590643,0.0001418748579453677,0.007841526932711358,0.0004876340099144727,0.0006797914806805736,0.00044155053910799325,0.0004123699507312238,0.0010036153979085525,0.07095737875418266,0.02964920183096001,0.00780421681702137,0.00016903098730836064,0.0008125057253953141,0.0007125167443046015,0.0010267695651116429,0.0005833744831343482,0.0013132819440215826,0.000439422343326216,0.0016067372858264539,0.00045053515775203464,0.0004966846887757998,0.005103438626974821,0.002455042311515837,0.007213869239830983,0.005029442482697502,0.0008802755356582839,0.0009427109172043627,0.0031830911413804302,0.016994972972177638,0.0028852715444443768,0.0002450137331080829,0.0008848734429909503,0.07669202474844919,0.0077081218815113,0.02775356362507463,0.0017573375729484169,0.0021264701997083728,0.10793446404127795,0.00030083779711276293,0.0003081069364564856
2023-04-03,0.0007525925484810432,0.04376040981330569,0.0004536134693613776,0.001594537839402804,0.00035542892901292277,0.004534248519668962,0.0005178356778949091,0.0021584266211117325,0.02101348341072572,0.0007233800600092285,0.003295698943597349,0.0005660492212444528,0.0006990679539740086,0.0003011857043020427,0.002138956217095256,0.013494914318195005,0.00035829801837482293,0.0005514562193448914,0.00047866118468091766,0.0011721608404377253,0.0003878506974657891,0.00019496152945653027,0.000394294955278609,0.0030705139838387826,0.0005555921746642137,0.0003753293170555148,0.0003987551150121525,0.000259784137481178,0.01862275929411219,0.0013067136257696756,0.0002234478421847734,0.0011572841499092833,0.03591021836373622,0.00024474336532875896,0.000952803010037579,0.0014208228740714684,0.004068932496011257,0.0131260026427214,0.003498248387073466,0.0016889110574209829,0.014686893921507566,0.0002748844854068011,0.00033601576942685686,0.003961522132158279,0.0003292940075198332,0.0009323626814689922,0.011070999586417453,0.0007749936645998735,0.00035860665646694827,0.0023116547086211876,0.000286227063043043,0.0074879152426648495,0.016835369033833168,0.001658312294621866,0.0010436148633697043,0.03313243476692435,0.07921191006515342,0.0004548093206089969,0.0027119017356335164,0.05565748677435864,0.0004552523918392154,0.0001415470615029335,0.00855088761080886,0.0004886093083769083,0.0007298010009008007,0.0004415653820615262,0.00043959475583403985,0.001119006511286355,0.07363191935939169,0.03200038430870879,0.007814841344952583,0.00016891540144570172,0.0009091041568076016,0.0007133186882055882,0.0009992015458262205,0.0006853476759261279,0.0013147175777703524,0.0004068820471307955,0.0016341743003516283,0.00047609695277416145,0.0005816464469901648,0.0051107257604599,0.0026187417700745987,0.007337767496442049,0.005464907093624473,0.0010733383018192574,0.0009595997166888985,0.0031187273260202407,0.01848918951507106,0.002993862989461143,0.0003523529411049099,0.0010519039355145995,0.07933482539597642,0.007599899133368256,0.02846112189888241,0.0018545751312106556,0.002374326173499477,0.11390744112819963,0.0003009185893461108,0.00038592956598703634
2023-04-10,0.0007582943213997664,0.04340690074179476,0.0003997989470489774,0.00178582473598177,0.000316741729325405,0.004196511309976853,0.0003454580623698336,0.002266231211592236,0.02120531295584348,0.0007956889181666932,0.0034939509836274126,0.0005496325274867602,0.0007004656363278627,0.00030155511922203004,0.002143103862181306,0.014215523736609014,0.00025967982338089197,0.0004962122609423858,0.0005610462748381869,0.0011499879741018312,0.00045806061641453263,0.00026825964541802325,0.00040639016662727314,0.002855690766748734,0.0006149201978281831,0.0003394844992508968,0.00036510199839125015,0.00017765567756359936,0.019704221566553513,0.0013766243979460395,0.00022151785763570905,0.0012401499630458938,0.03687338420352173,0.00024490957730449736,0.0009343637106388122,0.001386192812505694,0.0040747495368123055,0.012048538902209143,0.0033105591560777738,0.0018490432290043924,0.014413810985957377,0.00027538984431885183,0.00030834217332196856,0.0039656637236475945,0.00030366474756201434,0.0009992913787144932,0.01106722824732097,0.0009018334562875462,0.0003564828307486363,0.0022638119663178796,0.0002865353017114103,0.007525098064350941,0.017776465485378347,0.00178439519254302,0.0011577135655465875,0.031718764682600334,0.07658290913281499,0.0004063786036142883,0.0026496784677846217,0.05666727311120197,0.0005214528272033322,0.0001412192650604993,0.00871382078436551,0.0004895845777355134,0.0007279904670812586,0.0004415802250150591,0.0004147854231141784,0.0011088624806875808,0.07721535143984895,0.031396867645047274,0.007825465872883797,0.0001687998155830428,0.0009014925599930854,0.0007495691011166933,0.0009053405133969544,0.0006249497424744643,0.0013161532115191221,0.0004994121581931593,0.0016345488916171512,0.0004958666346425236,0.0006275144294233706,0.005118012893944979,0.002399095151046414,0.0070243993698318515,0.005204610249998671,0.00093433909158603,0.0009426875183865782,0.002940085178459324,0.01764760366601933,0.0028304276061611967,0.00023862835249380924,0.0008313631472453903,0.08398523551040618,0.007631531062300618,0.027329909689920447,0.001991751963504846,0.0025116670062664856,0.11701637465100373,0.0003009993815794587,0.00030513531731464347
2023-04-17,0.0006983177923786766,0.043627922376320336,0.00047002758557960486,0.0016673140422474144,0.0003721035616862254,0.004523688404681048,0.00038079179136389814,0.0021197869058446933,0.021422332930810542,0.0007931936261517516,0.0033956111464096736,0.0005303440095377447,0.0007018633186817169,0.00030192453414201736,0.002147251507267356,0.013080140058594238,0.0002762544648686326,0.0005123467602750473,0.00046757051973476656,0.001029524815675419,0.0003728860831371417,0.00015829697022084633,0.00036859829606903207,0.0026953433643086776,0.0006268713959258167,0.0003183029249384749,0.00032541003695358623,0.0002459729330909376,0.018238527739284086,0.001450304577841343,0.00024063945324827554,0.0010579864119470792,0.036810240155345564,0.00024507578928023577,0.0008870888610158364,0.0012376779207097738,0.004080566577613354,0.012764215538561066,0.0035982140094802007,0.0019143841003693009,0.013712439435870642,0.00027589520323090255,0.0002774860692728885,0.0039698053151369095,0.0003755906936178157,0.0009227046833333414,0.010783495906090127,0.0008767808127414545,0.000328894653226018,0.002097061778664147,0.00028684301651082933,0.007756295880607822,0.01663175175248553,0.0017229407401046027,0.001065167600149172,0.03410911375560637,0.07842056254906943,0.00048347445573036535,0.002740579752784534,0.05632468905990065,0.0004534458344898972,0.00014089146861806512,0.008434349713398437,0.0004905599053017795,0.0006367455689991743,0.00044159506796859205,0.0004711026072981569,0.0010750660295459561,0.0751927980247973,0.030737014107688414,0.00783609040081501,0.00016868422972038388,0.0009821004275427459,0.0006392177405433424,0.000769210369461626,0.0007013764290829914,0.0013175888452678919,0.0004721091738446863,0.0017115378865789662,0.0004288068517728321,0.0005449741090652358,0.0051253000274300575,0.0027474425661152707,0.008361158850910096,0.005244928210890834,0.0008061805577891383,0.0009881683941799669,0.0035815742387324857,0.016818287448010005,0.0029580473414215604,0.00023696903731853768,0.0010142300916480716,0.07984264219978379,0.007857360769260746,0.029245357341873737,0.0020009786907277858,0.002426314922243272,0.11511153827735222,0.0003010801738128066,0.00034282848293579486
2023-04-24,0.0007180435038377545,0.04176415389846956,0.0003716395177528905,0.0017514053781508688,0.00030219166735331166,0.00450417003054771,0.0004485428493789978,0.0022460285096164764,0.020581833233110542,0.0008807899236084096,0.003568987152095962,0.0005977178699586952,0.0007032610010355711,0.00030229397816583514,0.002151399152353406,0.014054670564910835,0.0003215670002982656,0.00039131919102949,0.0004658330371620123,0.0010620463637028223,0.00032155753329186616,0.00021101299796603306,0.00033288293711323174,0.002502440079990758,0.0005470401899332527,0.00031408064045707713,0.0003436369579218493,0.00019204113948624325,0.01922112680149194,0.0015483327048630283,0.00023049559537238209,0.0010539256119874358,0.03564621973735917,0.0002452420012559742,0.0009334746357405997,0.0015404606881776737,0.004086383618414402,0.012072290922776159,0.003792813285690037,0.0017950813725093016,0.014898182767036462,0.0002764005621429533,0.0003021390814340144,0.0039739469066262245,0.00032010455661291736,0.0008396944222772315,0.010168811164516045,0.0008331603215175766,0.0002308407257899853,0.0018880758147811108,0.00028715020744130015,0.007379884544450365,0.017603854070957888,0.0016796415368120637,0.0011236067332283518,0.03267828818895342,0.07513279971691278,0.00036619177731634213,0.0029039670700131254,0.05378376655467406,0.000480264870538824,0.00014056367217563093,0.008492343048995574,0.0004915351746603847,0.0006272312731562007,0.000441609910922125,0.00044521225960878906,0.0010963288857871866,0.07458054205081666,0.030666122702462804,0.007846715860068798,0.00016856864385772496,0.0009282779017220471,0.000626543411513245,0.0008169141927690678,0.0007088010526403679,0.0013190244790166616,0.0004957663582406865,0.0015993226571943855,0.00045859985533479064,0.0004949614924600582,0.005132587160915136,0.00263343158814645,0.007649605397305849,0.005105630301851084,0.0008095458225891178,0.0009833216739507696,0.0031694888713439968,0.01825285872394547,0.0030437770329364475,0.00027753205953478903,0.0008797614497949396,0.07941792750838687,0.007506712780676739,0.027990653384255847,0.0019348663722436178,0.002444845168345927,0.11545255764980705,0.0003011609660461545,0.00027393043957990473
2023-05-01,0.0007245807745487675,0.04359560876213768,0.0003840919944849129,0.001824299197431126,0.0003309558241054252,0.004509410070648247,0.00033981015919939836,0.0023245052651211396,0.020858858879399707,0.0007155196336817777,0.0035229651083360314,0.0005067388662916501,0.0007046586833894253,0.000302663363981992,0.002155546797439456,0.014141408641440081,0.00038193136205814823,0.00041067945335419794,0.00046603702260879476,0.0011071542231378473,0.0003402503108699502,0.00023821985000073616,0.00030651771783352566,0.0026854222155461905,0.0005482629427518323,0.0003136543759384424,0.0003350170063805755,0.0002301410608455131,0.019418580919557712,0.0014001246098270179,0.00022844003462086664,0.0010540505804014794,0.03767730272781007,0.0002454082132317126,0.0010165060000207659,0.0012318041463316486,0.00409220065921545,0.012859353935451278,0.0036340284061278038,0.00199432986987685,0.016069623098837048,0.000276905921055004,0.00027833800439248116,0.0039780884981155396,0.0003134139561968716,0.0009267440099192642,0.01059957061866162,0.0008657663726851024,0.0003037941740327214,0.0020812441055294856,0.00028745687450282276,0.007917580410142637,0.017619770981466224,0.001695819128994953,0.0010823243439589617,0.03281740864798016,0.0798406250283743,0.00044997426200094125,0.002752576105163864,0.05563716721093024,0.0005384815101153643,0.00014023587573319674,0.00883272299873623,0.0004925105022266507,0.000615086350157297,0.0004416247538756579,0.0004528958782444337,0.0012685971100766522,0.0757607646127235,0.03270875077801691,0.007857340388000011,0.00016845305799506605,0.0009538064939935662,0.00067700747720984,0.0008190054198959811,0.0006387254162182998,0.0013204601127654314,0.0004355059514759887,0.0019150186116228258,0.00048164763941887715,0.0005584364131570503,0.005139874294400215,0.0026029267798926476,0.007362825538408536,0.005466383519473717,0.0008416973532722946,0.0009286854126639703,0.003448754119413891,0.019757539106208543,0.0031074193848367915,0.00030285367989008494,0.0010548337940495265,0.08131638076497946,0.007957650095872952,0.02794806166621379,0.0016233218219364428,0.0026308044724897665,0.11516078447153044,0.0003012417582795024,0.00036346891744780554
2023-05-08,0.0007814604836473482,0.04452980738499324,0.000385082440433025,0.0017925090500895305,0.00031267721973482444,0.004728931793228448,0.0004070827465124536,0.002234755230927923,0.021113438429619102,0.0007053911645459638,0.0036249736328114665,0.0005901446372642862,0.0007060563657432795,0.00030303274979814887,0.002159694442525506,0.01385320009996149,0.0003743820614317689,0.0004840380104987894,0.0005223942514198921,0.0010854034530668247,0.00041532811405972685,0.00022062041134661894,0.00036970724259909683,0.002856765467471559,0.0006019844962263974,0.0003877631824522369,0.0004155459661510714,0.0002258770709707081,0.018712962782131876,0.0020451673572502494,0.00023549977265872947,0.001238498604844305,0.03719357276267043,0.000245574425207451,0.00096615096893341,0.0014187635580755317,0.0040980177000164986,0.012921861490180805,0.0036815235710207137,0.0020647061921922603,0.016809744514079603,0.0002774112799670547,0.0002945397360810323,0.003982230089604855,0.000403142213537361,0.0010198731263295158,0.011400704098210888,0.000818922057120424,0.0003430440957098375,0.002253581640191905,0.00028776301769539714,0.008295165487227993,0.017350873217744093,0.001784324409469512,0.0010099279342009311,0.03442202430840594,0.07917740924451763,0.0004783839216066849,0.002743280607656061,0.05783484463198457,0.0006879504233033027,0.00013990807929076254,0.008394585655610637,0.0004934857715852559,0.0006826109034058808,0.00044163959682919085,0.0005334764111189573,0.0011358513187970393,0.07605838016184854,0.03400655273258295,0.007867964915931225,0.00016833747213240713,0.0009315427775492054,0.0007572435899210018,0.0008711530098014452,0.0008905544549966547,0.0013218957465142012,0.0005152388012057615,0.0018559631024255556,0.0004716203569253611,0.0005936032230220048,0.005147161427885294,0.002873936255442848,0.007802036423245523,0.005832720153983165,0.0007427593604646104,0.0009835774671866449,0.003515508181875752,0.020383592070156126,0.003196743742361721,0.00023080887469554062,0.0010264051344045884,0.08247586314153814,0.008396040977158906,0.029482245385764775,0.0018153299240928815,0.002489200426625599,0.1183704859970819,0.0003013225505128503,0.00042913681719872323
2023-05-15,0.0007735768584642949,0.04410035251905463,0.0004328447779770068,0.0016637370875964615,0.0003534859962372286,0.004616817554991143,0.0004575356711636535,0.0021509466854075818,0.021595934365804006,0.0007657693475944498,0.0037493665510170077,0.0006743046010129724,0.0007074540480971336,0.0003034020774066448,0.002163842087611556,0.013584841265059374,0.00030613209828276683,0.0002687724573323756,0.0005009388959092441,0.000983886006246755,0.0004185687040336992,0.00021666364213011316,0.00036403796451165284,0.0027724849111142977,0.0006071096859742315,0.0003382704261739379,0.00034385132982260044,0.00024943285792971084,0.01891957685242886,0.0012276363504933779,0.00020207744119852327,0.0010838897743340162,0.037346187710443714,0.0002457406371831894,0.0007588156362745023,0.0014487492161260806,0.004103834740817547,0.013824372524113207,0.0038139863570223298,0.0019313214458662267,0.01709089611568211,0.00027791663887910545,0.00029340994666583183,0.00398637168109417,0.0003255933480548271,0.001038247738729872,0.01052737590933712,0.000812358616427626,0.0003887652924687137,0.0020863356841147505,0.00028806860791519284,0.007972055919683077,0.0169239460705734,0.001592827592337692,0.000979418688533059,0.034728358927179716,0.07797686958466728,0.0004538448530398637,0.0026448075190629995,0.0568456171840212,0.0005126461796698,0.00013958028284832835,0.008273081436683549,0.0004944610991515219,0.0007719266320565179,0.0004416544397827238,0.0004159805974553742,0.0012405680328109717,0.07445694158218044,0.03416069832803076,0.007878589443862438,0.0001682218862697482,0.0010628696666306094,0.000671706136286837,0.000899934692731239,0.0007478839769823155,0.001323331380262971,0.0004228740713687515,0.001835685659243682,0.0005295563199196484,0.0006312670251641493,0.005154448561370373,0.002600195856501236,0.0074576099695606276,0.005490875156988409,0.0008889778493022233,0.0008834719176783182,0.00351868769364286,0.021043448808798545,0.003509484531241244,0.00034508922336701664,0.001088846469547076,0.08220650272962254,0.008084556077359015,0.029634398302769323,0.0017930419291163748,0.0024369442299121548,0.11606330702781772,0.0003014033427461982,0.00037246467706510426
2023-05-22,0.0007828118784081012,0.043281668476320305,0.00040446991014410203,0.001724368652856628,0.00029439121048482984,0.004891568795042792,0.0004214995312539012,0.0023092500739615453,0.021762845424273206,0.0008127741878110702,0.003689846701057609,0.0006488715497571046,0.0007088517304509878,0.0003037713759113103,0.002167989732697606,0.013988548806331545,0.0003149629146222641,0.0005447721942819844,0.00045007026479046837,0.0012499477089640137,0.0003778909858332648,0.0003073098837145762,0.0003517340925913826,0.0028240492249049687,0.0005998141849653661,0.0004300344514552165,0.00032010879774154057,0.00019909595988761405,0.019399016502759735,0.0014747249080744047,0.0002349676695330759,0.0010740940950268972,0.03802175081265011,0.0002459068491589278,0.0009663481356984049,0.0013765048625582624,0.004109651781618595,0.013073229100088657,0.0036264026001037375,0.002019687447738201,0.016091115345864798,0.00027842199779115617,0.0003649300616029078,0.003990513272583485,0.0003469236721500221,0.0010588644435248968,0.010742248104550937,0.0008119966549169556,0.0003901277369686777,0.0022463687609335357,0.0002883737033698708,0.007641177144677095,0.017675463124421736,0.0015705118261478748,0.000985536533179235,0.03418798361330263,0.07723765040564363,0.000550975717019551,0.002722645318193268,0.05663490507839464,0.0005895165174729244,0.00013925248640589416,0.008638891562438016,0.000495436426717788,0.0005867995743110727,0.0004416692827362567,0.0004198096353430506,0.001285879927829356,0.07541104434434052,0.03252061528146778,0.007889213971793652,0.0001681063004070893,0.0008986725191046036,0.0008166339796856343,0.0008983654655569395,0.0007297001150529336,0.0013247670140117407,0.0005732502896764259,0.001909352431256242,0.00046950635617302056,0.000585586171013569,0.005161735694855452,0.0028882319782569414,0.00781185594395692,0.005614943199891214,0.0010622195290024745,0.0009845511844118991,0.0034798403423133575,0.019587033436330493,0.003284433054689948,0.0002886258069341561,0.0011022726474805872,0.08298031726486081,0.007717619258619077,0.029290367669918917,0.0018762559492613397,0.0025188234932812443,0.11874442179365803,0.00030148413497954607,0.00032962030790044085
2023-05-29,0.0008400199119495378,0.04535127004407394,0.0003843738708882978,0.0018648736812282049,0.0002975754698515501,0.005125807969744934,0.00043083384973724914,0.002394847487571629,0.022751554826805995,0.0007804569424791521,0.004149129079995013,0.000590426805138771,0.000710249412804842,0.00030414064531214535,0.002172137377783656,0.012961411715556597,0.000326947705648222,0.0004404770923052128,0.0004389794601999717,0.001246705753568475,0.0004740985261722628,0.00023130163063462061,0.00034359226514110556,0.0034840679334461485,0.00048360526702586053,0.00041703716168487907,0.0003831152584098132,0.00036176077509771917,0.01758371479804674,0.0010701208450747085,0.00023879661540730795,0.0012899580445693178,0.03784955073748718,0.0002460730611346662,0.001007671996138392,0.0012724115965835176,0.004115468822419643,0.014215141866342212,0.003982112363826423,0.0021246889583059194,0.01584604130114544,0.0002789273567032069,0.00038393641893783416,0.0039946548640728,0.00034983313470754077,0.0006808187133173647,0.01087056555978322,0.0008488708564553562,0.0004117144684906805,0.002684324958349489,0.0002886782749556005,0.007994159404812413,0.016090121467396745,0.0014565795297273414,0.0010691720317176827,0.036682898779389635,0.08211652576430865,0.0004266950802841313,0.0026895878905121755,0.057981872003729375,0.000693474171780992,0.00013892468996345997,0.00841658120365374,0.000496411754284054,0.000593105175265154,0.00044168412568978965,0.00034770437582902063,0.0013513555410369293,0.07698916982196446,0.034500151031176984,0.007899838499724865,0.00016799071454443038,0.0010348376227728845,0.0008635723703447891,0.0010939839221661212,0.0006086247927148625,0.0013262026477605104,0.00044406177297662795,0.0018999483983342543,0.00040230830062348383,0.0006003580547544988,0.00516902282834053,0.002829027735026548,0.008540475835327204,0.0056482695601262935,0.0010504731103583968,0.0010004703024724484,0.0036637251394163943,0.01948506709960305,0.00376898323612342,0.0002853878706270702,0.0009669044823573654,0.08104120735503217,0.008000428531778257,0.031206165285816028,0.002020753767763772,0.002690171575576888,0.11751679871578558,0.00030156492721289396,0.0003271961520920444
2023-06-05,0.0006889409159061408,0.0438018203189637,0.0003744212649595187,0.0016135221652490584,0.00026338606740726044,0.004569025814977172,0.0004253268487042961,0.002130272783074011,0.022151825140385693,0.0007951105084350892,0.003958165606383064,0.0007095047210156611,0.0007116470951586962,0.0003045098565053195,0.002176285022869706,0.013561538402953495,0.0002322760264147332,0.0005017900691223279,0.0006096630851273479,0.0012682822617750842,0.000380439663012913,0.00022197785140549967,0.0004115798174081778,0.0025793591968910324,0.0005071363535714592,0.0003714527922874277,0.0003703962283623026,0.00016021370486091788,0.01875814901810699,0.0012191983222599382,0.00022621256644350787,0.0011279578337952247,0.036682497940831144,0.0002462392731104046,0.0008549295702013084,0.001574465985941176,0.004121285863220692,0.013540520194199393,0.003988023811874101,0.0019762534287611753,0.015646515331190054,0.0002794327156152576,0.000336257641986643,0.003998796455562115,0.0004200422145634917,0.0008235629819292971,0.009959589206496968,0.0007720219693391344,0.0003437678323372265,0.0019725128966950173,0.000288982322672382,0.007733521172284764,0.017167326940196428,0.0016200230204288315,0.0010734800468870885,0.03432019388860248,0.07792956815328571,0.00041255524803963337,0.0025412402867393087,0.05513736733362301,0.0005971700778057863,0.00013859689352102578,0.008416340382785688,0.0004973870818503201,0.0006585281301141358,0.0004416989686433226,0.0003866135510922167,0.0012519030238102365,0.07438527875780232,0.032497262593760894,0.007910463027656078,0.00016787512868177146,0.0011016046308051446,0.0007761676675104054,0.0008062580393431919,0.0006282185313071059,0.0013276382815092802,0.00048687799338701477,0.0018439981830832705,0.0004330502447536115,0.0005573901033667912,0.005176309961825609,0.002927728654563255,0.007768451186432592,0.005808822370505595,0.0008758670567749953,0.0009669841958154755,0.003333340985305984,0.019305430197015503,0.003137528369730634,0.0002812949463275852,0.001042739608738015,0.08134096909266093,0.007745807359603985,0.02931249234608837,0.0017506488924640751,0.0024061582373709586,0.11729110310210818,0.00030164571944624186,0.0003852942821688194
2023-06-12,0.0008019577223413448,0.04502049453666018,0.00044668577540657114,0.0016527314862389035,0.00035094040104129403,0.004722561214065765,0.00040372199268457707,0.002114127712664865,0.021887898531908853,0.0008107709699429016,0.0035473218954181203,0.0004942538259136301,0.0007130447775125504,0.0003048790094908327,0.002180432667955756,0.012857943501758604,0.0003560839939284461,0.0004456318046920233,0.0005000459466246646,0.0011466748149325657,0.0004899310625310598,0.00021612803340056733,0.0003280048015539324,0.0030305288301537923,0.0006064665627817508,0.00036506355836696605,0.00031134831154002726,0.00019921896156948555,0.01792181164606182,0.0009647910705668491,0.00018946828557241113,0.0009743052052242536,0.0348933794069144,0.000246405485086143,0.0008844223788046026,0.0013487471719958633,0.00412710290402174,0.013630139866088775,0.0035832354253276027,0.0021304458325856696,0.014987680743617105,0.00027993807452730834,0.00025983640197440195,0.00400293804705143,0.0002726602867978331,0.0008352228462189098,0.009986277452111716,0.000782772877547859,0.000300134855276777,0.0024512221740528284,0.0002892858465202153,0.007111998976863253,0.0159683544871914,0.001589288441570613,0.0011695540542507397,0.0356826621791711,0.07738515718731248,0.0005130103311208779,0.002627170663921473,0.055010188838879655,0.0006337080987969864,0.00013826909707859159,0.008422900607078421,0.0004983624094165862,0.0005937762772730169,0.0004417138115968555,0.0003256172698879583,0.0010530481648079095,0.07330411665316926,0.032852323726521686,0.007921087555587292,0.00016775954281911254,0.0009525105012545705,0.0006836112702500888,0.000980737762032579,0.0005554313567548379,0.00132907391525805,0.0004622915645229252,0.0019638835376285598,0.0003512923869019971,0.0005550773976245062,0.005183597095310688,0.0027280123663822784,0.007862883107174255,0.005636506832888227,0.000913969108895382,0.0010389350875502116,0.0033368565690248203,0.01839216247237306,0.0032407254141943505,0.0002699070724093251,0.0009090481149991291,0.08026359679064181,0.007200587647077548,0.03045216100841172,0.0018294601895918318,0.002399451878978402,0.1157894011454492,0.00030172651167958975,0.00032857489667167895
2023-06-19,0.000798723044534008,0.0406339278863307,0.00039801180582044,0.0017377929304040313,0.0002983635682731971,0.004436960959170947,0.0004048050390800734,0.0022263898989007894,0.020813957351506783,0.0008018894142278169,0.0037818907793630034,0.0006035909475512139,0.0007144424598664045,0.0003052480751648545,0.0021845803130418062,0.012814891164660275,0.00022550548152133564,0.0004618605196599813,0.0004964175210036599,0.0010643074405757213,0.0004223909687860103,0.00017755705022063663,0.00027319826846665906,0.002605741160935105,0.0005232043871469478,0.0003299477974168043,0.0003298977719882647,0.000304787306247727,0.017901874399825164,0.0008388126853408009,0.00023068046846362662,0.0010062425054596512,0.03528018734604327,0.0002465716970618814,0.0008797343551823811,0.0012463216337287965,0.004132919944822788,0.013003568226928858,0.003466744004906026,0.0018909377456631437,0.01531344277961625,0.00028044343343935907,0.0002563972531925121,0.004007079638540745,0.00037327674124738554,0.0007930125607523292,0.009808625516803697,0.0008019429900403016,0.00021841754548027634,0.0019864031735831386,0.00028958890470676124,0.006723428904845534,0.016343441077960697,0.0015348573673194658,0.0011794834271805993,0.03341132105091491,0.0721445640619644,0.0004695330676374837,0.0026083889658945958,0.053483023793828646,0.0005924903208149748,0.0001379413006361574,0.00844321122599765,0.0004993377369828522,0.0006706826857659474,0.00044172865455038846,0.0002977358608140733,0.001089308067812247,0.07102006266803512,0.03223709687461799,0.007931712083518505,0.00016764395695645362,0.0009501521258804021,0.0005778774143449059,0.0007713082128453622,0.0005228997654960117,0.0013305095490068197,0.00045411110280663423,0.0018511405283930197,0.0003895227462298763,0.0004913998004066533,0.005190884228795767,0.002745208609618391,0.007201880003361744,0.005267274591840352,0.0007448109526427758,0.0009191472531613315,0.0029626380680613787,0.01859381917940792,0.003042582193987176,0.00030636081365370077,0.000910535717474364,0.07893766833478638,0.006775791364563988,0.028561036198709245,0.001889630705989594,0.0024927959267424093,0.11461985639158388,0.00030180730391293764,0.00037467263694629084
2023-06-26,0.0008439055507965734,0.043236567691356816,0.00038725784111220073,0.0018309127739555503,0.00031134468361809444,0.004274083217615717,0.00035941113151688545,0.0024190990815455915,0.020862772550660835,0.0007499959048644127,0.0033358535364119693,0.0005719756205347291,0.0007158401422202587,0.0003056171117350459,0.0021887279581278563,0.013941961446927765,0.000219602898802569,0.0003970551658685792,0.00042557658586768547,0.0012105510344491107,0.00041720954915233264,0.0002094934775886567,0.00036081509246173185,0.0031263398867739886,0.0006399092459477442,0.0003251598107047625,0.00039764205390727255,0.0002806713169546358,0.01879701702522401,0.0007736510607006278,0.00021976730323066616,0.0011097989159724513,0.037082423627082646,0.00024673790903761983,0.0008564344200826835,0.0014584451706412282,0.0041387369856238365,0.01303927375813708,0.0038237849840169515,0.0018180759439723904,0.016535792147373246,0.0002809487923514098,0.0003007831161544455,0.00401122123003006,0.0004086208837289821,0.0006762316168444314,0.011319144089944935,0.0007937558868200661,0.00040111226709458247,0.0023448161763344024,0.00028989140992052853,0.007389352433477381,0.016902939539777496,0.0016988957023774832,0.0011180706235733606,0.03188441247800566,0.07205946074701512,0.0003789474661638169,0.0025011031072474993,0.0606882780303288,0.0007218109639255341,0.0001376135041937232,0.008967137797681667,0.0005003130645491183,0.0005597963366643397,0.0004417434975039214,0.0003541356415170656,0.001475510705689265,0.07641214415516091,0.034152439845180224,0.007942336611449718,0.0001675283710937947,0.0008891521641162709,0.0007224709298000477,0.0008156688773105353,0.0005031632752622721,0.0013319451827555895,0.00041116947121333904,0.002073999288450936,0.00036805624380084915,0.0006455994837878023,0.005198171362280846,0.0024418320595942177,0.007499566745532651,0.005481217053890883,0.0008444153058247526,0.001077578939577687,0.0032700348689226263,0.020134678829757315,0.00332831077297166,0.0002081741374638084,0.0012587198019883318,0.0826085180217805,0.007459614040539421,0.027091628817306434,0.0018003793125514831,0.002759094046842006,0.12217465967186386,0.00030188809614628553,0.00035793280520640653
2023-07-03,0.0009013486126608053,0.04100234909935132,0.00035381707412505704,0.0016023367450008178,0.00025085720965592364,0.004429606187416939,0.00041119571359824337,0.0020479961694574345,0.02196794968982806,0.0007617244918333163,0.004005056731278311,0.0006419770399365504,0.0007172378245741129,0.0003059860609937459,0.0021928756032139063,0.012953721201488697,0.0002436490063824192,0.0004998504635672264,0.0004508552949726968,0.0010175810913623567,0.00046252967608508515,0.000271155162707509,0.0004145191062681389,0.0030614280096806132,0.0004942922989870364,0.0003304893833289751,0.0003587139964882696,0.0002659486866614964,0.017925092063409285,0.000932816811664989,0.0003007057895509914,0.0011770823386644037,0.03557653904532987,0.00024690412101335824,0.0008640615892776934,0.0013787513518930222,0.004144554026424885,0.01366079766260999,0.003370838304596357,0.0017944067131658336,0.016109652016823343,0.0002814541512634605,0.0003315900628229836,0.004015362821519375,0.0004026196299234194,0.0006418796617794286,0.00961280211747747,0.0008732224780702393,0.00024013935966531129,0.00250313747800191,0.0002901933912653476,0.006580815965893972,0.016335538279114964,0.0015374365473966292,0.001016137088088339,0.03392173548602822,0.0730076082319571,0.0004664127470270092,0.002693761138870503,0.052131839959158856,0.000564620952576954,0.000137285707751289,0.008128163565054431,0.0005012883921153843,0.0005368549332042538,0.0004417583404574543,0.0002927347466295532,0.001355051257671088,0.07207969272629751,0.033898079726873274,0.007952961139380932,0.00016741278523113579,0.0010067388099758204,0.0006533282441609069,0.0008458668613202896,0.000497281936826182,0.0013333808165043592,0.00037717100742836433,0.0017631546660906267,0.0004297708213481845,0.0004567454620148069,0.0052054584957659245,0.002832217638464897,0.007783346498917915,0.00533893236846351,0.0007176185757241005,0.00102352650910191,0.0031308219241354134,0.01951877358698365,0.0032522262629461817,0.00030848380585557364,0.0010154576799153423,0.08000016339702783,0.006678384034440966,0.02888785808416222,0.002037404641284026,0.002270025844809993,0.11750038635675357,0.0003019688883796334,0.00035074473297862794
2023-07-10,0.0007774154001497161,0.03974455094572116,0.0004301152108326628,0.0014361323948913966,0.00032938963258609757,0.004559099206892652,0.0004152201549755983,0.0018131382333455215,0.020900686048775277,0.0005754050324362568,0.0035239142371647665,0.0006384430477432627,0.0007186355069279671,0.000306354952044785,0.0021970232482999563,0.01358930424450245,0.00027390390318821555,0.00046358156586362003,0.00041648459198339666,0.001150020901316873,0.00042066256226059966,0.00019483289232842397,0.00043480339611377046,0.0029585077622195886,0.0004896832883333969,0.00031069111873662045,0.0003231360131902424,0.0001873092062464798,0.018690031523164945,0.0007632021402065477,0.00019828570380696654,0.0010808619870468312,0.03268778301048867,0.00024707033298909664,0.0007960158515498824,0.0013426698813614163,0.004150371067225933,0.012501557778674422,0.0034261533964582177,0.0017235423991136115,0.01447346621738876,0.00028195951017551124,0.0002935446074570186,0.00401950441300869,0.0003144553013942808,0.0006849666902185681,0.009392022942038985,0.0008365878291474627,0.0002654651979595547,0.002217127095844673,0.00029049490694887936,0.006394071651288273,0.01674598088280924,0.0011839367390656629,0.0010242693912721013,0.03238854946246723,0.06960650433707122,0.00041070420303937006,0.002582643015678585,0.04844566145207363,0.0004910691973423593,0.00013695791130885482,0.007442488980389569,0.0005022637196816504,0.0006744586167156006,0.00044177318341098726,0.00033218900290964533,0.0010361048435941044,0.06752312300678838,0.03117620932935455,0.007963585667312145,0.00016729719936847687,0.0009666527525572192,0.0006322954658778963,0.0008991636379530258,0.00049085356467931,0.001334816450253129,0.0004325206211764413,0.001651141183677239,0.00041276366867424295,0.00043979952900479623,0.005212745629251003,0.0027407489272547043,0.007240227467504901,0.005224382698412802,0.0007718562261993775,0.001015301722839467,0.003047386204765585,0.018184692038294134,0.003219139509027683,0.00020882144383192947,0.0008452455939337778,0.07694028360039105,0.006451896322994999,0.02786244042125462,0.0016186411354798828,0.0020488791313153054,0.10931668983071981,0.0003020496806129813,0.0003219799982083446
2023-07-17,0.0008227531493553084,0.04047097926725159,0.0003428298072280988,0.0014691278870501497,0.00028281787049900804,0.004322512854512009,0.0003515022148250253,0.001828189070842601,0.02004153480436172,0.0007560065265780518,0.0034726993227875095,0.0005663344165204246,0.0007200331892818213,0.00030672375578433275,0.0022011708933860064,0.012897412242469677,0.00030361409758389,0.000422080564800997,0.0005029939368556928,0.0010866302485320449,0.00046084704079815166,0.00022145586398329174,0.00040919783624843544,0.002825438026689358,0.0005970872138000593,0.00039696024809768077,0.00038879480128588777,0.00020793269661514225,0.017822312885095375,0.0009602336417567655,0.0001837168665612875,0.0009091181110443,0.03371566207729605,0.00024723654496483505,0.0008025203740446616,0.0013967590495092953,0.004156188108026981,0.013113018784186156,0.0033456602300078035,0.0017493035408117875,0.015870361231324532,0.00028246486908756196,0.00023781126622444355,0.004023646004498005,0.0003924857111980527,0.0007892086853551641,0.009249494157844122,0.0007649852911840748,0.00013915742019406706,0.00204823816899347,0.0002907958987634629,0.006543901453542132,0.016339367629033836,0.0015708494483514994,0.0009291859401345486,0.03355963599544679,0.07137939705720257,0.0004422754230508727,0.002499092805832624,0.05040450035734075,0.0004663185874466459,0.00013663011486642063,0.008167554055019273,0.0005032390472479165,0.0006079691749505429,0.0004417880263645202,0.00028734340514230915,0.0008827302599874468,0.06897556880139138,0.0323467143238437,0.007974210195243359,0.00016718161350581795,0.0009378320845781483,0.0006731639810759261,0.0008367085283016539,0.0004884429048737226,0.0013362520840018988,0.0005417968368041843,0.001450438017439707,0.0003442328406128539,0.00032687854519461017,0.005220032762736082,0.0025710621301791945,0.008356857590505857,0.005290239884823088,0.0009639290068308218,0.0009338152076974205,0.0030568731214183275,0.019493892814366847,0.0033368513654517423,0.0002502921780040946,0.0008672298050384455,0.07918119977041413,0.00660374030779454,0.02895524757429111,0.0019317904923568685,0.0020398394271342124,0.11301668987745313,0.0003021304728463292,0.0002695793930645765
2023-07-24,0.000758966246247759,0.040494335435151914,0.0004219055536007737,0.001547955204182378,0.0003426486940170057,0.00436459316067341,0.0003077264833135133,0.0020296121174742357,0.02134177626010816,0.0007527074350363644,0.0033028164147303626,0.0004548198266745355,0.0007214308716356754,0.0003070924722123891,0.0022053185384720564,0.013088948792545442,0.0002762074008341107,0.0003342154289167629,0.000420084752424837,0.0010860367554676883,0.00040865581175182804,0.0002474348673421439,0.00036435527504951524,0.0025889843673577084,0.0005424397705979839,0.00027927208368356345,0.00039001700866145923,0.0002622016279630445,0.01830835267753902,0.001254713988947104,0.00022275708090363432,0.000987119826688304,0.033401385147572724,0.00024740275694057345,0.0007864962828734691,0.0013567218133602658,0.00416200514882803,0.012986166859514375,0.003407329869504675,0.001741408183957198,0.01735081884865927,0.0002829702279996127,0.00022827761457109802,0.00402778759598732,0.0003801027408153142,0.0007262758711425706,0.00945882330592503,0.0009354798940985347,0.00024624663295541056,0.0020487616029561174,0.0002910963958129287,0.006529716777704657,0.016337532189881328,0.001543328556308384,0.0010777209218229874,0.03272791908926468,0.07191978440462489,0.0004102428301740281,0.00241914295940397,0.053442158623370886,0.0005377956756534621,0.00013630231842398643,0.008935089952895226,0.0005042143748141825,0.0006075355285728299,0.0004418028693180531,0.00032119338628008924,0.0010867282489131626,0.07130698133790074,0.034257687878094606,0.007984834723174572,0.00016706602764315903,0.0008759770990269571,0.0006146516191458129,0.0010242477081600517,0.0006913072703751026,0.0013376877177506685,0.00041699013673020437,0.0016535619246138256,0.0003932965994655938,0.00045405499361090445,0.005227319896221161,0.0024109596343024186,0.007841746718124295,0.005359827464374389,0.0008111493584832913,0.0008724687425581978,0.002978634257942912,0.021380270729354774,0.003263567073358662,0.00031037312110910936,0.0008213209589359442,0.08072074265277629,0.006621592190631961,0.028031997615701465,0.0018924379688338466,0.0022427531381906817,0.11718767204184581,0.0003022112650796771,0.00031389740042777464
2023-07-31,0.0007702661172757584,0.043822989817483914,0.00040539124925609093,0.001676206512536063,0.00032278091775074416,0.004619012703345759,0.00035501148418732047,0.002085878083088186,0.022239414279840837,0.0008094824760134811,0.003642797943483344,0.0006752188043799229,0.0007228285539895296,0.00030746107222512364,0.0022094661835581064,0.014476702716280928,0.00020490539450214722,0.0004976986735135788,0.0004478550349855705,0.0012679316016161583,0.0003965658223677041,0.00027391427213270796,0.0003179766941945971,0.003285933966885771,0.0006064452140486683,0.0002778701956768444,0.0003725926275233581,0.000236159360130789,0.020242193288960236,0.0012736172497991925,0.000264116847192524,0.0011680183630591449,0.03678347167651484,0.00024756896891631186,0.0009668307715367894,0.001600596115776237,0.004167822189629078,0.013854826426264684,0.003826348576057605,0.0019543097186481766,0.016735680150828776,0.0002834755869116634,0.0002551313897593455,0.004031929187476635,0.00040373393754370996,0.0008865525363280974,0.010877379924128601,0.000745478329751247,0.0003324966526097214,0.002641414862772857,0.0002913963980972767,0.007361030595020928,0.01816407008252809,0.0016838705318942915,0.0010663280397222347,0.03566244931316777,0.07656382001279922,0.0003761057925128083,0.0023951798637128915,0.05593911791983705,0.0005083644501266808,0.00013597452198155224,0.00955637451931993,0.0005051897023804486,0.0005232509813671675,0.00044181771227158606,0.00043187259969974394,0.0012709624790643837,0.07344484423256074,0.03772119339280723,0.007995459251105785,0.00016695044178050011,0.000977964397033839,0.0007040556538094013,0.0010144792523180462,0.0006656972069364548,0.0013391233514994383,0.0004887784187179227,0.0019003288047369441,0.0005136732175321274,0.0005257556982347818,0.00523460702970624,0.002931429436565843,0.008045825508571995,0.005749863597549943,0.000974958519448121,0.0011489739736053439,0.0036621208522947773,0.02078590467193502,0.0036012157930427452,0.0002863969005477466,0.0009020380947518654,0.08580010095499066,0.007431629091414293,0.03026624984684905,0.0017873798325929613,0.0024293497155574526,0.12263197107945972,0.000302292057313025,0.00038131746053457076
2023-08-07,0.0009268795691099175,0.04606888163438707,0.000397729136897804,0.0018017257128515574,0.0003006732566287754,0.0051030145953318475,0.000465045400671844,0.0022307269956729015,0.022627060645712554,0.0009619308709866361,0.003881676602394947,0.0006493711857409704,0.0007242262363433838,0.00030782961403019726,0.0022136138286441565,0.014193327443655151,0.0003467718729023748,0.0005251829551616426,0.000540376460922705,0.001417143237384262,0.0005452185557345998,0.0002256903735826424,0.0003403605096383167,0.0038291521392229662,0.0006031505164088993,0.0003482804845169612,0.00040184278134061864,0.0002657112563940661,0.019675009627525077,0.0016199507720935083,0.00020976623739550848,0.0011910539936378199,0.039051374835505484,0.00024773518089205027,0.0009387172103303956,0.0016407204794628783,0.004173639230430126,0.015040887262224079,0.0041825282685155184,0.001998661204665411,0.02007817876072518,0.00028398094582371414,0.0002904002029585958,0.00403607077896595,0.00039696078382357454,0.0008820031121751033,0.011809107378173303,0.0007057976765332308,0.0003257899845868404,0.003010048358861056,0.0002916958765126765,0.008365953653378305,0.01799776144847444,0.0016359887664490966,0.0011726924281122645,0.037070642102631404,0.08196788893932679,0.00045665366592172635,0.0030655374403870312,0.05853670815209213,0.0006934631319360957,0.00013564672553911805,0.00991197217462013,0.0005061650299467146,0.0005496555957925734,0.000441832555225119,0.000418412862779651,0.0013109224174058188,0.07870101238892428,0.039323643217199104,0.008006083779036999,0.0001668348559178412,0.0009379282904462124,0.0006857178596989075,0.0009908213626312527,0.0007495181664309165,0.001340558985248208,0.0005035202944060876,0.0019002978790101297,0.00042094523316719084,0.0006603268587966691,0.0052418941631913185,0.002857714144521814,0.00904326057271472,0.0060136245626747084,0.0011052077162430256,0.0012898555902740286,0.0037036783300349167,0.02453033639789633,0.004317206036753336,0.00033538257624220197,0.000975632637461637,0.08984353195185239,0.00850480041861321,0.0319069001986371,0.0019664605814836596,0.0025739497419576566,0.13122393062617138,0.0003023728495463729,0.000499839025804691
2023-08-14,0.0008576066919453497,0.04695959977007437,0.000433254854069652,0.0017144245753872866,0.0003480472449053233,0.004786198109253968,0.0004192829874433288,0.0021684671484451744,0.02319938197447591,0.0010497802213716837,0.004006331944682916,0.0007309858301338435,0.000725623918697238,0.0003081980103161186,0.0022177614737302065,0.014768910560813175,0.00033429463659427703,0.0006236859171414133,0.00038863667591882345,0.0012376914879993733,0.00048034813277130834,0.0002569128068492672,0.00039081697323456774,0.003893496809039618,0.000532183556858006,0.0004480196513417285,0.000409301043933198,0.00021621801880800833,0.02016941025187942,0.0019454057482110718,0.0002287404709140461,0.0013425260541684969,0.04006794164699004,0.00024790139286778867,0.0009644135178618737,0.0016029305731889401,0.0041794562712311745,0.01526753327552533,0.0044583819743949605,0.0020061879151240416,0.02065201882908046,0.00028448630473576486,0.00031760539898278306,0.004040212370455265,0.0004569650836875789,0.000810026329776986,0.011745291920993247,0.0009872630478032943,0.0003872189578382476,0.0030282251188804075,0.00029199488926678896,0.008699863255583687,0.018291434351171393,0.001671837015455759,0.0012108294948509745,0.03723759039098329,0.08166855189916697,0.00043514715500261023,0.003085776540207954,0.060986568827420845,0.0005244476455175484,0.00013531892909668386,0.010474602147679028,0.0005071403575129807,0.0006841462275444546,0.00044184739817865193,0.0004414740206469129,0.0012985558501829282,0.08077284167815678,0.03977223590222537,0.008016708306968212,0.00016671927005518228,0.0011011744964069736,0.0007123440722560833,0.0012433839412055534,0.0009201818195110758,0.0013419946189969778,0.0004837852345391538,0.0019329925497986932,0.0004493461720189852,0.0006228837878139243,0.005249181296676397,0.0027952631049105647,0.009124822275270228,0.006282086907726483,0.0009060293616430426,0.0010970886806031558,0.004127442845593115,0.02536090146238323,0.00415552187292052,0.00029548971148662186,0.0009171731631965645,0.0981095803331178,0.008801610956263823,0.03171213320427822,0.002370031071587415,0.00244614766223514,0.14059756036265983,0.0003024536417797208,0.0003253207648715101
2023-08-21,0.0008577775847078307,0.04565772366856254,0.00039950792130279486,0.0015985112353262294,0.00031314618527069504,0.004807481865348229,0.00039944391792747977,0.002050830139544719,0.022728556756645545,0.0008665041709417795,0.0038460295598116883,0.0005928481121352685,0.0007270216010510921,0.000308566348394379,0.0022219091188162565,0.014697101485981962,0.00024506725506278737,0.000682019473260862,0.0005289825463837094,0.0012493430543789278,0.000509862493199278,0.0002375868977052315,0.0003994005979335611,0.003840733635459824,0.0005600217421660253,0.00036857307697914547,0.00041883626347294194,0.00023068847817042708,0.020294052105279646,0.0019276684255492497,0.00024857369222706243,0.0012628851379816487,0.03825905374942281,0.0002480676048435271,0.0008735672192714581,0.0014813204726589683,0.004185273312032223,0.01489350901988795,0.004529762976477084,0.0020956616298583508,0.01959347206678547,0.0002849916636478156,0.00024704231391613673,0.00404435396194458,0.0003549413832274626,0.001013523845541168,0.011762598314621528,0.0008606684524941499,0.0004297762662739983,0.0029250396677162377,0.0002922934072557837,0.008827544122372464,0.018645290206371585,0.0016557688994326043,0.0011379659450579671,0.03652592695021944,0.07867583032673117,0.0004359017746706714,0.003398411034916474,0.06076695685912184,0.00047575090199801284,0.00013499113265424967,0.010505834213740168,0.0005081156850792468,0.0006291553781332685,0.00044186224113218486,0.0005063741693221268,0.0011313555819481408,0.07938010370931262,0.03906060420215991,0.008027332834899426,0.00016660368419252336,0.0010417909755267825,0.0006162739967045644,0.0010697441355848273,0.000837826044376915,0.0013434302527457476,0.00038181000679217214,0.0018358605400562976,0.0004568314228591944,0.0007666828187054699,0.005256468430161476,0.0028312421887411,0.009811926400728125,0.0065436968418442765,0.000954371683863769,0.001235775223151056,0.004177256245343943,0.024354178480747876,0.003856489215602263,0.0002624898144948814,0.0009223697085147163,0.09325061603717,0.008997941180716939,0.031215258983121344,0.0019865952996822368,0.002361555171755051,0.13793407046981265,0.0003025344340130687,0.00042271404550690215
2023-08-28,0.0007002896677569523,0.045628551942554274,0.0004186910818894905,0.0018905288703975043,0.0003148311001392986,0.004628233546818709,0.0005017128859396701,0.0023413889777435955,0.022981670775941435,0.0008847506628291659,0.0038924599117672507,0.0007345424619521753,0.0007284192834049463,0.00030893454095348716,0.0022260567639023066,0.014456987543307471,0.0003026851584436937,0.0005218091986866277,0.0004975988411254188,0.0013161343179971328,0.0004406286040438245,0.0002077913836639803,0.00038295150953283734,0.00345187024915849,0.0007396955161730122,0.0003739214923909619,0.00041940464179222685,0.0002110102271473748,0.020131438083190737,0.0020251548431558597,0.00024527197583929585,0.0014757353908594409,0.03956534456308445,0.0002482338168192655,0.0009498382014868083,0.0012887818810073453,0.004191090352833271,0.01373460104864405,0.0044349708626705816,0.0021049667567586733,0.01855469317780048,0.0002854970225598663,0.0002370933031410512,0.004048495553433895,0.00041182541326491675,0.000952012786812969,0.012254657035142945,0.0009001450209365038,0.0003391415944280668,0.0027604169924185726,0.0002925914013758302,0.009160493460072885,0.018081042987647497,0.001721088935715218,0.0012675056417306727,0.035930786280261126,0.08231932145309451,0.0004349631267064797,0.0027787277199331833,0.06438818895484176,0.0005794437304875566,0.00013466333621181548,0.01042119388631325,0.0005090910126455128,0.0007636067162328572,0.0004418770840857178,0.0004810612868363593,0.00119424025919572,0.08193565564107476,0.037241180383075424,0.008037957362830639,0.00016648809832986444,0.001073284153226452,0.0008268029569434038,0.0009857435724272517,0.0008984601101046069,0.0013448658864945173,0.0005559461513217344,0.0018505077945513253,0.00043348126383448973,0.0006597773414937039,0.005263755563646555,0.0028751712499197556,0.009024972876426307,0.0062644462565816916,0.0009206371556734026,0.0012094203042139309,0.004063578213467354,0.022141196822682285,0.004127866145976076,0.0002704137655418709,0.0010179691128319852,0.0926474416197623,0.009318741760126113,0.0304546481856366,0.0022821740523397047,0.002613033535748096,0.1413554502907367,0.00030261522624641657,0.00037680206040561934
2023-09-04,0.0008184046956007802,0.046085115732578036,0.00048794873117972466,0.001785851956580256,0.00039653719047243126,0.004843037400064796,0.0004879872399921875,0.0022206663793120428,0.02276612971200465,0.0010287929696428978,0.0037913393744817736,0.0006889288495011205,0.0007298169657588005,0.0003093026462011039,0.0022302044089883566,0.014633923854415871,0.00036170291389573355,0.000579998408886731,0.0004344674309857619,0.0013669429963841218,0.00040916790415747274,0.00022297163953762395,0.00045953141062791676,0.003497360845651316,0.0006861573004809208,0.00034597318180480734,0.00038783826883987,0.00023762681516335566,0.02053255533262537,0.0018131780367999705,0.00024330071236688424,0.0014675833836778052,0.041200028427192795,0.0002484000287950039,0.0009452683894592568,0.0015041505813145613,0.004196907393634319,0.014618862444364509,0.004411730725929643,0.002148596573173701,0.019352456319480533,0.00028600238147191703,0.00029407369073383764,0.00405263714492321,0.0003784312365704147,0.001036845480114516,0.011778443422671803,0.000916247643258198,0.0003514509713502524,0.0026756020563798357,0.0002928889589384198,0.009053068596629554,0.018574096440449463,0.0018287385595870944,0.0011468226744621374,0.036496716509183895,0.08358611166810784,0.0004781519279050393,0.0028271583980460126,0.06156410035872217,0.0006433854314834961,0.00013433553976938128,0.009997444113912488,0.0005100663402117789,0.0007065406712942453,0.00044189192703925073,0.0004304996411912339,0.0011654881561882582,0.0847663914815292,0.03827457001878681,0.008048581890761852,0.00016637251246720552,0.0011967710550249266,0.0007114956447977413,0.0010258760861127098,0.0008435412644515705,0.001346301520243287,0.00048580616272105986,0.0019809078981671024,0.000491807803119736,0.0006035564431008595,0.005271042697131634,0.002944316139319609,0.009281265177538795,0.005891789155462193,0.0011178972527855437,0.0012575332125958243,0.003905103951657802,0.023178275741171955,0.0037402704059853746,0.0002820325284324565,0.0011173448731421505,0.09725561054036296,0.009105568385419762,0.03101914784721258,0.0023616609995738376,0.0024769893179602195,0.13911350754649277,0.00030269601847976446,0.00033497872479463896
2023-09-11,0.000686439697694925,0.04500507730209091,0.00045808189988193047,0.0014471318205579997,0.0003334495458309637,0.0044986702505667095,0.0005451022062978902,0.0019464996198638267,0.0223091556247585,0.0010433515623596503,0.0033687474290890126,0.0005709415856777086,0.0007312146481126547,0.0003096706059295684,0.0022343520540744066,0.014471683306225802,0.00029107538359298194,0.00043770026725364533,0.0005263923088222942,0.0012927011521654541,0.0005427509631194209,0.00028782101475960137,0.0003672094585518405,0.0035862394567863567,0.0004984975986417925,0.0003502358009477057,0.00033959464197890485,0.00026529567321970804,0.02037016371977298,0.0018629559327433423,0.0002498381074856092,0.0012138515780395452,0.038684521320587605,0.0002485662407707423,0.0009105748922411928,0.0014303557201843595,0.004202724434435368,0.013769814908895978,0.0037116814850461184,0.0019093382745016694,0.01773963102573419,0.00028650774038396776,0.00026395407715154947,0.004056778736412525,0.00032420525619618134,0.0009830757406184916,0.01188657899733147,0.0009146775823299886,0.00033949749108094145,0.0028735245957375775,0.00029318599263206124,0.007952096994979325,0.01861905884855005,0.0019500856392671315,0.0012104003583575755,0.03489628242059554,0.08162274434567879,0.0005506799676575149,0.0026686172743235355,0.060680683959951257,0.0006163267091444994,0.0001340077433269471,0.009779690128511941,0.0005110416677780449,0.0007552350687809589,0.00044190676999278367,0.0004338449370635046,0.001133378981539179,0.08223229508482896,0.03418690040214579,0.008059206418693066,0.0001662569266045466,0.0011533613300520574,0.0006173551996290612,0.00112648631973109,0.0009753625737256264,0.0013477371539920568,0.0004934811270566905,0.0018634768677181584,0.0005029613402341681,0.0005893492818016974,0.005278329830616713,0.002693663657412174,0.008268162731014462,0.005504927025724575,0.0008729155210266194,0.001172316433728518,0.003514831932277187,0.022133587429220863,0.0031681651955076003,0.000268527786688182,0.0008943043316478639,0.09166734852766048,0.00804775113507897,0.02961308717813405,0.0023194749483528643,0.0022078139885850054,0.13585916286351396,0.00030277681071311235,0.0003019472840983773
2023-09-18,0.0007271617717183603,0.046339164929629265,0.00042077980527612793,0.001590053967209753,0.0003405610376722454,0.004336022562952677,0.00047610114647590865,0.002044044665877459,0.021551115809595102,0.0009055167946168618,0.003680002720787147,0.0005693212769568385,0.0007326123304665089,0.0003100384201388806,0.0022384996991604567,0.01380507824424697,0.0004611017725254673,0.0004057376646558897,0.0005890948111455087,0.0008953943623158693,0.0005205222406262955,0.0002758356595358042,0.00030617868693302906,0.0034613629877474406,0.0007422564117472089,0.00034342388172670904,0.00036755253258773145,0.0002121496414724737,0.01932440023228228,0.0018039213015470727,0.00023161779881278706,0.00117160819041757,0.03736368754246721,0.0002487324527464807,0.0009590543758339148,0.001565593827322936,0.004208541475236416,0.012888952054597272,0.003960770614323086,0.0018473653652644423,0.01754124342218916,0.0002870130992960185,0.0003595931748370758,0.00406092032790184,0.0004035579592445587,0.0009057497981091892,0.012020652465463353,0.001001527658606581,0.0003109330490508961,0.002623521456068819,0.0002934825315605849,0.00848480321671965,0.017300171270146842,0.002062450721431495,0.0012026604856775452,0.03474688528734422,0.08270420352106565,0.0005415684601258665,0.0027795307970361143,0.05952975220019968,0.0006230656992376653,0.0001336799468845129,0.009493747225129575,0.000512016995344311,0.0007262643194146239,0.0004419216129463166,0.0004115893143815944,0.001082299269193106,0.08011652282301862,0.0351228965814423,0.008069830946624279,0.0001661413407418877,0.001025371554713738,0.0007715175814175313,0.0010626109589656507,0.0008557098097802396,0.0013491727877408266,0.00045747807587851646,0.001624639039666908,0.00048242099408043635,0.0006178511366237976,0.005285616964101791,0.002715051616239312,0.00854617944913924,0.006048229729231355,0.0008955033202462341,0.0011351353017596253,0.004051176546238442,0.021305498310925687,0.0034472490592190653,0.0002958287088024308,0.0009546569694483055,0.08948240860654706,0.008675979170298448,0.029729457294100106,0.0021461698660333586,0.0022669005413748764,0.1300424642385649,0.00030285760294646025,0.00036964297812448017
2023-09-25,0.0008593457379735393,0.046439013353389604,0.0005284625071230791,0.0016288344841506842,0.00039286536269064683,0.004899969555413635,0.00046961238270235586,0.00204757650021462,0.02231663231316968,0.0007957928636096318,0.003399032163979964,0.0005191721930711323,0.000734010012820363,0.00031040614703670144,0.0022426473442465067,0.014597296318979047,0.00032927147595123883,0.0004502538655590501,0.000537667911350761,0.0012872736707604587,0.0004526508468891222,0.00021491018276542415,0.00032598697286322374,0.003139775300786554,0.0006600030871146179,0.0003942276665667964,0.0003470233466815841,0.00023854541092878666,0.019988749775033635,0.0021723050554179847,0.0002072456000639948,0.0010657227282483326,0.038504152542754404,0.0002488986647222191,0.0010189151871950904,0.0015281284220937342,0.004214358516037464,0.014760128836258312,0.0038503921240995494,0.0020945582018028638,0.017269304347684544,0.0002875184582080692,0.000315742720174657,0.004065061919391155,0.0003848472526610841,0.0009918328384976897,0.012335126824964697,0.0008762170770069773,0.00030045430946752563,0.0023759993501375463,0.00029377860482782125,0.008515554948581593,0.017891326263747374,0.0019669189920150515,0.0013442336520943013,0.03534983789860576,0.08226479207725816,0.0004278718060941915,0.002734028125434087,0.06042857960351622,0.0006748556716923351,0.0001333521504420787,0.010170354692281804,0.0005129923229105771,0.0006897068309441544,0.00044193645589984953,0.0005264775782579566,0.0011158064717154787,0.08182439586055806,0.03635459135113002,0.008080455474555492,0.00016602575487922877,0.0008602737207490039,0.000629075769033796,0.0010264707693322527,0.0009208125505786712,0.0013506084214895964,0.0005308478047030692,0.0019745785415381796,0.00044977741673136106,0.0005649522856128536,0.00529290409758687,0.002805007938563122,0.008380520663109394,0.00552828578998866,0.0009273730804851399,0.0010807113645200177,0.003614621577805798,0.021083665189439785,0.003798276060579336,0.0002417379167489108,0.0008677257563808439,0.08889302391605167,0.008592597996210054,0.030105309296688913,0.0017911413540134871,0.0022780604976086576,0.12557241691684884,0.00030293839517980814,0.000284753428243449
2023-10-02,0.0007503562513058412,0.04458708545001641,0.0004641579897704682,0.001475973098472104,0.00037786018492684683,0.0044414086667165864,0.0005258010699022451,0.00191314875193424,0.021027814255678116,0.0007151870073978327,0.00359009551680004,0.00041962437285210765,0.0007354076951742172,0.00031077372841537,0.0022467949893325567,0.013668389235241246,0.00045227785965633,0.00039563960697406756,0.0006392076124361804,0.0010425352877019923,0.0004526251803659799,0.0002201355672524398,0.000347241305283704,0.0031395564189433587,0.0006435456028964684,0.00036971597273754986,0.0003488863552565432,0.00014768058507721597,0.018751336757019153,0.0019903471959287276,0.00021590702817506213,0.0011222828991208273,0.0375111832995298,0.0002490648766979575,0.0008891740229825456,0.0012964741434362762,0.004220175556838512,0.012433796118971937,0.004041630450905472,0.0020372986249617654,0.016974328557073516,0.00028802381712011993,0.00032171382523639257,0.00406920351088047,0.0003670443157656098,0.0009538037658020751,0.012024007293927361,0.0010778123394193351,0.0003930323599151185,0.0025046727466630386,0.00029407418332993984,0.009043102945726841,0.017077255898871636,0.0018115694739647976,0.0014046535202951306,0.034349616098226836,0.08190890226036729,0.0004269244704178395,0.0024354755706769236,0.05910506939874438,0.0005818706694222167,0.00013302435399964452,0.009114342955996477,0.0005139676504768431,0.0006014752016479499,0.00044195129885338247,0.0004609295939840234,0.0009585698294847021,0.08008799414114239,0.03532129912902147,0.008091080002486706,0.00016591016901656985,0.0010634983097297086,0.0006462682187244452,0.0009364988796760637,0.000882008782040225,0.0013520440552383661,0.00043447803883045537,0.0017433725147520346,0.0005300711051950292,0.0005941190875034429,0.005300191231071949,0.002713194042547683,0.007758810049255888,0.006228271018048156,0.0008791193502468648,0.00111798782126725,0.003630971697645434,0.02085701082384002,0.0036398148990101397,0.0002554490911576418,0.0009874365042321725,0.08656083427145715,0.009214261174861035,0.029168526112700266,0.0018614085842896559,0.002058628344538832,0.12380347984118384,0.00030301918741315603,0.0003473321267281635
2023-10-09,0.0008254291393440242,0.04554450846063779,0.0004533643581910128,0.0016034380422846012,0.00036454228957016416,0.0048166605081873285,0.00044041122582384826,0.002052392647417121,0.020640754767582006,0.0008601648604661355,0.003755915285726675,0.0004664534948976263,0.0007368053775280714,0.00031114116427488625,0.0022509426344186068,0.013155482652108016,0.0005499824199087974,0.00041574468051307374,0.0005443143519490583,0.001074487648638655,0.00038847899736829975,0.0002988650225395917,0.0003604864457870387,0.003617623462240107,0.0007742645897819441,0.00035141659712887164,0.0003275255886031767,0.00017188170546282285,0.01873209423576793,0.0017387508325822938,0.00018262862713301555,0.001260197652351647,0.03754575957862265,0.0002492310886736959,0.0010018639762080423,0.0015267780535538897,0.004225992597639561,0.012807560176836916,0.004273969672743454,0.0021732337142506882,0.01650297983117178,0.00028852917603217065,0.00031983150367568094,0.004073345102369785,0.00033434711062072897,0.0010021450574403705,0.012490014653586083,0.0009523147167792538,0.00031593287872289566,0.0028522900862742737,0.00029436926706694067,0.009035955705597447,0.017018227444718273,0.00207060631002874,0.0011248390514301775,0.034844354906659054,0.08501242128912471,0.00044298927732384463,0.0023867736702185985,0.060438046736209707,0.0005481514257328537,0.00013269655755721033,0.00950899529928985,0.0005149429780431092,0.0006930859482136135,0.0004419661418069154,0.00047692188225079406,0.0008800375088380985,0.0809562085894273,0.03497757704572655,0.00810170453041792,0.00016579458315391093,0.0010085860780776053,0.0005280188595348404,0.0010844055245411866,0.0008987792378665255,0.0013534796889871359,0.0003862656993395284,0.0019871979874395247,0.0005105447008818139,0.0005597004927504988,0.005307478364557028,0.0027429359076886896,0.007977583590980568,0.005981429091700551,0.0007016601004457868,0.0012708287143291146,0.003383743018425539,0.020791528665577135,0.0037767583862525897,0.0002620942751692146,0.0009596390422829688,0.08498355096723101,0.009154061144013466,0.02978161117318943,0.0020603051252648576,0.0022658147282571643,0.12101004465497583,0.0003030999796465039,0.0002556796374231662
2023-10-16,0.0007292051982565172,0.04547058352326198,0.000557187609514589,0.0018277256580242062,0.0004329478163502405,0.00412785828151779,0.00046384177372850487,0.002263485274979528,0.019406193835233045,0.0007520562614441157,0.00361663972411661,0.0005352062074250325,0.0007382030598819256,0.0003115084837190807,0.002255090279504657,0.013684666242352322,0.0003598512288204433,0.00038553961661277143,0.0005740693157284401,0.001130125591385351,0.0004905737330343841,0.0002563448264376127,0.0003690596327762358,0.0038129676094310274,0.0006016313680681277,0.00038417303036374686,0.0003141656134014746,0.00022096713280574554,0.01881172049701809,0.0017129427560655195,0.00020131993148339464,0.001288892653444998,0.03918196062147877,0.00024939730064943433,0.000984093818021724,0.0012464739634633559,0.004231809638440609,0.012175156451256407,0.0037094134693786427,0.001957928766729661,0.01628481870197954,0.0002890345349442214,0.0003745088082725637,0.0040774866938591,0.00038347141502152005,0.0012338819649102008,0.013204165848847059,0.0010818409224246652,0.00040685572537390983,0.0030212196313648856,0.00029466391424648464,0.008141928507864594,0.017111105394201798,0.002096899544959332,0.0013882823553325477,0.03429809772308434,0.08970850025011413,0.00040088211176615636,0.0025428173051574546,0.06355500221440448,0.0006660860726286761,0.00013236876111477613,0.009595839589562406,0.0005159183056093752,0.0007702933250417599,0.00044198098476044834,0.00041246585046894173,0.001042249357825994,0.08430421331191908,0.03285558332874889,0.008112329058349133,0.00016567899729125202,0.0010597385104645688,0.0006978191446421076,0.0011977755125707392,0.0008182421046480123,0.0013549153227359056,0.0005193735400735931,0.0018269973670279758,0.0005118491023586594,0.0006441054485244473,0.005314765498042107,0.002702011913175983,0.008133289559026919,0.005251435993366122,0.0008035492828312809,0.001234520210253925,0.003192369508865877,0.019734458026843125,0.003349108761577366,0.0002505450112693573,0.0008814939658059841,0.08625870927554728,0.0082498634032662,0.029327403433445393,0.0020552328784784386,0.0025369543226139934,0.1227076502576664,0.0003031807718798518,0.00024643694041048624
2023-10-23,0.0007372004178170472,0.04962630017260773,0.00069367327421883,0.002080257066286601,0.0006064180136570276,0.0047095831372308645,0.0005590957792519847,0.002585386719860594,0.020890574912448445,0.0008023335668087464,0.0038188333904554304,0.0006298900795309598,0.0007396007422357798,0.0003118756285402924,0.002259237924590707,0.014326638625310752,0.00045490135255615854,0.0005064232680762699,0.000608372440068895,0.0009494303305407453,0.0005702033534675761,0.00026707647074076293,0.0003994590150530981,0.003990757477844417,0.000688777306412386,0.0003825816422825992,0.0003527108180387575,0.00018172257987006718,0.019729141385271882,0.0019704238729407555,0.00019559346724142815,0.00126834698167505,0.046771177956816554,0.00024956351262517273,0.0012011766937710226,0.0014107790141337723,0.004237626679241657,0.012464113910215978,0.004348602548588469,0.0021161241304062097,0.016913366749960104,0.0002895398938562721,0.0003021174114078638,0.004081628285348415,0.00036074330791587825,0.0012813952569890557,0.016471343762538768,0.0011044980652792755,0.0004878405341058632,0.0032542560212070614,0.00029495806666091084,0.00997610881851439,0.017901473447736974,0.0027001848518032677,0.0015881328311891014,0.03573874706307696,0.10745092517160289,0.00042843071105417343,0.0025044402124636375,0.07655622814532913,0.0008431345496413573,0.00013204096467234194,0.01098457233063688,0.0005168936331756413,0.0010402088743806006,0.00044199582771398127,0.0005235085287163441,0.0013839210629249534,0.09815815419111164,0.03533333131086743,0.008122953586280346,0.0001655634114285931,0.0010399583263977518,0.0007025335936676152,0.0011045582616493862,0.0009058209065211991,0.0013563509564846754,0.0006211532611321189,0.0020481600145281754,0.0006061576054896206,0.0007232347439154881,0.0053220526315271854,0.002936608452812573,0.0077868475317593635,0.00589816240470041,0.0010087140451882474,0.0012841572210615117,0.0036254685827451856,0.02027023569244129,0.0040204177676104345,0.0002925106891654125,0.0012307820450663416,0.09628798396196278,0.010151665811848135,0.030579888763173167,0.0017827969924524695,0.0029053464454708968,0.1323130313774195,0.0003032615641131997,0.0002841618998738838
2023-10-30,0.0006028728198469314,0.03363398633100089,0.00041807344115690314,0.0011469066712765888,0.0003481621440587081,0.0036411435803991336,0.00041717134694445486,0.0014050884787883753,0.017489993596376374,0.00053191727401795,0.0026943117585515376,0.0004333696656603785,0.0007409984245896339,0.0003122426278423518,0.002263385569676757,0.01097402678360389,0.00027620459193986393,0.0003683107237625631,0.0004473289138092735,0.0009503123399383857,0.00048142944958716753,0.00015556613962975854,0.00029516594743248187,0.0038241059215011336,0.0005190110275374529,0.00020562564443276152,0.0002794382905724482,0.0001350997439904919,0.01522089453963972,0.0012438142211429793,0.0001838761356220194,0.0007720894017700384,0.03052410641114285,0.00024972972460091114,0.0007374327850019714,0.0011074832593503845,0.0042434437200427055,0.010005516172975354,0.0027295664248335504,0.0014770150915022306,0.0132423104393358,0.0002900452527683228,0.000228769577183605,0.00408576987683773,0.00026968943311936176,0.0009291226277139388,0.009454345455387972,0.0008474519617191849,0.0001601806200849036,0.003003627512746049,0.00029525175341404974,0.006192624589595504,0.013612400222057532,0.0015809752711714946,0.0008972067119087881,0.02663832839297802,0.07052601182668014,0.0003054523385418398,0.0021510806211412327,0.04307173489278367,0.0006010417261560174,0.00013171316822990775,0.007121524756878936,0.0005178689607419074,0.0007088648581409423,0.0004420106706675142,0.0003722921988104208,0.0007657318202612571,0.06243910593772982,0.027586832835941006,0.00813357811421156,0.00016544782556593418,0.0009247574333147653,0.00038974245087598796,0.0009443609806135297,0.0005925658080282178,0.0013577865902334452,0.0004259063150047046,0.0013263439264227911,0.00044979960924479217,0.0003142237280372819,0.005329339765012264,0.002142550984000319,0.005770278684021236,0.00407841608678498,0.0008767198309437428,0.0012619158776404358,0.0025821795711853906,0.01584137924183615,0.0027900552490675514,0.0002183910862998302,0.0008506285041211988,0.06700225325041467,0.006243747225642527,0.022972797521096003,0.001392672300349407,0.0015807893316276207,0.09117522436477828,0.0003033423563465476,0.0002239294767013273
2023-11-06,0.0005748742286199929,0.032305459913407844,0.0005080114965763287,0.0009888321516340992,0.00040324080012895736,0.0031364342491630843,0.00023939527503078669,0.0011971565446499673,0.016759440281041153,0.0005968943619563171,0.0026595292678377454,0.00032765020032016705,0.0007423961069434881,0.0003126094816252589,0.002267533214762807,0.009732411605361809,0.0002479446207657634,0.0003330342170458647,0.0004359363666810305,0.0009312405286586971,0.00048655891069688753,0.00015324203528866128,0.00025373997995798976,0.0033418894754435272,0.00037511398552896166,0.0002925800638909564,0.00035744694759947874,0.0001241315939189194,0.013711203731784905,0.0012177405852502492,0.00014752521027679714,0.000720035134090765,0.028051590036275744,0.00024989593657664955,0.0006481319153292817,0.0010592074753933355,0.004249260760843754,0.009789206226857283,0.0026337340689321065,0.0013724836572663209,0.012078078709676046,0.00029055061168037355,0.0002189787540594525,0.0040899114683270454,0.0002229486242042126,0.0008505889582056176,0.0086923676942851,0.00085651541847482,0.0001896055207772649,0.002464511459651923,0.0002955449454020709,0.0057273204924082515,0.012378413444850703,0.0015826413488715134,0.0008329568790470777,0.02546851142471167,0.06523970935951923,0.0002462125239748122,0.0020246243345621896,0.04021549566432935,0.00036467801357720637,0.00013138537178747356,0.007040599387180309,0.0005188442883081734,0.0006337379911017015,0.00044202551362104714,0.00034872293461678277,0.0008029528845774195,0.0589499764311512,0.025632965491730993,0.008144202642142773,0.00016533223970327526,0.0009225957658241299,0.0003615210500046994,0.0009678252116736938,0.0006195302005585877,0.001359222223982215,0.00038940197836614607,0.0011841059824741838,0.0004311539697391033,0.0003604670450205767,0.005336626898497343,0.0019210327344793344,0.006135603971731341,0.00413390828506116,0.0005426949745399808,0.0011297117444978686,0.002099747849943428,0.014598713111517172,0.002638228773271119,0.00019829642830148248,0.0006179447325003482,0.06410996990661967,0.005777389306661758,0.021844885348495987,0.001461626971992254,0.0013345063123630062,0.08993383417190753,0.0003034231485798955,0.00025656986918340906
2023-11-13,0.0006582635252095538,0.03256417388212517,0.0003974391207889912,0.0009235192759888466,0.0003224047931536196,0.0030429136577621013,0.0003074875764216124,0.0011224267338395186,0.016584401500115566,0.000529164043265766,0.0026421413184161972,0.00027650019194586594,0.0007437937892973423,0.00031297618988901377,0.002271680859848857,0.009432804602230904,0.0003452770696118418,0.0003360978876124474,0.0004982836756516872,0.0008630977550911006,0.0005023828455418813,0.0001952707328496794,0.0002645148677787629,0.0035494252441235935,0.00033095806915805776,0.0002739205042596529,0.00029512769075498626,0.00015090221977675928,0.013571212654662471,0.0009424029060725574,0.00019022504994652904,0.0009034536455162209,0.027382241015234496,0.00025006214855238795,0.0006718206064832863,0.0010266638515452403,0.004255077801644802,0.009873774355835807,0.0028466987146606934,0.0014582085162966082,0.010519755914160381,0.0002910559705924243,0.00023090163514823621,0.0040940530598163605,0.00029186183687126524,0.0007794497639942829,0.008188453908366526,0.0008652448112498512,0.00020683128262725888,0.0025598971652967062,0.0002958376717288047,0.006127803180676639,0.012216010731526677,0.0016081408729461065,0.0008964644728190572,0.02537415918027485,0.06456765128325474,0.0002578681321276478,0.001775159788913568,0.03916973588279022,0.0004134618264637188,0.00013105757534503937,0.006579946855919157,0.0005198196158744395,0.0006366241821516443,0.0004420403565745801,0.00034808203543980137,0.0007418924071600186,0.05823324649600989,0.025289643943068353,0.008154827170073986,0.00016521665384061635,0.0009079511227397801,0.0003151518663072622,0.0009612338534745684,0.000516331218241832,0.0013606578577309847,0.00038433801341255516,0.0011895360782267722,0.0004952098092683691,0.0003984884831108274,0.005343914031982422,0.002085213331410281,0.0058226904911052165,0.004140267796920544,0.0005812392937773151,0.001145609220206571,0.0024259790710577963,0.013114332768917906,0.0025086205625272913,0.00016795568986957337,0.0005945974457099433,0.06124989982345249,0.006153631348447283,0.021746969399247966,0.0016372502820933632,0.0012725672062929279,0.08551090066977671,0.0003035039408132434,0.00022820621249266192
2023-11-20,0.0006499661402512718,0.030371108611114583,0.0004404744080930556,0.0010146385281771528,0.00035362216337910327,0.0028796576389126007,0.0003106668457768081,0.0012388985738913411,0.01599104998200828,0.0005559780716559543,0.002391801084916587,0.00027608407962498326,0.0007451914716511965,0.00031334272352978587,0.002275828504934907,0.009193976175089895,0.0003168901564243271,0.0002795056277269448,0.0004059288753664268,0.0008029397964860101,0.00042328073409747085,0.00021228981781054674,0.000245736249344186,0.0032967503366371246,0.000340603598104235,0.00022206608568917105,0.00030478921163245253,0.000142632757332719,0.01314915893298535,0.0006171332902672707,0.00017895560789983275,0.0006163859993195227,0.026733075112156633,0.00025022836052812636,0.0006726716685401855,0.0010281983497351657,0.00426089484244585,0.010165300583260001,0.002732084323004806,0.001274644166400389,0.011559762035555657,0.000291561329504475,0.00025150693484828453,0.0040981946513056755,0.00025770355143433404,0.0009471770374768413,0.008136398824149484,0.0008160181675022876,0.0001774280890471054,0.0025668324721074133,0.00029612993239425123,0.005885520472419971,0.01182112092921664,0.0015104561112265129,0.0008471152397567406,0.023299233248866576,0.06341884041107301,0.0002609012360337161,0.0016497259548969993,0.037532070766611025,0.00044729285845537803,0.00013072977890260518,0.006291606441216642,0.0005207949434407055,0.0006673745864358881,0.000442055199528113,0.00032063127182388685,0.0007531635414836455,0.05601551254985112,0.025293895107591308,0.0081654516980052,0.00016510106797795743,0.0008115680030124523,0.0003427201884410527,0.0010825675324373993,0.00044878045056480494,0.0013620934914797544,0.00028537942185093954,0.0010962395324680878,0.00048361852718066404,0.00040540260483172606,0.005351201165467501,0.0020146351921914466,0.005478365236608711,0.003675006430845557,0.00056111821257001,0.0009883806943155604,0.0022199289820167144,0.014346785421645627,0.0024039560288864493,0.00017798679965906213,0.0006647737226030104,0.06158544145938007,0.005938411774154333,0.019903280001769334,0.0015472951657047604,0.001366992721423681,0.08071406979845712,0.0003035847330465913,0.00019284970669408217
2023-11-27,0.0005526385961972559,0.028525595906223843,0.0004094241359542658,0.0007691659583107026,0.00034743515415134864,0.002805946972159883,0.0003728565963584435,0.0010396906828021274,0.015394950288108587,0.0005738695297966988,0.0023508968956896833,0.00029883195445209516,0.0007465891540050507,0.0003137091116514057,0.002279976150020957,0.008292292981525473,0.0003145305785666879,0.0002848245784061908,0.0004938096323769622,0.0006731639194252556,0.0005805388014065622,0.00019363584592142744,0.0001986237085225055,0.004182059283261385,0.00033788569662102194,0.00030481244818831525,0.0002962242852536718,9.38340693682967e-05,0.01180336659267369,0.0006051805543734025,0.00016044789862858073,0.0005455425026608311,0.026956787924109347,0.00025039457250386477,0.0005938976920265282,0.0007882595701663857,0.004266711883246899,0.00918304222104546,0.0023845825348184544,0.0011821140518464698,0.011628530919274179,0.0002920666884165257,0.00021998076073707695,0.0041023362427949905,0.00029136807515845126,0.0008220393670486055,0.007649628003522737,0.000867766373453129,0.00014262015176248175,0.003280083730151009,0.00029642169829458,0.005119122326871664,0.0105132458870678,0.0016229840442815824,0.0007760078673496787,0.023024354830057374,0.06170713947250987,0.0002892541258201314,0.0017559574489083454,0.03447355151063569,0.00048046608912723676,0.00013040198246017098,0.005819815802344472,0.0005217702710069716,0.000663358234493419,0.00044207004248164594,0.000291700177470393,0.0007670858697034342,0.05257854019691689,0.024388594622658678,0.008176076225936413,0.0001649854821152985,0.0007841455349936956,0.00044823306477975163,0.0012402775323904626,0.0003980193949797499,0.0013635291252285242,0.0004200942227497537,0.001080905829125261,0.0003904138313989249,0.00033215956459981753,0.0053584882989525795,0.001982247126299094,0.005621930360815159,0.0031474603492749036,0.000510819198823551,0.0011725138254354386,0.0018927792749877943,0.0140778961998474,0.0022293554863455256,0.00014628657516931048,0.0006468127073834074,0.057620942666556416,0.005262953871110865,0.01980319893849833,0.0012348909541378124,0.0011295417429930783,0.07732151562005915,0.0003036655252799392,0.00021527989165807756
2023-12-04,0.0006030409608928068,0.028176665260270312,0.00041387943759350166,0.0007558265785183404,0.0003215671663092642,0.0024717957280317084,0.00024288360913261333,0.000994872120838901,0.014929475765294267,0.00043828214181234585,0.00242882097504536,0.0003401971580980363,0.0007479868363589048,0.00031407532515004277,0.002284123795107007,0.008276730191808418,0.00031067681432005417,0.00024508718432879144,0.0004362496042599005,0.0006545763871514265,0.0005599502792421638,0.0001606104620657103,0.00019420257826051007,0.0037871248881360896,0.0003378517820526958,0.00020799102270762043,0.00028080731290882764,0.0001482892230983879,0.011672393807612062,0.0006533802978906343,0.00020567445834918305,0.0005536465841576725,0.026406937417254594,0.00025056078447960317,0.0006076724535448245,0.0008869445979370381,0.004272528924047947,0.008628131848284905,0.0024610754701965324,0.0011152048497599571,0.008996508588465695,0.00029257204732857645,0.00026358289203117126,0.004106477834284306,0.00023946121891092783,0.0007680293152444452,0.00783138476013297,0.0008052531940894894,0.00021736321465793708,0.0028860308789503187,0.0002967130276374519,0.0055945665489530476,0.01051684850104541,0.001515968832030772,0.0009459710715765308,0.02185712941398289,0.06108040216719895,0.00020873688287331317,0.0017135822471891881,0.03561593025646814,0.000495507672799862,0.0001300741860177368,0.005563338147397328,0.0005227455985732377,0.0006688635937657919,0.0004420848854351789,0.0002559931458495249,0.0007717020192938948,0.05299573786780627,0.02178698158162696,0.008186700753867626,0.0001648698962526396,0.0007749744348177589,0.00037383276332178045,0.0011731892255306166,0.00040156175357233413,0.001364964758977294,0.00032509865263837255,0.0009348747089718096,0.00037701893003634965,0.0004282837442648241,0.005365775432437658,0.0018339348808525619,0.005255175418414281,0.00318124530886702,0.0005550948065979432,0.001159583498403505,0.0019965971886710364,0.011232443577038951,0.002481105561185438,0.00018913015511523478,0.0006667648415437297,0.05524578337247527,0.0056803789466738685,0.01907918675891373,0.0012623327523858209,0.0010713510184385774,0.07347945062995352,0.00030374631751328707,0.0001540780927386193
2023-12-11,0.0004870958817899207,0.027717368612301854,0.0004191439636636739,0.0008008792943214406,0.0003608362081341134,0.0023502974688559583,0.00036120217108740084,0.0010297349858450911,0.015099008735990835,0.00039400382328375153,0.002207486330655849,0.00033210009627277593,0.000749384518712759,0.00031444139312952757,0.002288271440193057,0.008449740531511691,0.0003171616291408402,0.00014480034954812612,0.000524766030328583,0.0005641074448384627,0.00047635311118920503,0.00018770548944075226,0.00024773284307298563,0.0038638358673813247,0.00019162751231922436,0.00025502462310395793,0.0002632989788301424,0.0001164892354697533,0.011750262423447828,0.0004581454287622397,0.00021121921237117898,0.0005906400675842966,0.028197911243461302,0.0002507269964553416,0.0006677182289882575,0.0009001044110808551,0.004278345964848995,0.00890091540684191,0.0025440667713134695,0.001017690490612813,0.011679858367225144,0.00029307740624062717,0.00023019291143819154,0.004110619425773621,0.0002826219674590893,0.000677481962893505,0.007855148208584234,0.0007897538298278544,0.0001422129944269033,0.0027646041067772445,0.0002970038913190365,0.005378362119109517,0.010505415392245043,0.0016617434058540715,0.0007976174779141469,0.021258697450417113,0.06296910426510312,0.00025734643040920235,0.0013931195976034187,0.03453424946710073,0.0005171559976078865,0.0001297463895753026,0.005998661605246722,0.0005237209261395037,0.0006566631690215806,0.0004420997283887118,0.0002314392771440844,0.0009593696612039786,0.05286316282135042,0.023303011253588697,0.00819732528179884,0.00016475431038998067,0.0007386751722058279,0.0003555694333490768,0.0012199462657984093,0.00034189630999881856,0.0013664003927260637,0.0003904830740108693,0.0011226461572268081,0.0005281020374546356,0.00033659909542922516,0.005373062565922737,0.0017166568101012916,0.0045766565693198865,0.003489926430167711,0.0005641162790289762,0.001174933376275068,0.0021488295312633394,0.013942473759528513,0.0026460501615416837,0.0001843921874222458,0.0007548903463344673,0.056919543336698374,0.005462073516186111,0.01817228789910774,0.001049243569680214,0.0011152189357984028,0.07346405231989976,0.00030382710974663496,0.00016009519093563614
2023-12-18,0.0005881740273806172,0.02998744354104736,0.0004525038233753393,0.0008768584324129802,0.00039010109998239694,0.0025022991794043975,0.00033699354579427827,0.0010827370784133967,0.015767108549733077,0.0005568725002770295,0.0023801182878692363,0.00040773769676896607,0.0007507822010666132,0.00031480725738219917,0.002292419085279107,0.010205368454943258,0.0003409116261870208,0.00029170365995646343,0.0005047916437841231,0.0006569009462496117,0.0005492592575631434,0.0002613455851501541,0.0002298710887787119,0.00391247002728867,0.0003604717178125015,0.00024923976562663225,0.00023761300956561828,0.00011430927830563562,0.013950125110894333,0.0004875508540844758,0.00016627679187450757,0.0005057683075933229,0.02989581286526869,0.00025089320843108,0.0005726820703483585,0.001000700960349068,0.0042841630056500435,0.008058844565730233,0.003026737676021869,0.0012687141877051938,0.010432870377203451,0.0002935827651526779,0.000260216716279052,0.004114761017262936,0.0003065601646297994,0.0010143570698807048,0.00845224719215239,0.000801534955458066,0.00019251250376786186,0.0029146754172901376,0.00029729428933933377,0.006180827374411535,0.012762898531675018,0.0018325238890077675,0.0009443411873968164,0.02050742158216132,0.06482631810551796,0.00024778743356815877,0.001431135480324387,0.03756635808071123,0.000657019638112535,0.0001294185931328684,0.006647455671862099,0.0005246962537057698,0.0007187937683086727,0.00044211457134224474,0.0002450549991492295,0.0009661716907426724,0.055351559032397094,0.025936298448294176,0.008207949809730053,0.00016463872452732176,0.0008391335780824262,0.0003612400001963274,0.0010982453471183628,0.00036097581736367574,0.0013678360264748335,0.0004251887148565142,0.0010243398148015827,0.0005057328582860673,0.00041106466649213475,0.005380349699407816,0.0016471817189238176,0.005013622241031232,0.003312155381618689,0.0006442791046563105,0.001097138197263312,0.0025149258082970464,0.013129631506742654,0.0028375386731646812,0.0001628272984982593,0.000852897940636486,0.06080280675022766,0.00629562470073591,0.017399159482818453,0.0011862392637238507,0.0011775191253345354,0.07705116029753399,0.00030390790197998285,0.00017658276687826786
2023-12-25,0.0005951448844646285,0.031481486069685836,0.0004018903143822772,0.0008108289645192219,0.00032952054024821577,0.003213474420732397,0.00035669465630656976,0.0010275973269395378,0.017392857019038983,0.0005807978178830214,0.002574574030413179,0.0003249039323337841,0.0007521798834204674,0.00031517294701188803,0.002296566730365157,0.009391163401049745,0.0002772473167677021,0.00026980478122861317,0.0004462270029437938,0.0007766512033811605,0.00042668571871062747,0.00019408941887415595,0.0001773942621493855,0.0033968625704613987,0.00036349831004768763,0.00026313720585740435,0.0002910669404222374,0.00018570705090027772,0.013290880527377634,0.0005072878107085784,0.00017411704530571494,0.0007882472993301867,0.028234937680731508,0.0002510594204068184,0.0006420027072752255,0.0009816749609234444,0.004289980046451092,0.01006517256589028,0.0026721456085888884,0.001265078517045278,0.013795790735899822,0.0002940881240647286,0.00020194105876537155,0.004118902608752251,0.00033608702833341775,0.0009017242759272826,0.008477432314829704,0.0008243595401701583,0.00018668201791420454,0.0025939935835453264,0.00029758422169834375,0.005617141189560463,0.011947080316271267,0.0017819638077497012,0.0008985347502766736,0.02506293079134046,0.06765317309588932,0.00024071649191225944,0.0017615164767814798,0.03812302175580757,0.00048737639142302933,0.00012909079669043422,0.00687995021316965,0.0005256715812720358,0.0008285984843098592,0.0004421294142957777,0.0002771343357497989,0.0009212853494776236,0.057386392368723525,0.028691561944723373,0.008218574337661266,0.00016452313866466284,0.0008336769003492478,0.00035780371572397733,0.0010290481534062446,0.0004040965351187176,0.0013692716602236032,0.00041860437162047934,0.0011972261934149809,0.0003950765444881547,0.0003696940792166569,0.005387636832892895,0.001964488518599424,0.005907885355547126,0.003570478658789936,0.0006177365545379591,0.0010318876044778532,0.0023275176051624235,0.016329794492788763,0.0025638725150245382,0.00020465522347834841,0.0006504625690774346,0.0638222057539723,0.0056944529985837565,0.021624431719734737,0.001336959408553584,0.0011164574928309444,0.08425649785641223,0.00030398869421333075,0.00021361114101541606
