,0f259232e21f0c2fee6ad8d1d8f1027a,9274b3c3b5944720ff3a39acd9cf88fd,255b57e780bd487c9f2c9d8a6d98122e,81a7fd8b494dcdbef06baf399f2f6ab3,3679c0945f1a70a259b655406fc39172,456a12b90d15a721ad799e16006c6684,05b2f1f50c1ce311f0dbd14eee459bff,85e40ab41dbb322d6265279032519a63,fb99ada28bdcb8a828a19ba2293b5607,ec5c0d5f42ed96fb66f585f2072f51c8,5a238bc5400490331b6b4c08ea0fe0ab,f3b0f9ecd412b62d07cc9a0c8e80470c,f7e1531894d4de8cc0d90bc6c9ba8991,942619b5db45e2e562e61d92119ff838,94e09ab4773fbc3b2b67c2f34281220a,f0e3dfc632173c07417737b09c0ef573,05c65dfa276e4011e911260f8118f6c9,795c21f080ec8025792ef4d0dbbd8b71,af3df9ccd4174c841a11369f668d7eed,a107bcb0918d989fb9378c897e0ffddc,26946cac9ecc79ec658301e357330c5e,18583b9b1ebca580d6dd801f9dc66bd4,bca747f5e6237a7773881a0467d2e683,ccb2a8fe516433ddfb606137a178f9ed,61768dc417b2b3ede0ed37eb320093a9,0bcb8976125dbc200aaac6e2843288d3,9f787e7ea88cf6d08f0a84ff9671c365,c4c7efcae8d0827a8d07ca016a3bfb6a,b08119580a4f62b96c89326c2e32b695,0da4b490e41e0fe2c7df72f01af5ec50,a05ee4cf2d1de48475756e7a2d0a7cf1,a693b13a81f3e3d78eca32b7cc36b60e,c6424732171a02f1c1062f50c3a73a77,cbaac4719cd0e31524598d62fe31fe48,27da4027d84eff5adb55c509efaafbe0,ff9858a350a257210e2851650a7cd6d2,565b7097a474e2e3750586bd4d6b0bb5,23edc5ff51cfadd333466861a4e1ea38,c5d9c0b2012bb566a6a73b4d9e07fe86,1f56c874da3dc7e3bed7f8f6529b64a2,ae6f5f4d844a09b756dc601df2c1e8d9,36493d4cdc4c7a595e50be5d6c71f09d,dd131a05ead3e4f70b991714a54de5ab,cfe26d6aea9efd71c5513cd733043333,7ba28aba612a440ff8dd711262154f44,2a73e11492c29b7696d32cab40401a30,3ac8acc7e11bbe6772fddad237e51d2e,0d96aee679fac13091dac1b352b9485f,630ee7e776797db7d8df48faa23d5a65,9c0a5f9ef978de85871f0df5f328cc04,762c8c28af0cb9ae3028f33c1520a885,0928147d7fed5d2704e5864f15310df3,2e300d5b9ced3d6eb1bd338e15f42705,9b0f782fc5e61f4bcd60aec45a951907,8c1269604d51124eea733d76d969419f,71e83ca83dd815fb28599128e3923a04,2e207747b7f6ba4806dacd5c8eefb008,47251289aa301e5e085ea87168b93c5b,d774007926d300cfdc0af21fd17631da,a755c8d149dbfd8145d7e0970920af69,0e9ec21c9c1d75db573e64780f4bdc04,c4c87cc56c600398a547bf1d240bac4a,876d491f272ea12d93db7be1c54c1e5e,f4010791f0c5aa854730550435ca5837,d73f5beea409541bfeaa2095570c500d,3dd952e6eff4eeed1f99f883d7760558,ea594b4481ccdee2d7ed446a2a0ae272,e853197616422fca1c71e49cdd101657,32e418063c86b6aba3701f86f27b15bb,e47da797deb91bee9d49736f2c03f5d4,200d22d4f0b96478bc89e527590483df,ce1dd76e18ef0012011b3032be8a83fe,72cf8a1a01fb55ce2780a3fe0f8038d1,5402c87773c8c6cb257b4394b0717185,281856e1516923676b43bd418e6f25a7,9c863871d4cf0e4b25504375945feaa9,7fc85a57ec35f1b6145953e32a673446,67c5e92a315327f8188d2c91faf5c3a1,1ba20e49a934c9f63888c0aca2e3bdb0,106479e4024061d5093f0dcd23bc6cf9,179d05e99c44e629c8e68aef8ee71784,e2a80f87817bef0d96786c7ce389aed6,8597f5e4b5aabc29c6fc71c001a9303a,6a3dd1d0444d504a669c0825857a9074,fe5f4acc019e16ac5a920b1014cc7229,1ccc72120e9ca6b9c58c97c139468900,7342f68949be41c06eb30d3be1f3499d,9d5cf228e9ec57d97be4213c970d5621,a5b2dafc7f7a3eabaaff5f337f5a7d42,796b462f075af0b2fa608735085c20e9,668beb724f47e5a18cece4da0cfd0a51,a2a8db06139e5d8b33b9696c575f0414,9a6473062b1e797bcc9732f0c9a07849,cae432c95e5232373cb67ff90e7793d8,19f6997d3ba451b2bc8107503d70ab73,83e59a57e4575c3cbd02a8451997959b,5876cef9666eaf04c8dda83ec6c83a60,66b960536d4f8c72e04621cc3b3cf8e8,cf83b57ee57ce2ce8c9cc50781da2080,13e68590206aad4467ab4aa1b71406f6
2023-01-02,0.0006693506646836083,0.02899056509608916,0.0004076308503751624,0.0008471217791505643,0.00032384593045055635,0.0029156955703673218,0.00034007797271973076,0.0012190486293204594,0.016961726936657318,0.00044767996672814885,0.0024545580768582415,0.00033627979719301113,0.0007042039023632446,0.0002643537685436168,0.002464932297065252,0.009381420550104363,0.00029590721578882516,0.0002820075763887006,0.000485616312632331,0.0007751781891618883,0.0005300423914113485,0.00016173703185390494,0.0002785132392211525,0.0036109854831134426,0.0003715391764096866,0.0002636759854976487,0.00020044736638672903,0.00012217380300176618,0.012560910198307258,0.0007396396331457797,0.0001881953630232885,0.0007248992981533295,0.026770808188838185,0.00021590741029916876,0.0008265968471967468,0.0009595604530641647,0.004142767254049205,0.009695048725751457,0.0024228533033157293,0.0012878647580323143,0.011753499128581368,0.0002260021624097116,0.00028282505372361004,0.0037843298344874634,0.0002838679015210331,0.0008448220392434223,0.008194467073458932,0.0009242688850872093,0.00014452959470072235,0.0029069929438197964,0.0002936050891424071,0.0049097195365192785,0.011016190510020844,0.001683988772675816,0.0007856249538848707,0.024196316343744452,0.0633400885955652,0.0002490947248029666,0.0017855200506557054,0.03983402331343337,0.0005232824020309507,0.00011874731443971623,0.006314803074192738,0.0005060180882792956,0.000702825598892298,0.0004281019444690889,0.00027733693506379716,0.0008126545478412406,0.05531439963907671,0.025762986764126257,0.007627084188117196,0.00015203632468325633,0.0007226378625793022,0.00046039634710368744,0.001186715797169676,0.0003782536623304863,0.0013373581907188481,0.0004325470597086836,0.0010425129859689185,0.0004490257626439696,0.000281507375269775,0.00522371072436981,0.001685738645483016,0.005494592620606403,0.0036301171870116557,0.0006281363703289268,0.001123151925858652,0.0019956466284398663,0.013306968495535686,0.002320745752096719,0.00019756864456416307,0.0007907814701287618,0.056981379817917094,0.005284946801113654,0.020326226106383107,0.0012961088617117853,0.0012274420360173428,0.07846670910519786,0.00028572113545681293,0.00014988586545220048
2023-01-09,0.0006716508698920336,0.0282906688930737,0.0004011839200617857,0.0007805771958120218,0.00032041297587878106,0.0028810791395735055,0.0003306281893226272,0.0011076914836717546,0.01673539771825292,0.0004215864331591994,0.002336890853122815,0.0003096686217347297,0.0007165475231254364,0.0002577151593067694,0.0025234330733328435,0.009045730382144245,0.00026271578447652547,0.0002592758989346286,0.0004811955304569606,0.0007372716327333712,0.000559547583244272,0.00016486736070012877,0.00026843777740272586,0.0037012084640887736,0.0003769450837899889,0.0002448049167507886,0.00018923972321522036,0.00011369039468387928,0.012161816843382765,0.0007076203316970556,0.00019062448012714225,0.0006879661567367963,0.025939589731568805,0.00020723263858019584,0.0008005585833386168,0.0009309705404230424,0.004231829240574728,0.009232674139217259,0.002239816327081874,0.0012132189927005223,0.011826387396329099,0.0002340962064296249,0.00027330351807448237,0.0035143833828600764,0.0002752259451024926,0.0008468433290669011,0.008171837867518678,0.0009065552179888278,0.00011852553754190971,0.002976702963807431,0.0002769069110423957,0.0045815269159855615,0.010716012941087514,0.0016415978830033292,0.000720822008313529,0.02318250071172508,0.062299271884319954,0.00023098835221429452,0.0017506158216799889,0.03840688474597339,0.0005094971954218016,0.00011584583993375314,0.006198735867167024,0.00045642196293673646,0.0007117202472371909,0.00043112312392063737,0.0002830509412784295,0.0007608354545034948,0.053438789025356995,0.025592162988447208,0.007499224320210122,0.0001428316389967567,0.0006935771004377548,0.0004246836462025715,0.0012209067749734254,0.000380547394185525,0.001377724445422894,0.0004043281049384719,0.0009526899375209698,0.0004458136476873222,0.00022510905947907648,0.005221615887247408,0.0015787392639723783,0.005361133882497026,0.003537022469449824,0.0006059486341110867,0.0011225960668403174,0.0018021192165226588,0.013417184709629111,0.002144173317076497,0.00019234373385997635,0.0007339905208552431,0.05489499296433384,0.0047168248436743965,0.019503474539810862,0.0012905042205707815,0.0011459493146824937,0.07743343930542167,0.0002713422994287173,0.00015617620824212705
2023-01-16,0.0006352415398747883,0.029064221521179705,0.00038746114507408775,0.0007760056303896998,0.0003032360966776348,0.0029338041404366336,0.00032788465357051034,0.0011502291729653872,0.01698492886075105,0.0003945634099206883,0.0023699593785293086,0.0003362899380644236,0.000715141406395469,0.00027461619664877315,0.0024937625919503577,0.009227658516837184,0.00025035340854784544,0.00029090471974873287,0.0004756983120791398,0.0007554196754425155,0.0005527903997851759,0.0001740179923374004,0.0002779366759071409,0.0036248567059829536,0.00036030706299930535,0.000244319449352715,0.00019555495483142027,0.00012764340665772598,0.01237525178326652,0.0007307204848894743,0.00020591065140794116,0.0007274359775707149,0.02623977355420033,0.0002193902242095793,0.0008163262251522897,0.000975007353662953,0.004224629944184074,0.00959513449858031,0.002256173995377645,0.001261269063489835,0.011340988218393147,0.00023538969761107486,0.00027981268870122105,0.003556144233569908,0.0002846676783173171,0.000817897367707964,0.008172230693579235,0.0009199110378350062,0.0001034211242753083,0.0029328367354800222,0.00028191355939833355,0.0043013839090295415,0.010913631913232372,0.001658626194888955,0.0007368694996109555,0.02397350965460931,0.06326852798678266,0.0002447738984869437,0.0017895739722133285,0.040139926422855104,0.0005116819433888067,0.0001272459419293149,0.0063120708649882186,0.00046247704213189377,0.0007235155156496559,0.00044549497494249355,0.0002896798777041224,0.0007875563678771116,0.0552298572453865,0.02510708064368867,0.007563296078403556,0.000155584555502377,0.0007191383589708875,0.0004417888976661683,0.001208083104305901,0.000372896342496337,0.001435567826010215,0.0003895574570020201,0.0010117800845263944,0.00043905486922272063,0.00019766372770623527,0.0052669148828942405,0.001691662152985812,0.005532468633595095,0.0037031166578874826,0.0005958241912131956,0.001112990133354847,0.0017473114727786718,0.013096229104525712,0.0021471263172207996,0.00020407149462706717,0.0007648529848893875,0.05576664869185134,0.004700098896187549,0.020154024836088164,0.0012704557393008534,0.0011202507284921832,0.07828086167033743,0.0002808453062226068,0.0001662432442463392
2023-01-23,0.0007241603645998039,0.02927714916251528,0.00039840723894135166,0.0008800035108542372,0.0003134755110815161,0.0030691141341259096,0.00033311894925760094,0.0012674647926767847,0.017617204847635466,0.0004480494618076333,0.0024632356184578525,0.0003285665516973292,0.0007337937424219205,0.00026646186401901775,0.002560396076766273,0.009635694650349108,0.00027758946950439946,0.0003006308984426602,0.0004742829206017466,0.0007849035832999589,0.0005323817629971563,0.0001780378768668037,0.00028547154112210424,0.0035929788173304643,0.0003910146087659652,0.0002545297898308057,0.0002110614835471527,0.0001244990426860284,0.01289569284621801,0.0007537101707390812,0.00018937959555263948,0.0007201906984283106,0.026397365651344065,0.00021330053776177983,0.0008041066681919923,0.0009706200592883231,0.004130892632127522,0.009998392118136096,0.00246603178060943,0.0012603954060623765,0.011918899121037314,0.0002453405148246735,0.0002690901384772403,0.0037766592547906746,0.000263028479839455,0.0008122127520805881,0.008387018769052828,0.0008685089469385272,0.00013104011464619392,0.002893772730104134,0.00027901977767999747,0.004895585332384175,0.011268377513837434,0.0016133944624809311,0.0007398448617532752,0.024780940764729448,0.06333688356358394,0.0002627275354203315,0.001891181847720916,0.04016544558245301,0.0004901893005092317,0.00012163256952887857,0.006380035709652536,0.0004877713923971584,0.0006855718904626594,0.00043107188757431737,0.00030156956610466007,0.0008262478454102,0.05591478414551523,0.02582880458752365,0.0074585285153354755,0.0001524190289220123,0.000727695647260026,0.00044566334492922576,0.0012087623154866086,0.0004055046162573223,0.0013852944494737948,0.0004005619785411816,0.0010032224143690556,0.00041453536354911545,0.00026110906767896495,0.005049272906144246,0.0017086203961633164,0.005654420302299418,0.003707665036421309,0.0006164787648849097,0.0010995658868960026,0.0020595764292723447,0.013632314354184882,0.002300143888441597,0.00020643150537583908,0.0007701396466103684,0.058431845932527614,0.005227374454051491,0.0211251981098737,0.0013146048948029212,0.0012812329894534343,0.08133565667462296,0.00026507391883238876,0.0001656476882324672
2023-01-30,0.0008446284746308466,0.031299053685995615,0.00040812792498622546,0.0009619399403870172,0.0003234933296615296,0.003208232090523123,0.0003449353223630181,0.0013426156651781573,0.018172152115602642,0.0004888657591790505,0.002553005675477362,0.0003542267011393544,0.000773075202038085,0.0002808622707600936,0.002860401902297546,0.010148848016350394,0.0002871468480821601,0.00032864258631507004,0.00048069918708254196,0.0008318650230725876,0.0005154130393834621,0.00019244676759797545,0.0002886286219989686,0.0036275331855127736,0.00043444513264839535,0.00026665966108465954,0.00024082802699847182,0.00013752255389016168,0.013481982375639402,0.0008258797934088628,0.00019609885987902217,0.0007414411666221717,0.027648212942961294,0.0002255960551588477,0.0008008037317237112,0.0009893539533631917,0.004318746424104535,0.010409062959453602,0.002607060459984237,0.0013227037816782646,0.013281889706702982,0.00026502170147857374,0.00027793008101057663,0.003930802958316245,0.0002692371475228298,0.0008174354567992407,0.008472541003442052,0.0008588732530718653,0.00016472123923799408,0.002902295506362125,0.00028658680094081196,0.005277628617580776,0.01201855376677978,0.0016253627999331104,0.0007491524078825826,0.02557926024257958,0.06427691103559151,0.00028980919406545135,0.0019546035627186855,0.04256446014698418,0.0005077275718569767,0.00013760233657197793,0.006648454275081465,0.00045534620771141494,0.0006664838525182502,0.0004415821957339247,0.0003372264565031462,0.0008306172932638647,0.05802400950339221,0.028139146521973003,0.00784644713283864,0.00015879973377836532,0.0007574766132037959,0.00047396769592492787,0.0011732526939729686,0.00044538057746338906,0.0014702404653949683,0.0004166279782307546,0.0011217286945031278,0.00041915187654625115,0.0002978417140577506,0.0053819084631762625,0.0017526923500378604,0.005828437286163848,0.003923101557748814,0.0006750697907230258,0.0010824265171547644,0.002202899123777926,0.015150535606617744,0.0023299342230991447,0.0002227362697511238,0.0008099168686491839,0.06055549908710307,0.005388071905126363,0.021416060286184167,0.0013879389360998385,0.0014226947296467048,0.084981075846408,0.000271998648063144,0.00019240907681646594
2023-02-06,0.0008201092857237392,0.030345756474708427,0.00039883254046899574,0.000903766521711116,0.0003196133860223521,0.003098928550258019,0.00032500401491280016,0.001253639797451321,0.01762161083786023,0.0004559471219264394,0.0024481267127455463,0.0003245018040136331,0.000783145398892855,0.0002821154390822176,0.0028191533983711534,0.009943673294695783,0.000263867026881513,0.00029613077884144655,0.00046253346883223594,0.0007921199506362884,0.0005075212284076596,0.0001866156885565734,0.00028361804544013334,0.0035569669794337355,0.0004092303619448693,0.0002440015683368125,0.00022528101611480234,0.00012632287855470474,0.013423648983062619,0.0007775019985370217,0.00019693892381093364,0.0007132893559111422,0.026807908350629926,0.00020802954986099775,0.0007879271261481487,0.0009812164997050345,0.004321740374029071,0.010130841304433263,0.002382590769004226,0.0012537012574088623,0.01296690572186135,0.00026457550425276527,0.000273934544296847,0.003765261246007853,0.00026781942724393,0.0007957616691529727,0.008387870983367534,0.000835708842083875,0.00012877211162815622,0.002813232113549466,0.00027211804166866365,0.004981090512138388,0.011663317351995803,0.0016358364746728567,0.000739925560809541,0.024732380774539306,0.06339665569522593,0.00026466102959512926,0.0019158066171591575,0.04044073111634715,0.0004924956262731414,0.0001248943450965413,0.006512167317915969,0.00045106694184104495,0.000663499372642602,0.00043160857042070675,0.0003278196977098878,0.0007930694187776161,0.056109476872817775,0.02781372159933097,0.007727494965537771,0.0001561535021356751,0.0007458588235148127,0.0004461558125096649,0.0011746251392384542,0.00038532501815581697,0.001459756693501554,0.0003789654617219819,0.001023826889142356,0.00041897859328341786,0.0002790210622634338,0.005288294500706372,0.0016724229116590358,0.0056727864699616486,0.003785204060950349,0.0006228209122741976,0.0010493832570965343,0.0021023210102531567,0.01486834492941008,0.0022689126419711755,0.00021744882596530366,0.0007746081204872696,0.060174811416022225,0.005206806990527368,0.021049420700148033,0.0013256588663506227,0.0013422555553737592,0.08351391642874054,0.0002491408345521605,0.00016738466928693986
2023-02-13,0.0007873110039927184,0.03127289734906212,0.0004178272563235635,0.001051580897541158,0.0003194194410060553,0.003365503852702416,0.00034753596421591767,0.0015025098589749619,0.018692450483730718,0.0005009255646186169,0.002648720770569923,0.0003745018398186464,0.0007857403444784932,0.00028483239152092565,0.0027720537566072547,0.010553339095876583,0.0002830840152012666,0.0003446461604257426,0.0004818017341854197,0.0008257327728012448,0.0005343513980310667,0.00019306803178824848,0.00029161584440057903,0.00357089105183503,0.0004176964302094602,0.00027036174015174967,0.0002427760283828817,0.0001432263625398098,0.013800561858553174,0.0008491193870159998,0.00020864871062479314,0.0007612273465904005,0.02761652378886035,0.00023241737090137098,0.0008116572021501902,0.0010434264766003027,0.004178619930867736,0.0106310004727539,0.0028111253859809384,0.0013110860522818528,0.012595818366824406,0.00028641692925491174,0.00027946932525518245,0.004118012815443363,0.0002706203242630276,0.0008367763173346628,0.00882539143517641,0.0008543202210919807,0.00017368501234693915,0.0028873526806088706,0.00027478633667276075,0.005480663411388612,0.012294149580648964,0.001653318016013887,0.0007898829691278374,0.026436891869394505,0.06542023428358665,0.000301526679350778,0.0020337022953223903,0.04379334086573802,0.0005134491815201414,0.00013873123269298975,0.006741699977580819,0.00044811369077939976,0.0006877927942126593,0.000457293149506494,0.0003453675912840581,0.0008553577300189443,0.05988864711770505,0.02683505668807072,0.007699280708913677,0.0001703418033859386,0.0007784038395076255,0.0004817571325231319,0.0011908801684333377,0.00047101909779417373,0.0014541903848572393,0.0003974300676022332,0.001108571629590136,0.00041900890608983035,0.0003143662897697079,0.005163535935224641,0.0018833319665380824,0.005958253858615644,0.003986181570600745,0.0006723488123219946,0.0010665747000948114,0.0023195210799118594,0.014425855841692705,0.002478211612969632,0.00021955583051858887,0.0008178094916161154,0.06270876333528354,0.005813740339560778,0.022610290993747055,0.0014256913482674747,0.0015300574251816143,0.08704740842693462,0.0002707083492045515,0.00020718279723859408
2023-02-20,0.0008973223481171427,0.031808334431670277,0.00038096524138897644,0.0009374435921697331,0.0003068928689997494,0.0033542602838797517,0.0003242270458265144,0.0012838688138143237,0.01843910680811534,0.00044763130913757127,0.002539114963380133,0.0003474993457436112,0.0008189442024248747,0.00029600382534963584,0.002996475519290555,0.010274375232941113,0.00026399185226934975,0.0003299212253087206,0.00046743092694997323,0.0008426312528085876,0.000492642515534134,0.0002132448011043934,0.00029474165674774376,0.003539721030602014,0.00043577733783839695,0.00024408076704167002,0.00024635749933247305,0.0001352749169144989,0.013878216981542412,0.000862368625458433,0.00019992368619252025,0.0007503058906764482,0.02713601800523497,0.00022964390292958288,0.0007782338169193916,0.0010207908543642204,0.004435094730019294,0.01065725013365531,0.0025224180714187193,0.0013075112937989994,0.013497402595656082,0.00028547363538986806,0.00026439281079795234,0.003928671719224919,0.0002543813262480655,0.0007650796097668235,0.00867994649507203,0.0008185275616446194,0.00013499611172868194,0.0028228150410028775,0.0002597439818243896,0.005065579411157199,0.012103656632082587,0.0015972068858717406,0.0007242035723770522,0.02619636762922668,0.06453566343459115,0.0002866437235638858,0.002033371912704649,0.04244168334908273,0.0004634098923589135,0.00012752385804824941,0.006756239654431284,0.0004682426526344958,0.0006641023345623409,0.00043164665282656396,0.0003584945075828282,0.0008149740725431683,0.05803732215544499,0.02887398439089186,0.007816306301474217,0.00015695148233135534,0.0007546885591671886,0.00045960539785139276,0.0011826951049082695,0.00044814701715077383,0.0015337381859842395,0.00038096093084769196,0.0010947815967380908,0.00039340796914723503,0.0002587751108869316,0.005335188114982803,0.0017981956084207468,0.00605166878545906,0.0040348908205816965,0.0006344450780285621,0.0010430447272855884,0.0021433873985819882,0.015653839950471073,0.0022970867938526957,0.00023335723534203097,0.0007755965370969747,0.0619090509023847,0.005293352387005263,0.02215421289878423,0.001366237726439759,0.0013756747834186426,0.08710577109711737,0.0002593508636747206,0.00018498963323078745
2023-02-27,0.0009150120206280602,0.03307245449711498,0.0004306735545024445,0.001041195358830949,0.00033799625565422833,0.0034572843929644966,0.0003527772867901151,0.0014264793391175234,0.019022016797327755,0.0004886308530124962,0.002745228215501142,0.0003773407709647383,0.0008695774464241605,0.000310862017570974,0.0031180916837088924,0.010702979146888014,0.00029295082174460036,0.00037000637356052267,0.00047931718906675985,0.0008529817176749138,0.0005201577947239178,0.00021175269518891132,0.00029178548048776153,0.0037174650327830927,0.0004463475996364396,0.00026649523965427863,0.00027561998813359687,0.00014822784562793862,0.01445713402861236,0.000960256356074906,0.00020352964207366562,0.0007854991626427964,0.028666975344475883,0.0002343359648882852,0.0007943594383915542,0.0010443692783957915,0.004538123396326291,0.011038598859641913,0.002717306123024279,0.0013570355164676947,0.013531595865157222,0.00030882279127797955,0.0002749711067262345,0.0041363422777853185,0.0002602521169276056,0.0007971461299026945,0.008992040131840195,0.0008122534936918403,0.00016574006109238863,0.0029108703412296234,0.00028523206511948116,0.005480070643277553,0.012665178489500831,0.001691101542560733,0.0007730169399182875,0.027275875310627532,0.06715141303049323,0.0003087092410460025,0.002075496934646533,0.0441196167134631,0.0005039828256313314,0.00013402133360783928,0.007038284941125465,0.00043379413984455406,0.0006647854758473224,0.0004495146828029003,0.0003983650172085374,0.0008670914484470827,0.06087849544713814,0.02927835012587311,0.007986055661992921,0.0001678614454109101,0.0007901835263424254,0.00048566757569959884,0.0011765036135629064,0.0005171895090055054,0.0015642772741439532,0.0003890689718726906,0.0011479447489479442,0.00040744431705243804,0.0003262421195366934,0.005431404413982231,0.0019318901957565957,0.0062177317913332635,0.004123776186976838,0.0006905469930098313,0.001118270288016811,0.0023786040036804356,0.01582802195112841,0.002421281176561657,0.00024292948489074514,0.0008366634119199763,0.06639607165553606,0.005890485188982992,0.023495475136194665,0.0014471016919998553,0.0014839218309625236,0.09187443654750546,0.0002733264645776259,0.00020602560170285907
2023-03-06,0.0009877807084564955,0.03339493858569086,0.0004140866381550067,0.0010966421807470175,0.00032641771863797835,0.0035318507604956873,0.00034348527193726446,0.001514203207265869,0.019050125157597263,0.0005223369098571461,0.0026815350272542124,0.0003712327296172581,0.000882433901719027,0.000308021721347214,0.0031998249360233014,0.010944045616276639,0.000298281801244209,0.00036257755719254947,0.00047356280872164246,0.0008837318469845804,0.0005035716094298755,0.00023109451116956012,0.0002961213857011592,0.003633809188223537,0.0004666193529163273,0.0002675530264706578,0.00027441826350597807,0.00015130531541422747,0.01478603679323391,0.0009096799661070607,0.00020780617455218043,0.0007998270900478495,0.028487844012691076,0.00023346503136269134,0.0007854978926347072,0.001056056328074172,0.0045040133823083545,0.011251290365248717,0.00283684661066603,0.0013880387407004065,0.014495389078910983,0.00030697838029949964,0.0002744344210038549,0.00426470240723813,0.0002734076024606156,0.0007950639533796804,0.008984004414049599,0.0008063193510749293,0.00017576272399560768,0.002818727905536644,0.0002802777923670083,0.005805850562992539,0.012910507834826843,0.0016332100564307628,0.0007774089044150559,0.02760536997152716,0.06645454163793867,0.0003191195396357222,0.0021753430463549886,0.04481851943504767,0.0004892978225281999,0.00014001361686669128,0.0070361422674058436,0.0004575228622301458,0.0006448911095617042,0.0004457160358606089,0.0003841770489814952,0.0008914039609460892,0.061223815781218965,0.030563072571639777,0.008092313579290428,0.00017436915599252818,0.0008260482475189747,0.00048804479391820866,0.0011834790789300956,0.00048728065305670597,0.0015737028665116848,0.0003989523213425304,0.0011657822999257598,0.0003990359467213685,0.00034308719130629725,0.0054314050043266365,0.001895039139982786,0.006378156664736628,0.00424045954742479,0.0006909363363333065,0.0010865240752690648,0.0025094907119477166,0.016867389656555286,0.0024814066909594427,0.0002436771017145111,0.0008300478612692552,0.06729243069032755,0.006049488529262181,0.02361225264149988,0.0014517936572007915,0.0016028837498620243,0.09279242401856615,0.00024918609667830223,0.0002097301789389447
2023-03-13,0.001115790520609479,0.035902279190881466,0.000429517776113451,0.0012075164796558583,0.00034504581198164695,0.003774697210647897,0.0003577405795020754,0.001584679003281869,0.019568113483452623,0.0005570325338456074,0.0028271466482369494,0.0003999342309010608,0.0009475269787423474,0.00033844609949392184,0.0035135216695510833,0.011612514570975504,0.00030435885197743247,0.00038374972211943235,0.0004770097498599412,0.0009394360922662534,0.0004858565329837615,0.0002553602113140542,0.0002997037379450386,0.00362593205996383,0.0005103844662149426,0.0002826262591918748,0.00031356080352872934,0.0001654775818291148,0.015800019562881434,0.0009870490219758218,0.0002119276505617677,0.0008337828876316358,0.029959727438255115,0.0002463167376318264,0.0008063157024777943,0.001105867630246882,0.004762294785297924,0.011743381166040682,0.002963910308260999,0.0014557984713260094,0.015913100200534012,0.0003355637079688951,0.0002837858568182766,0.00454170496811541,0.00028653117822441106,0.0008048789822969031,0.009376588231868311,0.0007977523211042676,0.00020716751673966786,0.0027780658545520764,0.0002814853986761346,0.0061999752998454505,0.013791245529238832,0.0016828646530870784,0.0008199266570276113,0.029005992546359324,0.06853305784322647,0.0003389280613587247,0.002256279222724924,0.047019607880252966,0.0005021441058400007,0.00015244194577265888,0.0074953233264989025,0.00042706183432859494,0.0006429359880728104,0.0004557259131399778,0.0004081869232925941,0.0009176228341211247,0.06377046997865124,0.033262836814191864,0.00857262237186227,0.00018395254637978715,0.0008674821673801497,0.0005212729449787979,0.0011390457452265135,0.0005287190485947215,0.0016930817549114516,0.00040225423362913324,0.001268408731145658,0.00041312438096183175,0.00040206976699165017,0.005791341727119431,0.0020080844062965414,0.006694438240487543,0.004465194581730823,0.0007289886331655486,0.0010739853501865438,0.0027138739504873497,0.018490093685724542,0.002634663766795541,0.0002678977925737935,0.0008631901836128632,0.07136159198738663,0.006331563658362901,0.024675669396667786,0.001523732749381663,0.0017545983644505771,0.09885570840657126,0.0002526041871452247,0.00023542620817537628
2023-03-20,0.0010632170227719612,0.03633098911677585,0.00043001873587717777,0.0013185513048130594,0.0003290625688189824,0.003827673218699169,0.00036097384578853383,0.001750644274895425,0.020090101584431704,0.0005602497708526051,0.0029063220082511765,0.0004169676411832389,0.0009345216466206428,0.00033854744353865076,0.003397339550052242,0.012101164809259967,0.0002989759834724143,0.00040540610808141315,0.0004732205387695196,0.0009401582647390432,0.000466405781138704,0.0002516405961254126,0.0003070183870148231,0.0034432389165919004,0.0005023633408065636,0.0002840016632781739,0.00031629440275977844,0.00017206019140219263,0.016213374089778132,0.0010045725779535782,0.00020822588886104985,0.0008554478591785892,0.030214467125338387,0.0002525004114726315,0.0008250186561038924,0.001144723534300532,0.0045619980342663825,0.011914308617877534,0.0031862432236666543,0.0014799669650216829,0.015506889978716099,0.000330185269659779,0.00027931183234764347,0.004763509168039814,0.00029394139517253693,0.000809171970076495,0.009571097935013116,0.0007789283331381345,0.00020928437388793695,0.0026639913071076424,0.0002817627585217626,0.00654898347862057,0.014199096458735799,0.0016599645208013954,0.0008509993829297678,0.029852413458000764,0.06978937326569647,0.00036980944124941436,0.0022970197859710044,0.04897856903564072,0.0005066006243400008,0.0001606196564422034,0.007551741955363729,0.000422553385642448,0.0006471177455415402,0.00046328012902704073,0.0004135351679800892,0.0009515293388373585,0.06618320150396259,0.03220406097448135,0.00833464506256135,0.0001812776404596466,0.0008925645386453055,0.0005291417897369568,0.0010979924146958826,0.0005466385397873128,0.0016597495671539547,0.0003896022124824836,0.0012737890173553845,0.00040234850588058744,0.00042163882796699174,0.005571132047378345,0.002129710902759004,0.006818564024490631,0.0045926591739022605,0.0007366545684406251,0.0010140877642698185,0.002859209330260217,0.01784975266359846,0.0027662566718646606,0.0002671022347963593,0.0008910481421968892,0.07282426103483623,0.006647986649170462,0.025780484113281106,0.0015382290924293668,0.0018892329240034881,0.10091246135732683,0.0002469670605500852,0.0002456434326179635
2023-03-27,0.0012080849966526637,0.0373423204616951,0.00041194171352994875,0.00129428264085072,0.00032147179750577196,0.003998976186328895,0.00034994467698946826,0.0017120587590040155,0.0199776755758608,0.0005549787440198256,0.0029031986948789045,0.00043257903253126034,0.0009821910275824705,0.0003588808287839982,0.0036934649572951373,0.01218273121101929,0.0002864334805576625,0.00040495582237445556,0.0004621604147712925,0.0009871865008216803,0.00043788345235437626,0.00027961936121016274,0.00030483114109264384,0.003424045486676256,0.0005294313478289323,0.00029268594921325183,0.0003340490076006552,0.00017943398102820236,0.016494670688841452,0.0010176473159572656,0.00021361821438703005,0.0008757551256997439,0.030475913735864814,0.000261433480528406,0.0008002099674509012,0.0011605814641420175,0.004854086913135758,0.01223594430243157,0.0031457874821872634,0.0015346167582045394,0.016988114794883876,0.00035012574464991656,0.0002796430331870904,0.004746406929776748,0.00028831458826058685,0.0007788052874661643,0.009650977659515855,0.0007749336324129908,0.00021524649050657762,0.0026521787140869335,0.00026586173814935603,0.006439681949593818,0.014436622867377612,0.0016412717737834814,0.0008502890664826366,0.030535933487183458,0.0694444531338182,0.00037513191366596993,0.0023977507229741594,0.04970434983792082,0.00048391436839842635,0.0001585900908312536,0.007799091196613549,0.0003970925754914265,0.0006237672518287026,0.00045295512714340003,0.0004172509754616512,0.0009346019081378337,0.06651382313415671,0.03510413200567965,0.008883661091726645,0.0001881831625889366,0.0009026212133604671,0.0005423860743034343,0.0010720268887602074,0.000567410565519135,0.0017768577440653863,0.00039873382041643495,0.0013671933911202532,0.00037953004877726006,0.00041419524326228907,0.0059470379798989255,0.002126596910371243,0.007078269105006499,0.004732024771410827,0.0007520251182027726,0.001012433076725965,0.002856502850700585,0.019801559742857303,0.0027645440172316287,0.00027656676540678765,0.0008657921231054287,0.07445549019794659,0.006532996223373914,0.025956598081214987,0.0015617439925781592,0.0018952307874165503,0.10346855016323936,0.0002468684540029211,0.00027234554888802136
2023-04-03,0.0011773878238572001,0.03768235304304232,0.0004234499651314501,0.0014036422993929753,0.0003213083491067963,0.004070512554713594,0.000359260512898126,0.001858169624488193,0.02047167529438734,0.0006000040070342295,0.0029999281018473745,0.00044053816089605703,0.000977957620881588,0.00035042352195419025,0.0036312640736918477,0.012634359903140678,0.0002967066275710922,0.0004283796060669788,0.00046735528177783015,0.000992399127945747,0.0004217604223136415,0.0002707974238690219,0.0003049579366101438,0.0032819754236606403,0.0005324131252701826,0.00030184106386405994,0.0003302154330109745,0.00017948425033301313,0.01687545638039051,0.0010120458905394406,0.00020874815139246898,0.0008888694352030321,0.030696219048989965,0.0002607708969300928,0.0008187888911935133,0.0011712932438409096,0.004683328682210899,0.01231551141245468,0.0033869381791582914,0.001550340223084385,0.016741746679523016,0.0003485611203246925,0.0002852589668895399,0.004978492462355989,0.0002953999667480928,0.000801726248019582,0.009782384887600698,0.0007593050926691591,0.00023579404474406116,0.0025390309970086925,0.0002678961030056941,0.006823066316555557,0.014769950786003698,0.001625232552597938,0.0008799954688080177,0.030935909337760574,0.07034298473482313,0.0003852669388007575,0.0024195031487838337,0.05067955928444628,0.0005032621522125726,0.00016854696055888585,0.00783600294143953,0.00039435537377433406,0.0006230486713121857,0.0004588465661729683,0.00039969621413597236,0.0009812995513737174,0.06827463990907748,0.03449259838115783,0.008830692949658086,0.00018711047474435257,0.0009162314708021402,0.0005560763606113382,0.0010339018580851247,0.0005609894604456081,0.0017131552464575849,0.0003972800412102837,0.0013943946039597273,0.0003774284532481386,0.0004592405714678227,0.005800521385841232,0.0021803738621976026,0.007141949684463385,0.004802521336660271,0.0007723683751784879,0.0009709502689386026,0.0030223045318443823,0.019629666852350836,0.002898474483461966,0.00027313238078795676,0.0009188097892601209,0.07633135790664702,0.007009716358090352,0.02650918449726256,0.0015917345079743581,0.0020286756678958764,0.10552033993545742,0.00024094983025571911,0.00026316232007898176
2023-04-10,0.0012250468489800022,0.038901728617006,0.0004199344745196116,0.001480344950774263,0.0003126906208171292,0.0042684177670925,0.0003715649124200387,0.0019890316966793596,0.020907204203540412,0.0006344272289709988,0.0031683125825510586,0.00048011351696343365,0.000983727089010166,0.0003626529020078858,0.0037196279159478073,0.013140643706809686,0.0003177303656938552,0.00047130583353883527,0.0004810274339349808,0.001046310469836366,0.00040981261553342123,0.00029188871533613925,0.0003290864399962954,0.0032702342170409376,0.0005539203380760739,0.0003290062399183427,0.0003415708723241088,0.00019236122644784585,0.01738582160696286,0.0010823461920517995,0.00021391261090187173,0.0009399551887136688,0.03158600025107314,0.000273324130675413,0.0008408327689699695,0.0012179899992498353,0.004726472793542745,0.012706623804284804,0.0036229716205371113,0.0016467682883430017,0.01719950097227648,0.0003534730734293418,0.00029168139596878344,0.00530036659325845,0.00029616288652895006,0.0008108928808272248,0.01009169509712034,0.0007711289363891548,0.0002522456775600589,0.002561732844419921,0.0002800912590894129,0.0071479704201400955,0.015354328071412428,0.0016314496447933972,0.0009406613815257944,0.03236188692919009,0.07198940617865676,0.00040842692273395493,0.002501353349125918,0.05314886670458835,0.0005139953746127456,0.00017652407282108006,0.008087140246317815,0.0004177174485696572,0.0006236111643279702,0.0004624742246616101,0.0004157678188922268,0.0010223538549474903,0.07142904880375882,0.035333134090158105,0.009158093358433116,0.00019901506231220474,0.000938654905914703,0.0006090919953838266,0.0010161996945594791,0.0005843418124602663,0.0017207359544618543,0.00041765800274374474,0.0014802501508728277,0.0003677654253982264,0.0004829275938841871,0.005923418103459207,0.0023226417124100032,0.007458376795486463,0.0050004304470100186,0.0008081068193280245,0.0009922077408900719,0.003219624980011293,0.02031455419043273,0.0030814074337629153,0.0002799641041659183,0.0009478933071533788,0.07931829850426388,0.0074847823386196225,0.02781785681392832,0.001642871396046811,0.002133270261515438,0.10948124552895458,0.0002636152558279144,0.0002922628829540975
2023-04-17,0.0012576705298044427,0.038729479176298875,0.00042458558843899344,0.0015504887577832743,0.0003168862403752437,0.004364910491855162,0.00038668506353433025,0.002081422681936629,0.021323037807346755,0.0006453737398520164,0.0031867378727514707,0.00048345698791061134,0.0009665489266298519,0.00035802774092478053,0.003741738897497741,0.013583838243198261,0.0003161626696677457,0.00048238542587069927,0.00048079439545160537,0.001061751336555364,0.0004058263453877266,0.00029503012586643874,0.0003230246841025169,0.003193435456453076,0.0005614077671775948,0.000335106405141775,0.00034549146529280116,0.0001950015997672743,0.017667816798885842,0.001104298330842293,0.00021972251864668687,0.0009016833070563656,0.0315663024710628,0.00028379614997831563,0.0008517571287985778,0.0012226004013477952,0.004734050926066893,0.012605096757551112,0.003786838393896782,0.001645969170011712,0.01790571266669196,0.0003754091663351499,0.00029279711705295605,0.005310167143096418,0.0002940191642763383,0.0008514941733549809,0.010218029693480042,0.0007529811252777695,0.0002810515351192455,0.002570563611841672,0.0002741287144925898,0.007412365562588032,0.01575800990529859,0.0015937710397109955,0.0009252409039493538,0.032144688048459165,0.07161085810335358,0.00042525102404853316,0.002514085303159841,0.05354701519985932,0.0005290624314280187,0.00018964384896758273,0.008082333784767982,0.0003943033389447086,0.0006400871975819736,0.0004697643591086851,0.0004102959994770007,0.0010324298106521145,0.07234296867227528,0.035942633577325855,0.009245310614784048,0.00019186915715664623,0.0009321223981686446,0.0006062781098391983,0.0010025502748507657,0.0006346025698056113,0.0017262681885797286,0.0004247433540208892,0.0015259618439424135,0.0003771907611539704,0.000507783305641955,0.005932293242858579,0.002306329121033504,0.00742454308271181,0.005025557628933122,0.0008295915867964767,0.0009733232086209308,0.0033083706464526884,0.02107071330984514,0.0031930642863550866,0.0002799276102867814,0.0009709737814721847,0.07958650824451449,0.007559730005252936,0.027484294181347832,0.0016827864680225351,0.0022550316584816783,0.11099969669276889,0.0002622712237312744,0.00030828572019272815
2023-04-24,0.0012759495471889911,0.04029074773663838,0.0004147500995409358,0.0015568209095567684,0.00030585467761427967,0.00437701519021057,0.00037569863158233205,0.00204071996251279,0.021237682133194262,0.0006278780157472382,0.0031982137741562674,0.00047438855961288653,0.0010041218233117228,0.000372107750046279,0.0038511770624479417,0.01355688581322815,0.00030907071895996805,0.0004866928045003138,0.0004735260310927637,0.0011093229011069263,0.00039072011407402117,0.00029564814034922565,0.0003269869800398918,0.0031253155730484854,0.0005786600473867347,0.000326769258859761,0.0003602705226075144,0.00019745752433590326,0.01790129680417243,0.0011136364301284644,0.00021272599221211003,0.0009746345159290483,0.03205815010033881,0.0002897833946471705,0.0008613662939561533,0.001255924114393285,0.004796492376145321,0.012888408908860366,0.0037104546329830316,0.0016913697158450053,0.0179489977001919,0.00036432351974625553,0.00029308436227500653,0.00543796464244798,0.00030851143086358356,0.0008130640590099625,0.010266838297404646,0.0007601587632387686,0.0002662701058083394,0.0024436443960775393,0.0002730641207428572,0.007359729972844139,0.015789215129876733,0.0016225463740277154,0.0009314996335547405,0.033102875532718706,0.07277315072642929,0.00042898387759487554,0.002578652674243744,0.054841600184501,0.0005080632733222825,0.00019345971626288791,0.008290026316865992,0.00040536562266419416,0.0006282742135455444,0.0004691736020558989,0.00041754050517104073,0.0010506100639808174,0.07258567557449194,0.03634785175417214,0.009231589322601999,0.00020319765687356527,0.0009674796027778959,0.000617029550004613,0.0009761785717067129,0.0006116727346961457,0.0018110095456821652,0.0004128896643056057,0.0015395465116445164,0.0003729384828242494,0.0004947662563615311,0.0060307523586446855,0.0023817149960422834,0.007654190301667944,0.005179497034620419,0.000814006635062766,0.0009289224813955287,0.003336683830597924,0.020914797706419106,0.0031762680845215255,0.00029416033299705177,0.0009839825744827522,0.08020935525123933,0.007433695375241059,0.028105569442049585,0.001670011806309734,0.002275851495621066,0.11237957199194995,0.00025591980201688163,0.00030507721863047837
2023-05-01,0.0013986840315444702,0.04065819684491412,0.0004138675768892895,0.0015677641404366039,0.00031648341623062863,0.00447748270208649,0.0003751968241835475,0.0020393962533691535,0.02116436910258907,0.0006425174300096766,0.003179462895521725,0.0004964178053645345,0.001033901563349686,0.0003907135107142852,0.004028595752696122,0.013714945270290473,0.0003115151581011452,0.0004767208545048749,0.00046454152563176555,0.0011195046746174588,0.0003680553520045646,0.0003223103690502606,0.0003318593401117618,0.0031466220616750617,0.0005894123684027648,0.0003319189569116659,0.0003695133214243437,0.00020642974791508685,0.018324680157399912,0.0010851713111539106,0.00021586486445003626,0.0009534638180159732,0.032183451632963045,0.0002949292333108276,0.0008514761458165274,0.0012595199597690266,0.005014011989775627,0.013020633914343766,0.0037237918934367718,0.0017201438736358715,0.019300418801112298,0.00038180141742879815,0.0002951342914584462,0.005440114206672287,0.00031280551091755364,0.0008083177339321278,0.010326209527313552,0.0007586905147761089,0.0002771355925430406,0.0024602712159364605,0.00026744558938656874,0.007473277159843805,0.01608773654880469,0.001603472520834496,0.0009608528340864656,0.033109645873710895,0.07238370753378011,0.00043634453816896064,0.0026072979343842303,0.054483232442639,0.0005038496623147397,0.00019096170271999698,0.008414113280489776,0.0004218244488779471,0.0006218630457935411,0.00045288893435646165,0.00041136804966355946,0.0010437470335095099,0.07254318494615629,0.03881937208200235,0.009681261052394297,0.00019798717139835685,0.0009755210017982185,0.0006169087089341078,0.0009758520763420228,0.0006024624421056464,0.0018486696930874159,0.00042922111040956233,0.0015934973765392951,0.00037064688995300645,0.000527429611697773,0.006292917618492877,0.002324341474153653,0.007732989506190669,0.0052246244934878285,0.0008142711756465855,0.0009461589916817219,0.003408111978758051,0.022677084201304765,0.003215112014077443,0.00030019358490913266,0.000971668328507346,0.08207015339702999,0.007509409257704133,0.02808960368943442,0.0016635214616489724,0.0022974932487584915,0.11415199765818933,0.00025525998589947776,0.0003051171554239122
2023-05-08,0.001432661887731242,0.04217028680760613,0.0004281967969435624,0.0016637851387287705,0.0003233576869134447,0.0046334884595150136,0.00039375108630215826,0.0021650608727083933,0.02171916253671643,0.0006636333683151839,0.0033376012122857514,0.0005372616890120824,0.0010528921558938017,0.00040369254894089045,0.004087459254387294,0.014204511660096137,0.0003336800016520336,0.0005047172473527818,0.00047489672654579254,0.0011633079594345994,0.00035427429604641244,0.0003268170234515076,0.00033829845942226554,0.0031266481456566205,0.0006103983819731632,0.00035386886828704016,0.0003839122227359246,0.00022020894312061847,0.018931678898272686,0.001133216169077725,0.00021847563744948842,0.0010062061888944343,0.03339971283213365,0.0003068936850443493,0.000889498826572877,0.0012956266931698104,0.005109486325215726,0.013458927081875767,0.003942273172059939,0.0018180232848923191,0.019720237836092322,0.0003853982017406506,0.0003089300331209244,0.00570814448759697,0.00032893063559241004,0.0008299921025291772,0.010569576274595002,0.0007792793132727769,0.00029475068898366253,0.002431557668366808,0.00028647970328409315,0.007810416889633303,0.01665993491904605,0.0016417451839398963,0.0010141066272978518,0.03438886424752036,0.07452028783869401,0.0004586786961334677,0.0026527863057338387,0.05665661717641848,0.0005328736261100047,0.00019973900787600813,0.008651297312257262,0.0004249220599944164,0.0006378945717680177,0.00046715414729780715,0.0004129720661156959,0.0011000286214529315,0.07560358775167793,0.03995946518177707,0.009998816673601668,0.0002028876372718192,0.0010075358563712135,0.0006578687750573863,0.0009413690823421409,0.0006346756344306247,0.001861479691888332,0.00044428853311423536,0.0016963372949601626,0.0003749012172432845,0.0005673279047898345,0.006468878820456459,0.002453428998316007,0.008021699773868136,0.005435219223611846,0.0008648958410249861,0.0009850842389300426,0.003579166153307918,0.023375018530797598,0.003366433256111569,0.0003081788213406107,0.0010333934406138387,0.08551976204872322,0.008002336398050603,0.029319334168943195,0.0017110887716343167,0.002381583783113113,0.11807729876176884,0.00027905650569364513,0.00031536683737497684
2023-05-15,0.0014187673565979589,0.04304823701159963,0.00040981791868253557,0.0017766161678566626,0.0002956250777212029,0.004867814241652801,0.000392374159082489,0.0023553186487192275,0.022216208668394844,0.0007154347674586896,0.0034616998895517673,0.0005574588697423907,0.001041734580460604,0.00039527336401194507,0.004074352683093585,0.014976460496559556,0.00033907457047531025,0.0005374430691750243,0.0004813152479799315,0.0012240001044172902,0.00032507367390411155,0.00034102862970608464,0.000362954888700922,0.0028856995520812204,0.0006298377686038345,0.00037262140740447784,0.0003895981357712774,0.00022358078607143827,0.019439719877911456,0.00118650555432199,0.00022214256026823235,0.0010510072970259937,0.03369337984046911,0.0003249050593385418,0.0008931195443138378,0.0013634875506126362,0.004861565111872502,0.013819161772351065,0.004332618689544963,0.0018997125264877852,0.019922017445382953,0.0003830575729338923,0.0003044123635219717,0.0061329706058427325,0.0003228001770202969,0.0008453860262620882,0.010982035242128029,0.0007828609458003779,0.0003271543367801591,0.0023132437628909275,0.0002660366434646653,0.008395574462941953,0.01740858724787938,0.001583940183931285,0.0010607554634886225,0.03617527253488085,0.07538565587741801,0.0004835587906996826,0.002816705052635932,0.06005850935646733,0.0005214005207388588,0.0002103152343065635,0.008843444939505441,0.00045104712934677254,0.0006323220140721848,0.00046502317062574477,0.0004063618754484626,0.0011481908463144435,0.0790324281412969,0.039598030789297634,0.010009433779427295,0.00022053723735515477,0.001052155372638729,0.000710164819620839,0.000909312292392421,0.0006678043010282326,0.0018239661342173512,0.0004604584947284628,0.0017751451743464814,0.00035110859257263765,0.0005743585234678511,0.006325461337745409,0.0026110775359662317,0.008386477749013497,0.00564370521636972,0.0008906973173475798,0.000918078966235064,0.003837294156104482,0.023400823906799716,0.0036208727053278467,0.0003006158637709643,0.0010516148659779504,0.08709957612046379,0.008581895556417503,0.030534493996747385,0.001804325560735954,0.002586670303974708,0.12135060902578149,0.0002805599400224428,0.0003524359215626114
2023-05-22,0.0015499085437611694,0.04379859795858993,0.0003969714432861647,0.001791797273767119,0.0002903517824827537,0.00496450410385011,0.00039327644166025727,0.002335428232754488,0.022356703940341994,0.0006951335068127216,0.0034507600752443947,0.000570661471503551,0.0010693586910767194,0.000419329879425458,0.004274440388226004,0.01502936299998647,0.00032544396728662387,0.0005401667110023307,0.00047790116175506483,0.0012610409220105239,0.00032028408794566117,0.00035879723142954697,0.0003553189166664177,0.0029144307244773574,0.0006491940487950603,0.00036928375037512877,0.0004024556922921262,0.00022736676686507421,0.01968699571094092,0.001168836661377726,0.00021990388563745047,0.0010574053470183316,0.033974190906706614,0.0003366584146534592,0.0009085792352467978,0.0013725486788886236,0.005151679780111879,0.013942532409490367,0.004320278878961982,0.0019175774479338176,0.02109563796022282,0.0004022769899141549,0.0003043030874267442,0.006090251959027538,0.0003350314099028406,0.0008341816199169509,0.011007108092898687,0.0007812878462673921,0.00033181917086476013,0.002320342592708625,0.0002608975083912648,0.008316217172479202,0.017529578160708655,0.001566967087170857,0.0010510058377497717,0.03622479155529841,0.07551401093624863,0.00048721054876975085,0.0028193174912767324,0.060346382758663025,0.0005133008860547011,0.00021994304542807832,0.009004200284388635,0.00043471194407649515,0.0006448727871836069,0.00046289219395368245,0.00040321660653547134,0.001161154626187434,0.07913706276516974,0.04184147282744021,0.010362181155153895,0.00021340411996140785,0.0010490041583320513,0.0007027912028069792,0.0008944165703551272,0.0006800438996574783,0.001925149643320508,0.00045781585054754535,0.0018332764612540668,0.0003475605462736577,0.0005827850313028986,0.0066308846742403876,0.0026097319433717476,0.008530888591350554,0.0057566415967964905,0.0008988505760226747,0.000926812327656805,0.003805956987975546,0.02493412131157128,0.0036281984246937533,0.0003151084018100888,0.001060154961636655,0.08810582808379548,0.008347262824610364,0.03050599449188874,0.001788871415653071,0.002605823525561853,0.1232258919836712,0.00027708007864093943,0.0003580047429269901
2023-05-29,0.0015601983670190654,0.044083183186215055,0.00040749648884554263,0.0018064371890479014,0.0002971779434964625,0.005052129023977675,0.00039482561369320315,0.002389709789356486,0.022198153545851602,0.0007214262113785906,0.003511299887823228,0.0005907377649184426,0.0010956115761441665,0.00042188278935296726,0.004314027248921456,0.015129618861685411,0.0003379613577701761,0.0005495063684430374,0.00047274503199787717,0.001273500603668476,0.0003206115688916273,0.0003680838497090209,0.0003614303801284398,0.0029350483405442317,0.0006515323734395768,0.0003850519085020994,0.0004048257508032766,0.00023553010586818714,0.019904211824913583,0.0011805878886005493,0.00022796567856675688,0.001096698077016393,0.03428698294792964,0.00032971631745573935,0.0009047151651495958,0.0013978696048108754,0.005165919805754999,0.014111602769795631,0.004336157164789727,0.001981205083972826,0.02123685909793139,0.0004082556046540891,0.0003131367960888763,0.0062103536396371384,0.0003387496678448177,0.0008401763103798553,0.01114389897789493,0.0007898844613028482,0.00033222996981962914,0.0023167213962071633,0.00026914495468777255,0.008331787726908648,0.017716622017856874,0.0016057183783256366,0.0010907691650547838,0.03680152502013298,0.07592215411313012,0.0004927913586551266,0.0028822881766222192,0.0607705052335913,0.0005238194723148282,0.00021456996561220457,0.009153973532044776,0.00043245188078674696,0.0006354196775444716,0.00046521280833034055,0.00039854034422943653,0.001179586384919204,0.07999891912846573,0.0423781669355227,0.01061613469560571,0.00022483914615508254,0.0010731182331496969,0.0007201392125554283,0.0008915898993777782,0.0006654359483586312,0.00193037352441499,0.00046425648841740523,0.001858176332338066,0.0003429452024951118,0.0005983190765699089,0.006710279306190696,0.0026568493870280526,0.008673523545120021,0.00580112659266667,0.0009088077846056355,0.0009525744077486878,0.0038639936626174067,0.025338594179311554,0.0036889577426845437,0.00031401447519569583,0.0010522687142789228,0.09068215290660461,0.008618486268402201,0.03118872536684107,0.0018251394286591934,0.0026237756815688596,0.12515117337529952,0.0002868076941942967,0.000370006032995854
2023-06-05,0.001533943573586613,0.045123714197730085,0.00041028702701047725,0.0018200440846618629,0.000299151538866431,0.005024531384516647,0.00040432233227162843,0.002349227385848626,0.02218533883633322,0.0007015111148194912,0.0035530029627060962,0.00058935648727386,0.0011038252108098122,0.00043749789717537643,0.004315137906543209,0.01514279804256217,0.00033249634328071803,0.00055113119974922,0.0004731325643185786,0.0012832570002885516,0.00029804215983648567,0.0003617135443443201,0.0003558197836820441,0.0028387925064392167,0.000645178115826675,0.0003874898515143444,0.00041003598159284347,0.00024112095478671954,0.02013674768970928,0.001206315437474423,0.0002203698954946616,0.001128918726033434,0.03469939511665114,0.00033531084672930734,0.0009397763424041362,0.0014126212525092914,0.005252997049209859,0.014081376386663047,0.004303006288656164,0.00200496305971478,0.02109421896599241,0.0003986699447125931,0.00031760069754495617,0.006292608219692457,0.0003538639004807836,0.0008344252217525348,0.011261231211857266,0.0007984684653084304,0.000324609535629951,0.002238158342715678,0.0002714709216289106,0.008332953804358407,0.017676591616928843,0.00164590055390533,0.001117126218215151,0.03723169926250375,0.07752978963619864,0.0004945311578050274,0.002858040599039151,0.06112182695725302,0.000530524464224156,0.00021675317134772735,0.009320547535128811,0.00043072445087051644,0.0006423544062526551,0.0004663506313648237,0.000396525750027623,0.0011836072010329196,0.08052628210690736,0.042464594774030355,0.010718556455476284,0.00022239660645936073,0.0010772415037336143,0.0007327535839935637,0.0008431081621914378,0.0006618305470514553,0.0019712648913213933,0.0004625429614490884,0.0018728169312742546,0.00035662217857817294,0.0006130111709784439,0.00681279221861764,0.0027071061271284878,0.008781196116676175,0.005874639484576851,0.0009044562253062536,0.0009246836400706775,0.003892765098207864,0.025074733532738765,0.0037448566293643622,0.0003189593038219856,0.001088063697947794,0.09123266250859631,0.008621259114992706,0.03158457605477494,0.0017902531402859512,0.0026243295929404297,0.12687073350559402,0.00029608214031797217,0.00035649892301050566
2023-06-12,0.0015904258701954555,0.04553481823516478,0.0003895888693785371,0.001841470105208966,0.0002836751869617401,0.005200642063786943,0.00039553712822066743,0.002389233937048815,0.02225897965956041,0.0007114126146141962,0.0035597829493023104,0.0006106414990204532,0.0011028872687499076,0.0004414245859616589,0.0043402001241600345,0.01535675727833615,0.0003214652854259119,0.0005445099968652619,0.00047651075196417504,0.0013111663042857352,0.0002742640782308402,0.00037674077997546445,0.00036657144020419764,0.0026825307955562136,0.0006680230001477076,0.00039149938972945966,0.0004073220057975054,0.00023958873422525037,0.02028660198358579,0.0011859527957979673,0.0002230746308520226,0.0011438517935067531,0.03457688222439986,0.000343991624735289,0.0009376521848116576,0.001443146947571482,0.005280592873075933,0.014264735731361309,0.004392577262192562,0.002055618173718166,0.02178796821416462,0.0004049290808493699,0.00031711444488450463,0.006376170210279237,0.000357447445266231,0.0008284602270474714,0.011323966200562429,0.0008070541811682221,0.0003380130070842075,0.0021735164981795973,0.0002500892860417726,0.008414571584105905,0.017887467615707076,0.0016178748689983213,0.0011273344796677793,0.037899328307444524,0.07697108850548078,0.0004996257616330836,0.002914433469143729,0.06230813430281505,0.0005230534695589055,0.00022121566848777206,0.009407675922928377,0.00044490236160176687,0.0006495678107472724,0.00045879671243527086,0.0003869619692576037,0.0011973544404574549,0.08103835113792221,0.043625613167427975,0.010898008932747267,0.00022506127006895698,0.001089520770929119,0.0007446928728299052,0.0008161880229717881,0.0006585143834057965,0.001961568110144328,0.00047190104871173267,0.0019313298312517943,0.0003375847624056135,0.0006128825912229078,0.006866753829677917,0.002732379939731919,0.00895337183715991,0.005985431009914173,0.0009118587468086475,0.0008749706724087669,0.003931180583859017,0.02582904299609058,0.003817664551594742,0.0003225305741281863,0.0010796887634313202,0.09125173477681676,0.008622083181445384,0.03181375229630356,0.0018291988724283743,0.0027067546161285132,0.1272864833596041,0.00029663301117977627,0.00036600451095120394
2023-06-19,0.0016595583923107219,0.04624772479824393,0.0003918152697445873,0.0018267590157141406,0.0002828458824091713,0.005314172989114337,0.0004038719860714027,0.002405629726292884,0.02266636337941828,0.0007095567341438567,0.0035990581853056506,0.0006053303143821872,0.0011367335196921452,0.00045200788095574784,0.004536557389975237,0.015519479966851752,0.0003262226340967155,0.000564809197050698,0.0004772787181931263,0.001354691849410403,0.00029198940586349937,0.00039137279308096426,0.00037280381529380545,0.0028017767361129798,0.0007052563683730336,0.0003934007391993272,0.000417238540197639,0.00023959994265492908,0.020494789670039083,0.001242857069000398,0.00022691043112581997,0.0011692382652608677,0.035010478254774116,0.0003693412732970226,0.0009340832270937062,0.0014713837517052232,0.00550182587696748,0.014366876180134247,0.00444342458501296,0.002093583355575937,0.022251543123809555,0.00042783696496924114,0.0003191802090108573,0.006355279857255537,0.00035015892544858044,0.0008373054595369822,0.011704980199714264,0.000818706650496358,0.0003358196853461,0.0022900450959525563,0.00025618503728951623,0.00839622031813613,0.018171690941038002,0.0016277727937924723,0.001113035043784464,0.03828847485131619,0.07789805024476534,0.0005065652488285625,0.0029899756660869046,0.06395828179274128,0.0005017287475717919,0.00023148679832638036,0.009571462963116421,0.0004463689353276658,0.0006604236880404248,0.0004552386697276629,0.00041244463355170116,0.0011929216845075466,0.08232601145885411,0.04446998716073204,0.011020472724245226,0.00022921005787680319,0.0010914400237138945,0.0007326020673330314,0.0008429186968459884,0.0007325120661081591,0.002058369848456653,0.0004635995555480872,0.0019750011188711942,0.000324352509291816,0.0005888414433597026,0.007055311997344431,0.002738520188906456,0.00914837667979722,0.006150491927562146,0.0009422599558585132,0.0009596907427357076,0.003999233501783398,0.02661556450067233,0.0038108062619235067,0.0003336472100264767,0.0011059870997321927,0.09223454912513881,0.008536275656385095,0.032192349724647386,0.001898861136095567,0.0026963002638256076,0.12989424415086787,0.00032247250310437356,0.0003825886969786489
2023-06-26,0.0014929902701815412,0.04519401038444971,0.000400060780363196,0.0018176943401282109,0.00028158823237589597,0.0051249385679372865,0.00039739945872960584,0.002398626884589036,0.02223975851005295,0.0006825278210267909,0.0035874159397934133,0.0005908321485632496,0.0010862631180176292,0.0004359847128243907,0.004204960730565872,0.015203872530498147,0.00033024684346461095,0.0005594488071375963,0.0004745431922504647,0.001305080025908748,0.00028109233593182737,0.00036103520875486577,0.00036481672776984895,0.0026788931838099697,0.0006467056312129012,0.0003841835755750338,0.0004046510213399434,0.00023645595660296887,0.020170162729948857,0.0012182403097991206,0.0002187046424975677,0.0011622425013816653,0.0345823554872127,0.00034900375387262423,0.0009387334801612898,0.001461168430307108,0.0051495155708869075,0.014186807031560701,0.004364591679329167,0.0020554580128584288,0.020600586348089193,0.00039800208460812726,0.00031210258909386394,0.006370477811892996,0.00034722745400084286,0.0008180084577279267,0.011440802491623315,0.0008051865482257586,0.0003193947434067388,0.0021734187379249324,0.00026730090113020484,0.008249799833209554,0.017695139070810342,0.0016272864207172997,0.0011319765656379738,0.03808240741449038,0.07780295859431034,0.0005020498145623895,0.0028935365873745244,0.06277056382799638,0.0005088203952699774,0.00021291791607536598,0.009359362261093976,0.0004620683824053658,0.0006498236534176458,0.00046720700573461263,0.00038584563932159263,0.0011839129511562972,0.08156696943547534,0.04166860437318022,0.010587200778786691,0.0002262181520039978,0.001092905094679028,0.0007231462988628779,0.0008250650714576237,0.000680472538337736,0.001964439342554272,0.0004622568834143932,0.001918632886695909,0.00033447638211499937,0.0005926603079900233,0.006701415284944292,0.002777866211890568,0.00891596184229419,0.005995630584843894,0.0008900380401769676,0.0009050062004608987,0.0038981835863674463,0.0244399853677909,0.0038132632112560247,0.0003218090778622611,0.001098855067224377,0.09081257165347961,0.008643202742474229,0.032213304910714294,0.001814482797455969,0.0026319010926452785,0.1263632853532256,0.0003028818616881597,0.0003543620209197971
2023-07-03,0.0016095989039395186,0.04658397318779224,0.0003935653674342106,0.0018010599487621706,0.0002849496271128114,0.005283055013520043,0.00040349264561311476,0.0023440361433307135,0.02257918426351735,0.0007170953323231558,0.003638304306842839,0.0005939181473331734,0.0011111064460803855,0.00043837836436999003,0.004416955250348374,0.015291038447867618,0.0003326068859962195,0.0005563384399068863,0.0004890238563654472,0.0013632962113182337,0.00031165897509990894,0.00037407593995574765,0.00038008366580668396,0.0029146762463566215,0.0007003452937862953,0.0003982248685861586,0.00042459210520547183,0.00023805634144719197,0.020268113126140467,0.0013004334026450214,0.00022440097442552625,0.0011861104903131638,0.035193063708246874,0.00036232570471772795,0.0009188410371655177,0.0014842447059026237,0.005360212650944964,0.01441477835819837,0.004410307701906362,0.0021098823456701414,0.021653618236286344,0.000414066403135561,0.00030714994035819886,0.006429305706160389,0.00033677409340957643,0.0008178058526717016,0.011634550124334902,0.0008221938753759039,0.00033808805442963675,0.0023649396557912585,0.0002534735830152907,0.00837410631917038,0.01797871087597323,0.0016466112054738986,0.001109557629365376,0.0388515773764749,0.0779791142103718,0.0005012484210614512,0.0029781169232775103,0.06391737137462455,0.0005007691769545589,0.00021365573558730004,0.009604999765064112,0.000473730705230352,0.0006432464226479461,0.0004585870572400182,0.0004234352848963938,0.0011876894102604096,0.08173914122496131,0.043295506662332846,0.010813779361633259,0.00023682083688602147,0.0011058970881049424,0.0007374735948088983,0.0008803721412015108,0.0007519968255759225,0.002014937416897631,0.0004752332264336364,0.001960026758254617,0.00031619715532967544,0.0005741931678566735,0.006882850947360198,0.002802880450767146,0.009188490699033672,0.006121282274047262,0.0009267008998587273,0.000991990670850041,0.003969773858236667,0.025468205945074148,0.0038177006010933962,0.0003300629887733266,0.0010747623104845226,0.09088011437796222,0.008417258280300438,0.032401754458211966,0.0019203234859501267,0.0026795084982669964,0.12921047811685724,0.0003258517819833399,0.0003834934298622844
2023-07-10,0.0016236516873037632,0.04632574752109789,0.0004131066595160171,0.0017807014289108823,0.0003054884100231201,0.005251566762642786,0.0004026394389679303,0.0022911594025761613,0.02240150572114713,0.000709554261749549,0.0035999162751796728,0.0005762665382082956,0.00118278040763292,0.0004487413551599504,0.004508247039719471,0.015112551206033789,0.0003374038570323787,0.0005663875192333808,0.00046567797347389417,0.0013236160689035303,0.0003095839600182283,0.00037866942145768314,0.0003520723299587872,0.0029365518723817397,0.0006779940529328548,0.00037792455567814165,0.00043793959390990876,0.00023824628199366844,0.02047064250349263,0.0012999315425233295,0.00021862076333308946,0.0011839667568096862,0.03520217941449183,0.0003540488596852714,0.0009140253583765555,0.0014745473068598798,0.005475118095421339,0.014344242761368501,0.004352197678765358,0.0020819638858260844,0.02168374902579254,0.0004310669718685106,0.0003009407209159866,0.006385670989306378,0.0003474029608691597,0.0008127853432860914,0.011716873736153266,0.0007935619243183667,0.00032809922669741663,0.002291516970228544,0.00026011124980442085,0.00828358786481163,0.017992926399041754,0.0016763916477858277,0.0011077131499057265,0.0381839922772266,0.0782527843350308,0.0004902621970549439,0.002965786947344968,0.06241788687595741,0.0004915589541905188,0.0002074355536023725,0.009685368892611432,0.0004559976079219247,0.0006499013099630718,0.00045670002637290125,0.0004141976170443869,0.0011888672381537547,0.0811271111758462,0.044084956391628016,0.01091326245828424,0.00022699359514369584,0.001116460287642436,0.0006891521337911089,0.0008486697381429358,0.0007509472825222728,0.002064209424027596,0.0004554465621879891,0.0019272181354155209,0.00033329156187773243,0.0006043927515763745,0.006921478756054318,0.002793110280529092,0.009210546685589491,0.00604110162962604,0.0008995979656397439,0.001012115512660027,0.00393932844123219,0.026086628305949322,0.0037981903211126737,0.00032876421970031523,0.0010833618241918488,0.09387558607019184,0.008603196435224714,0.032614005000692343,0.001881737289142582,0.0025820787584654686,0.13084034558473118,0.0003151354238575137,0.00035593539017830046
2023-07-17,0.0016757518753154044,0.04703876434828646,0.00040266438134049066,0.0016955468748920336,0.00030219167096937933,0.005251396703572228,0.00039743973213252466,0.00218052295168302,0.022141550010960912,0.0006803905405635736,0.0035670735478380657,0.0005741735126660528,0.0012173056881077376,0.00046543578552219584,0.004709075333517694,0.014916817679989394,0.0003301843647914543,0.0005459987806336089,0.0004697037236108556,0.0013465992630859428,0.0003181661527388072,0.00039653985703159956,0.000352482186573316,0.0030242370516795876,0.0006927088695864906,0.00037182947029597036,0.0004438084884912204,0.0002369841113954065,0.020400395991169974,0.0013248788366992269,0.00022116381814511922,0.0011965503034724583,0.03543082432000716,0.0003689219036338014,0.0009052908401637185,0.0015046932754260317,0.005745348676743278,0.014378813919010086,0.004218673037773716,0.0021110320908337785,0.022227489496825542,0.00044096691271946174,0.0002981341726786469,0.006267609136725051,0.0003474514798125983,0.0007846521840502588,0.011710135556788617,0.0008169142835594263,0.00031248859648107014,0.002334012096992276,0.000252880331181785,0.008003980075362111,0.017855962284868934,0.0016782371819836733,0.0010889741920978434,0.03851808298147204,0.07867572132884472,0.00047887644598344786,0.002952128434655598,0.06278606463721963,0.0004717117093086985,0.00020047293767430275,0.009781400728405394,0.00047174220286650564,0.0006612015628062354,0.0004487938008850243,0.0004256937940353464,0.0011598092198396054,0.08087382596592968,0.045324899825453444,0.011118125764020334,0.0002290071705740753,0.0011100284816045816,0.0006868440029090509,0.0008775256478157573,0.0007700251441931873,0.0021430816501131164,0.00045839493512814163,0.0019623450018632057,0.0003274213243837093,0.0005555080532415694,0.00718578421115339,0.0027680651286365473,0.009331025089212554,0.00615036148296924,0.0008891286647339767,0.0010462008450736922,0.0038159232120643085,0.026767466912316296,0.0036789158089048893,0.0003346338656718844,0.001048988009823087,0.09345065474447367,0.008250218921880041,0.03240457304282102,0.0018924209073065046,0.0024829724451899946,0.130822657701089,0.00032266227130878017,0.0003593341446112586
2023-07-24,0.0015970532583490598,0.04628146481087802,0.00041497013550284757,0.0017484580074471764,0.0003039588060741504,0.005215095894370889,0.00040337375490821515,0.0022799467743107532,0.021991393851904097,0.0007155913116533627,0.003618432145706289,0.000579809040690651,0.001186679598015312,0.00044969046112119796,0.004517907597409975,0.01489258062953857,0.0003426654126276213,0.0005621279071068022,0.0004733572500934208,0.0013405531221301588,0.00032432515649798366,0.0003768373779843599,0.0003493062855307646,0.002988460844222064,0.0006808174578979665,0.0003870769158220909,0.0004276816782314675,0.00023694854866974205,0.020177372250538388,0.0013018284687995117,0.00021928924875709002,0.0012171287091743111,0.03529433670923556,0.00035451312470068276,0.0009240588449040057,0.0014777129748073823,0.005509583890308955,0.014213827452187942,0.004327589554816075,0.002121431379448779,0.021498416503598457,0.0004184965916621069,0.0003050517568896281,0.006401180060661847,0.00035448181860852317,0.0008237212708716544,0.011777310146812428,0.0008363397715194058,0.00032879124462706973,0.0023333293456554815,0.0002659532805030818,0.00815799219233845,0.017733346571876855,0.0016984871700679658,0.0011275596603373592,0.03832757975674741,0.07868844299358492,0.0004772705982366378,0.0029444155407062403,0.0625881619051228,0.0004950875949873744,0.00020467735457168783,0.009729059683682713,0.0004617131714983988,0.0006591099615554357,0.0004561875894685968,0.00040057031359314006,0.0011918055907522511,0.0813375331513571,0.0439863697270768,0.011073812518174086,0.00023064878984792385,0.0011119730150355236,0.0007044815941805395,0.0008531686813245995,0.0007466060781799848,0.002053731842504748,0.0004749597606052728,0.0019381836912543905,0.0003331612573527228,0.0005924308229022078,0.007026194637020578,0.0028042593624937884,0.009293783152556388,0.0060531135194419675,0.0009137157793843922,0.0010558270374482087,0.003888125517184074,0.026049368917304076,0.0037747585353995632,0.00031942665285797595,0.0010709628023324689,0.09364922988480792,0.00864150613053072,0.03252683508745439,0.0018961699234789173,0.0025308630638045714,0.13050893928863724,0.0003318293019487575,0.0003573439634354896
2023-07-31,0.0015309073646410857,0.04510299259363483,0.00042508289479600484,0.0016320484647679872,0.00031563501314515416,0.0049733645782306865,0.0004063124957378244,0.0021241888767525863,0.02153290771966116,0.0006621544783692878,0.0035308507168173827,0.0005711580161758157,0.0011363610568626873,0.00044059303764141573,0.004362852611401093,0.014436627579420262,0.00033093145687050613,0.0005308018688526897,0.0004697281285296317,0.001276045247347879,0.0003525480876035849,0.0003515100655768668,0.0003358645738177435,0.003126244723170862,0.0006455357369977372,0.0003743577736182029,0.0004188540094882803,0.00022858612728954403,0.019578588281406753,0.0012922128419908712,0.00021381180108468205,0.001148468017924442,0.03511919281801753,0.00035208092588157497,0.0009182404852411114,0.0014362009810303849,0.0055445958793242395,0.013752633352295858,0.0040513029318690035,0.0020488875501571144,0.020738475818282004,0.00041207982112533416,0.00030092031964234177,0.006023855117706437,0.00034363630210655204,0.0008235817876466556,0.011361954662985204,0.000846898932920488,0.0003094973812534852,0.00245789584974865,0.00026902159542297274,0.0076576699200294075,0.017192322902511162,0.0017253062672242681,0.0010835330442546243,0.0368907753411215,0.07768300830868012,0.0004599911199226023,0.0027973439970466053,0.060489799401641536,0.0005082083027977952,0.00019203532665174565,0.009478811255209415,0.0004418165614600527,0.0006721594626134209,0.0004555258020952393,0.00040823741224204046,0.0011368817730628075,0.07896501280290741,0.042651134880104774,0.010829865080211415,0.00021879600593122242,0.0010737503404937602,0.0006665249576718598,0.0008807402981978188,0.0007500129280087883,0.002032393206343811,0.00046350730599178393,0.0018898613284389623,0.00034972836803599724,0.0005590054150160068,0.007001059149710846,0.0026978606495655613,0.008873021528284293,0.00584498180765282,0.0008811036174395877,0.0010891189611091324,0.0036285841713611273,0.02492886275541219,0.003594563235005501,0.00031059475513511544,0.0010594347149809062,0.08991398180671947,0.007989797680811962,0.031169285474102817,0.0018382897170699326,0.002389570305167236,0.12582613553568758,0.0003377093754440366,0.00033925296474456425
2023-08-07,0.001513527561278424,0.04486699681527695,0.00041686587188890134,0.0016177211233237348,0.0003069750998225261,0.004963374968307961,0.0003905701661246481,0.0021162663041977008,0.02139468549897049,0.0006791381659916811,0.003507009581521747,0.0005450687762739463,0.0011572149616584878,0.00042801134738498135,0.00439325220600622,0.014147498523312348,0.0003259067035106565,0.000533934219346283,0.00046921440742154867,0.0012852029613260472,0.00035404115240198565,0.0003534237402498588,0.0003382153844410411,0.0031172192817782345,0.000657910307787979,0.0003754530779104388,0.0004088840378213886,0.00022158457574838125,0.019252541767572125,0.0012805270187463648,0.00021195723662856335,0.0011833683929126627,0.034504359157562725,0.00034347507153292226,0.0009002551191802246,0.0014315500837362109,0.005464368703066042,0.013715279168930717,0.004058670379612596,0.002063086223706755,0.020527942826395692,0.0004032065553937049,0.00029886087771598244,0.0060525223623236705,0.00033606336619149054,0.0008061014372771184,0.011469939758452003,0.000841566329203201,0.00029659101331328805,0.002443131520203349,0.0002616172486818264,0.007647720239981919,0.016843393849951965,0.001710679840555976,0.0010723049385491879,0.037190695227069824,0.07749018143720775,0.0004484360986522878,0.0028412502161710325,0.06086388059187499,0.00048652724727762367,0.00019061022182752737,0.009466239475806585,0.0004379622078828808,0.0006485671614113407,0.00045444136755075186,0.00040738903661341946,0.0011170762362937372,0.07855553440567978,0.042343936697007874,0.010726784476240458,0.0002255230516560876,0.001081263644718258,0.0006754114899738236,0.0008928568308406868,0.0007399623235752125,0.0020303988734603822,0.0004602822750902498,0.0018467701067805585,0.0003314999497711899,0.0005267735241196749,0.006922624024200706,0.002688986160063323,0.008958717139647548,0.0058683852741533565,0.0008839404915043769,0.0010832312237802344,0.00365156743225944,0.024678039735760098,0.003582640998217255,0.000309610126164612,0.0010333737353804572,0.08953626855159684,0.008055714752501913,0.03144130727166401,0.001866884301873875,0.002365941688344991,0.12541942106044715,0.0003290215076079708,0.00035213142478582836
2023-08-14,0.0015532180170412223,0.04502746328837923,0.00040516722735870663,0.001600030770706957,0.0003057038527041951,0.00503748999906589,0.00038785460901014047,0.0020876800298359794,0.02150143048024788,0.0006906251579917276,0.003485701011342609,0.0005377941137904517,0.0011839304787311653,0.00043561019205016935,0.00450015961315718,0.014249590419198524,0.0003411074934416982,0.0005313201226512425,0.00046699672856092314,0.0012942117945657073,0.00036034302779823724,0.0003686456315439442,0.00034039324156061475,0.003173145486615821,0.0006564357082588369,0.0003608481113552283,0.00041666616098690826,0.00022105101526856123,0.019484687331261165,0.0013001522897378578,0.0002173305347991841,0.0011677930267647734,0.03455099031914271,0.0003471418299391647,0.000884489673441725,0.0014557961423040963,0.00550286518835648,0.013788772006948884,0.004141743205603892,0.0020403382572500585,0.020879016386869335,0.0004220833719357896,0.00028881056043278175,0.006148578944555535,0.0003339614151169031,0.0008089816139088521,0.011536279835582353,0.0008482663598397755,0.0003016205943054629,0.0024414816164676115,0.00025352639591167097,0.0077997618953006,0.017170360968133402,0.0016982890355818252,0.0010748306674973136,0.03711985341861729,0.07748528427667443,0.00044262866322395826,0.002875452457582818,0.060270067153053816,0.00046227672400558114,0.000186045026861715,0.009517941395621522,0.0004762478776371027,0.0006619217639949762,0.00044263465306351615,0.00040129179037686147,0.0011410803764987365,0.07867245006862389,0.04293014007280117,0.010810398023690907,0.0002275362200861826,0.001085196160060263,0.0006589684403290952,0.0009202782554221679,0.0007450861997202134,0.002024283359097717,0.0004617691393848696,0.0018479212416077039,0.00033467171401693687,0.0005228016117547993,0.006921713909909118,0.002704735226280204,0.009070813491682525,0.005867839651071202,0.0008666634460431328,0.001117482270594215,0.003684777183211747,0.025363262277462585,0.0035925172256818837,0.0003041681360595664,0.0010086868770279012,0.09117563043082076,0.008261567386096924,0.0315140401929587,0.0018657574411672449,0.0023128534036084454,0.12685780705954444,0.00032940927928885476,0.00034307119378405203
2023-08-21,0.001602491819470633,0.04554245945746263,0.00041511293871943924,0.0016158641327373043,0.00031791562373148714,0.0050883350535903555,0.00040064847043288365,0.0020676904364697797,0.021568967042544972,0.0006955709973325927,0.0035170095780003583,0.0005242567665086381,0.001177384867635997,0.0004281517322219353,0.004516085499874938,0.014277335367651108,0.00034565560820217845,0.0005304857051761602,0.00047766503791179854,0.0013200276645686125,0.00038438214147948476,0.0003715889733107027,0.00033843810686144226,0.0032800914015531607,0.0006845602484339334,0.00036875511603104037,0.00043364088950896215,0.0002186218691836003,0.01956841393291299,0.0013338146933168868,0.00021004025103443363,0.0011786651853173697,0.034871473980693984,0.000355414449600354,0.0008893346714463785,0.0014469641240038422,0.005547170936667715,0.013800502367517708,0.004147438544624048,0.0020740398148927624,0.021383866595696466,0.0004223571098176125,0.00028146501520887415,0.006161769364079818,0.00032737955023352827,0.000816071378249042,0.01170912354471224,0.0008344649243342028,0.00032046634474150595,0.002547658007433795,0.0002613871069904309,0.007972097570138914,0.017160329888130255,0.001682249414418424,0.0010501920474899286,0.03754279149565558,0.07767467323413862,0.00044973902231300767,0.0028648007891089932,0.06106497014165459,0.0004628487796305039,0.00018801709860823192,0.009591826358736184,0.0004839356411052258,0.0006487542173236808,0.0004468348025249787,0.0004141269862744692,0.0011460936606958287,0.07856659218543528,0.043615580474900224,0.01071709937937082,0.00022295711134537918,0.0011064728471053165,0.0006505749246605514,0.0009384942457377681,0.0008058817347868359,0.0020713865594541095,0.00047713537488222997,0.0018823599595006795,0.0003334002340488943,0.0005422861861206651,0.006911312828612638,0.0026933527351104152,0.009119418096567723,0.005914790119878806,0.0008765155413792485,0.0011556021580012973,0.0037318012127508654,0.02552109252425499,0.003639923687992383,0.00031917080849377174,0.001006394405143567,0.09011434316211073,0.008061437378732994,0.03152774357672125,0.0019080789667950092,0.0023793162104125704,0.12736221225483524,0.0003211011645792882,0.00035136185440568044
2023-08-28,0.0015269081505053326,0.04483766173308695,0.00046376438125146294,0.001635112796732446,0.0003552043515692992,0.004858162709162344,0.0004192823279123268,0.002063584253361991,0.021372797184751723,0.0007130692437411335,0.003557877453989963,0.0005294052472515168,0.00117479820576934,0.0004296003040013352,0.004408088169781852,0.014261182464341373,0.0003575823200130407,0.0005166594113258691,0.0004816630180724904,0.0012573791878897132,0.0004049404386282718,0.0003475160915643586,0.00032915034052462933,0.0034271097051649458,0.0006547494635986805,0.0003730584766344455,0.000429579455965036,0.00021929840052709664,0.019634822964783243,0.0013608454943764051,0.00020268296457098077,0.001148530921180257,0.03522161909514204,0.0003419906015797134,0.000904133547954906,0.0014177208621871254,0.005566204964397694,0.013597734579921947,0.004106931557258256,0.002040235189651821,0.020702900856437414,0.00041330455512541967,0.0002900645080419565,0.006089245821519942,0.000334220107019774,0.0008414257581679599,0.01159098607794707,0.000844610517320603,0.00032037467388039604,0.002602463142971831,0.00028152337798059305,0.008077191891353029,0.016989471245962756,0.0017671383514676845,0.001083472174277441,0.03687497990706912,0.07866044625926755,0.0004382061618956553,0.002778423733476342,0.059275243976125214,0.0005069002209577511,0.00017056222012622256,0.009519072640071416,0.00046371304400484386,0.0006568761802473222,0.000459346626654592,0.0004237560846028673,0.0011308895524507001,0.0782969051840407,0.042689138238975494,0.010654365076916014,0.0002151020736884245,0.0011003141618330392,0.0006511670014327349,0.0009550520945644224,0.000804668761316994,0.0020047136955446618,0.0004806460302808177,0.001819794044477802,0.00036145968203349805,0.0005910398319971511,0.006894414023227885,0.0026671516276352515,0.008897729815947558,0.005754609770310393,0.0008934486494104154,0.0012164281015284045,0.0037538818220074076,0.02472560547928048,0.0036370969581963966,0.0003060896929936797,0.0010280746576535199,0.0913448840917354,0.00833629326885028,0.03152276529365046,0.0018881439781026155,0.0023456958681956895,0.1270775610944096,0.00033364110004864144,0.0003326833019507749
2023-09-04,0.0015267618787018257,0.044062300612617004,0.0004376204460271528,0.0015143175805380962,0.0003424939339391427,0.004784773944008412,0.000399218901025226,0.0018963077238135287,0.020693259447780308,0.0006465392104300764,0.003401134360386738,0.0005222547233551894,0.001165201155939648,0.00043700393261472247,0.00440819034066697,0.013781421678624745,0.00033014242215621836,0.000493761889686803,0.0004627469823382393,0.001214281201717177,0.0003934516387422663,0.0003561705527793043,0.00031855903193682634,0.0033821331720851264,0.0006276687856803813,0.0003510376441204343,0.0004203636307239758,0.00021738143375403033,0.019203250831062613,0.0012930281537836385,0.00020732449029447735,0.001113888482041385,0.03448105499021177,0.0003348000650711012,0.0008877030652135001,0.0013893531449269679,0.005667967083981679,0.013234805187426348,0.003826388721470561,0.0019870019595695483,0.020843243116013467,0.00040810566921434363,0.0002826023688164787,0.0057960697819198674,0.00034050022423671533,0.0008166756710214002,0.011292655235577358,0.0008485818856951912,0.00028508861291109836,0.002583174041478892,0.00027338686187545894,0.007483022811001931,0.016633881938914775,0.0017387453414406551,0.001053734777983494,0.0355986107353294,0.07699937011923728,0.00042224265463556296,0.0026916153986696538,0.05742143249486532,0.000492697030680022,0.00016964134527285577,0.009364323277382014,0.0004443482938043449,0.0006685123034375684,0.0004506399027052056,0.00040345136447059903,0.0010726294811592356,0.07602870919188548,0.043214107947333755,0.010758064067057389,0.00020703735369525698,0.0010628355688181237,0.0006164427331599837,0.0009321481678608442,0.0007568332338435996,0.0020548995904899267,0.00046184401748452554,0.0017870683687455087,0.0003683636309316039,0.0005423445697644498,0.00701950190249707,0.0025712100709540317,0.008718027597525806,0.005650897084969103,0.000838443946598649,0.0011885295320620607,0.003453304112621528,0.02516748215190106,0.0034756326556492708,0.00030495083900606976,0.0009837720873600683,0.08915726377375552,0.007747649640507013,0.030323149386517017,0.0017963263502869535,0.002159999579582299,0.12423679705063179,0.0003230720717050487,0.00031984040352511285
2023-09-11,0.0014927105179847635,0.043546856948315824,0.0004584244093166345,0.0015379428122133608,0.00035970833784032606,0.0047199476247139025,0.00040875120231615916,0.0019279574747768742,0.0207399808736569,0.0006917271047163435,0.0034497957569127905,0.0004954383839406829,0.0011368134105162755,0.0004055037805415317,0.00426748134893906,0.013626977079049432,0.0003618169605395212,0.0004824847727733709,0.00047458609890507254,0.0012261659922443873,0.0004337646252783734,0.00033643348522534625,0.0003216254168233147,0.003544644427964415,0.0006349564263159605,0.00035938368441637954,0.00042298086930030757,0.00020852515020971396,0.018930481090888247,0.0013147864240278698,0.00019790195061688922,0.0010990805710695368,0.03469052428055288,0.00032948063563616924,0.000875821197502617,0.001377936300645775,0.005470027360478604,0.013191534642456888,0.003948539890672971,0.00196754920732422,0.02039308736988598,0.00040192919317175315,0.00027380160679266907,0.005894701087323114,0.00032111264800574626,0.0008360818487704754,0.011278763802768333,0.0008380468236442778,0.00031011163020509315,0.0026919381262542705,0.00028099203983192827,0.00785566331826865,0.016475794466042307,0.0017499278496677976,0.0010424206665895375,0.035658286619410395,0.07669745433647915,0.0004165427385713567,0.0026858832300523288,0.057078558484512515,0.0004909212177999141,0.00015728353673260376,0.009252499481445483,0.000488386365731654,0.0006537881130706662,0.0004473758926359205,0.0004095868335746527,0.0010963810663824484,0.07506478227593244,0.041912284317492166,0.010423655946139344,0.00021025503712816872,0.0010817737960927734,0.0006092169488611565,0.000989757186809824,0.0007872627201815472,0.00195798429241346,0.00048481110768714157,0.0017580631209336275,0.00036998320455872667,0.0005647300615040363,0.006741179309837251,0.0025590528422397606,0.00860130701616872,0.0055223711730600375,0.0008388036892735316,0.0012448118907078633,0.0036479470281183214,0.024076337615799623,0.0035560056379994997,0.000297441332927395,0.000972563634931567,0.08784329047650306,0.007922836518856367,0.03020849363941627,0.0018438433311415703,0.002243692089638748,0.12285154148279188,0.0003171437339062708,0.0003209478447087299
2023-09-18,0.0015298328493183982,0.04355407964990639,0.000471470118068023,0.0015058799444000598,0.0003751132216604616,0.004609652158233412,0.0004136187616962347,0.0018396233000608523,0.020408389973705088,0.0006827252313082074,0.003385809009721214,0.0004831054949537012,0.0011751554421977077,0.0004111824807982857,0.004439525099373529,0.013463562574095795,0.00034723883546607017,0.00048414945976299977,0.0004721193640958726,0.0012160807847392324,0.0004607268681011698,0.00033864007654897763,0.000299557484429857,0.003714014129690282,0.0006365229332967394,0.00035250526098110714,0.00042729069053126274,0.0002098985488056116,0.018800124749046448,0.0013175313289351474,0.0001971536279314581,0.0010927166761564486,0.03464442591905904,0.00032683410094715224,0.0008718469630079746,0.0013363135773164423,0.005662622077676138,0.012892559017485223,0.0037771458135928957,0.0019526231627224804,0.020844244176857346,0.00040705342748792824,0.0002789706476784019,0.0057162715161254846,0.0003265828325641953,0.0008462419838553501,0.011219826678240296,0.0008450022206883375,0.0003115360794995834,0.0027726172761818654,0.0002826538121633358,0.007623449651293362,0.01626883506701424,0.0017614374306978093,0.0010046978851072897,0.03477908069998201,0.07658668491308447,0.0004042859197677645,0.0026370340158541625,0.056270646042034154,0.0005034394592672448,0.00016386420986908506,0.009313288523001666,0.00042631087259145206,0.000646846765952268,0.000459449578310958,0.0004188001663802184,0.0010716444631446434,0.07450288341690724,0.0427902471316278,0.010554483897859243,0.00019967868212374376,0.001079942590663903,0.0005896278256374641,0.0009940192729833148,0.0007920813238099694,0.0020566547089825083,0.0004872673054385146,0.0017483024005976752,0.0003843806731366326,0.0005573720335388577,0.006964011496208393,0.0024895592828632846,0.008551268235422547,0.005486468052150207,0.0008507914533695334,0.0012855846253541905,0.0034625357460501822,0.024776271658847288,0.00339974890704925,0.00029989129179244724,0.000969595723121291,0.0873439713558932,0.007616219633210772,0.02938622139441492,0.0018321021032937288,0.002179218610960097,0.12299427108400661,0.00031091290921012905,0.0003194365540471932
2023-09-25,0.0015122101934755188,0.042263620949566275,0.0004828882000474399,0.0015190374672098535,0.0003841891087832163,0.004565918803980618,0.00042072773255853507,0.0018862317546466487,0.02033706824516314,0.0007082821219077796,0.0034163041418009987,0.00048567829112184063,0.0011417121918321632,0.00040062745380426546,0.004328065678787962,0.013338301046110154,0.0003726531991148158,0.00048335855411554943,0.0004824674596484393,0.0011857248655968162,0.0004748682871031216,0.0003346649980423442,0.0003054356917537321,0.003783004075419869,0.0006278814554614637,0.0003633158748303963,0.00041774679468825995,0.0002072309688529393,0.018451352660214602,0.0012930644294405482,0.0001967660000294092,0.0010505986474575694,0.0342887167530785,0.00031616745478387344,0.0008782227937861648,0.0012965634446948768,0.005534045856948128,0.012666630964102804,0.0038859067208737914,0.0019229091899018165,0.02070608293577384,0.0003969807045820829,0.0002774342727811258,0.005734124580992987,0.00032360573027567785,0.0008887573555619066,0.01117101379672481,0.0008558010083309274,0.00032580711723076276,0.0028640439227009826,0.0003006241500133266,0.007837855347766518,0.016103369163023552,0.001732121599029422,0.0010283140751197986,0.03412051663726844,0.07597679454271997,0.0004044770186614731,0.0025620256254147533,0.05494749571121273,0.0005240425235646626,0.00016149545861504088,0.00907931886476422,0.00044944246702729274,0.0006596590181606155,0.0004546246861272554,0.00039798983996272233,0.001076623454727586,0.0739738957192637,0.042304329793929014,0.010520633308952696,0.00019064946151103505,0.0010488993951659866,0.000594186661950337,0.001017377237444202,0.0007942173923042043,0.0019493001810928499,0.0005008837483257562,0.0017141852994815997,0.00039557754473745933,0.0005864116286426582,0.006835917976790077,0.002439618114462054,0.008369346834629183,0.005331785252546349,0.0008623274528774397,0.001329458607664067,0.003520325117891288,0.02475499102400986,0.0034624956857902756,0.0002867775902159132,0.0009536562071631799,0.08692744666896218,0.007896005563602891,0.028974489667799107,0.001823225642137373,0.0021721078430481915,0.1215323361142259,0.00031937581133994987,0.00031727662731723046
2023-10-02,0.0015274322665593302,0.04216800667459898,0.0004838786549665068,0.0014223778270926906,0.00039663306962344565,0.004399459189538334,0.00041448614021457583,0.0017338143378450759,0.01977338606612803,0.0006661978316824499,0.00333537059351232,0.0004850397452205887,0.0011296205393390585,0.0004017000297469939,0.004313406861296968,0.012934238891636893,0.0003684710711891847,0.0004464526935002582,0.0004743516601964313,0.0011633542128853002,0.00045978742356717897,0.0003264573843150967,0.00029652136483446673,0.003828576450727102,0.0006229347742848617,0.00035309261235978923,0.0004102235521018233,0.00020144648510290292,0.018167096325802105,0.001251097501590633,0.0001891663629115248,0.0010251963243193569,0.03447561856167948,0.00031255207063243085,0.0008718715580945817,0.0012575945652461174,0.005682576657306683,0.012530532538641911,0.0035800013272293952,0.0019068374126179847,0.020729387099335198,0.0003813393283372203,0.0002761082970594107,0.005428832194861584,0.00032633133434033945,0.0008668181597867082,0.010829025490535273,0.0008630135058685544,0.0003054274045843085,0.002878712087497783,0.00030075840012335777,0.007451994030204456,0.015724032828515935,0.001777911209645119,0.001010449612578598,0.033473144697320004,0.07537231245638734,0.00038269209222010966,0.0024630534648187727,0.05384198970333422,0.0005281709666655018,0.00015322639194967946,0.008980902588666734,0.00044240422399482397,0.0006530039951241707,0.0004424235705563599,0.0004009229746490778,0.0010318252095887761,0.07196785552627413,0.04293796230199817,0.010536524416028318,0.00018624151042434523,0.0010302223497946014,0.0005784334314894027,0.0010053904696402252,0.0007583841140402737,0.0019550266806941533,0.000493589732099497,0.001706347772769784,0.00039988225283777714,0.0005706204234699852,0.0070150365374149655,0.002337113425718419,0.008125224733254516,0.005241183417650469,0.0008561395321583407,0.0013472159195223145,0.0033330715123201715,0.024617366865005895,0.0033140996405728916,0.0002904184210577854,0.0009560155243522136,0.08482470052760878,0.0073990949284819295,0.02816211172057817,0.0017738137384913665,0.002040745238325611,0.11812204937450485,0.0003206488620203507,0.000292749601101116
2023-10-09,0.0014304190411231837,0.04065219026791719,0.00048285737783630787,0.0013248332787847233,0.0003935755424520253,0.0041767499299365345,0.00040075800637080756,0.001614214022160253,0.019069117319183235,0.0006410073995660598,0.0032579181911224714,0.00045338614270987073,0.0010991927322410253,0.0003868835352438923,0.004148730082433407,0.012310087388168496,0.0003547243727197237,0.0004251065763782739,0.0004768789486679931,0.0011366512370489185,0.0004964627291618397,0.00030612064224763946,0.0002866463298819964,0.00392779096900017,0.0005906847184760696,0.000345743419512617,0.0003962790487009637,0.0001888780077997462,0.0173483167765913,0.0012282077964194534,0.0001863710595861579,0.0010181046100769516,0.03358465853292081,0.0002967633793405862,0.0008674164177678489,0.0012260485753084105,0.00555298600497077,0.012143436664453687,0.003399216311351395,0.001856057138196289,0.019659979682763423,0.0003635380809100944,0.0002725167949632898,0.005232444842417907,0.0003136935463767803,0.000859074700454284,0.01061973855606341,0.0008768034363799275,0.0002824097746954683,0.002942693254650154,0.0003049731027144032,0.007080105077123964,0.014853780308532807,0.0017833595262169363,0.0009849760929451982,0.032612818692490386,0.07445551123271058,0.0003601591692351037,0.002371959774524748,0.05215803966655781,0.0005232518611612546,0.0001422130016249208,0.00875948927924634,0.00044911861342654185,0.0006502165746204512,0.00045220363305724723,0.0003891601783735263,0.000990788123368802,0.0697986631220427,0.04099642164016776,0.010222664050862224,0.00018316272665676471,0.0010180662100081313,0.0005646649397049401,0.0010506561279447987,0.0007369978129974042,0.00193877166920328,0.0004861312110158102,0.0016268162967448805,0.00040586792804334727,0.0005238298204843777,0.006854005932588683,0.0022880277710504277,0.00788771973309864,0.005049104572797272,0.0008164115548954679,0.0013604866878762258,0.0031415412943306014,0.02324322698248708,0.0031943300971351033,0.00028047816284072573,0.000904674048168413,0.08143365264694541,0.007096984802439194,0.02728219884832169,0.001724530585137025,0.0019072439313804765,0.11363589254892631,0.0003133889087735351,0.00028385210415627976
2023-10-16,0.0013795378339579057,0.03966843440731047,0.0004922583021848442,0.0012511783987099782,0.00040599445776112134,0.004036246417261949,0.00040441021119212283,0.0015500946010908452,0.018620738300814375,0.0006141397095612395,0.0031390929207180886,0.0004531819832853379,0.0011036834375131898,0.00038887528063453634,0.004116297888219641,0.011979766959482479,0.00035204536478618893,0.00040598283930794193,0.00047753340283879887,0.0010688848168320846,0.0005134924321883482,0.0002995903623161472,0.00027903303682964625,0.003984419571791971,0.0005637835738875459,0.0003341741130336347,0.00037309102861917656,0.00018519361461209134,0.017004078118708046,0.0011793879798561008,0.00019328910471133807,0.0009764911813096996,0.03325802951263499,0.000293764145087135,0.0008717424924041321,0.0011936246439146845,0.005641061591108425,0.011632600069624245,0.00322127350403787,0.001787630392942789,0.019248899947013596,0.0003644787371074047,0.00028723199649389065,0.0049878947857806685,0.00033099479622760705,0.0008895514071163344,0.010472615421199634,0.0009043688689171946,0.00026506953187395324,0.0029911450512281534,0.00030715379834195716,0.006738953568537414,0.014607782050615688,0.0018301054111675586,0.0009769762069153807,0.03103316692309043,0.07383789094917625,0.000339011675530563,0.0022702665023583563,0.050253625472475805,0.000542210948959647,0.00014385147874617694,0.008587363915528015,0.00042759329492222497,0.0006846141849488565,0.00044836386388598403,0.0003823280513659582,0.0009697381901120235,0.06841270239137262,0.04049680326299176,0.010299500009103423,0.00017596387491606693,0.0009774430244762114,0.0005449983914320272,0.0010665942774275312,0.0006893077892468651,0.0019274434450010098,0.0004823343366963662,0.0015806180763749897,0.00043901700536374345,0.0005088211486986938,0.006959212192974325,0.002163946653643862,0.007600078865087639,0.004885135047420904,0.0007990172134759894,0.0013670720964467794,0.0029833920341700267,0.023130846781371443,0.003044641023462772,0.000270545703752024,0.0009219130348780432,0.08023338657532905,0.006942543679312241,0.02604277416244658,0.0016720546727053542,0.0017974954253446834,0.11102564864235889,0.0003202926673811378,0.00025676937156874464
2023-10-23,0.0013265218620716365,0.03840276018131625,0.0004729656564654861,0.001138520461258246,0.0003966085472522664,0.003836008012149472,0.0003987758070981179,0.0013914489863140578,0.01844295757100002,0.0005899990361416642,0.002986749889409829,0.000438231124140439,0.0010404823416975816,0.00037863278551980486,0.003953789986895312,0.01148774617596547,0.000338958261907484,0.00037582886669230926,0.000473261583089779,0.001033512161926302,0.0005007340438592461,0.0002829326948825721,0.00028163020895848354,0.003985001312024619,0.0005466207767347927,0.00032247502948560863,0.00035304170829104806,0.00018348222573261847,0.016394795739223998,0.0010963158819128588,0.00018499698178043965,0.0009302256741553218,0.03234983986005859,0.00027951508831782087,0.0008587298143566738,0.0011486548445627154,0.005578370182162583,0.011491374378573067,0.0030353663231542597,0.0017203697811811632,0.018546505796223082,0.00034204973951120605,0.0002809748171958442,0.004719180932609258,0.0003183450483297249,0.0008581026016268961,0.009919119000744207,0.000909234781159626,0.00023688285563514715,0.0029772688589362016,0.00030394497374244725,0.006359959624090429,0.01404335791956047,0.0017794790864863544,0.0009359328890195983,0.02983662884134961,0.07216619461428787,0.00031736806808437164,0.002195505521388403,0.04782026566582991,0.000524694615262178,0.0001297593955206048,0.008252984034261932,0.00045692056905833635,0.0006815791289227741,0.0004349623494680715,0.0003626361514974582,0.0009332426028647319,0.06566093068973733,0.039209221150077606,0.010044686959124863,0.00016984209007401969,0.0009195515723112119,0.0005336161453266502,0.0010932129688212427,0.0006367335806838109,0.001850207719792312,0.0004834006789597385,0.0014882785868932237,0.00042795360567574715,0.0004671504803355127,0.006845866854272055,0.002051520412507566,0.007299795262873549,0.004698719993412423,0.0007810997447556748,0.0013644500699515412,0.002775104089954992,0.022176097512373767,0.002852596799065606,0.0002627956398753437,0.0008764166342267911,0.07712921563464771,0.006485284944969204,0.025102897401417537,0.0015952018380508898,0.0016072721094876575,0.10639074419474678,0.0003267417140390578,0.0002393783552390818
2023-10-30,0.0013531230926032214,0.03882094084051772,0.0005038108922391128,0.0011898913627583344,0.0004202780113597569,0.003906117273157226,0.00039984515144259524,0.0014357508568319274,0.01857872576841453,0.0006192890684009956,0.0030516554658150943,0.00044883865828005835,0.0010957284393034402,0.00038434483186047233,0.004076179137916369,0.011605806128027713,0.0003487516358495359,0.0003802201464073437,0.0004729747836001077,0.0010299520383620525,0.000519603478180155,0.0002868236350129791,0.0002793202885998247,0.004100718063648476,0.0005433865511330336,0.0003208070351261273,0.00036821229338129233,0.000184531368425376,0.016693280624430533,0.0011352437627072203,0.00018947350040604533,0.0009437101053521717,0.03296439363186055,0.0002804662350395893,0.0008366452321656667,0.0011627283917973765,0.005635895553361572,0.011513021686405974,0.003086170983793649,0.0017067537997180384,0.01887908903971047,0.0003638681878259497,0.00028470230280105096,0.004870985811728535,0.00032123475450557856,0.0008744745498851661,0.010101938339755867,0.0009089355179191995,0.00024706152736999324,0.002991080228569331,0.00030701767107209506,0.006584602909428682,0.014442711519882339,0.0018326310531702806,0.0009517278611137098,0.029849468843071776,0.07273315697215864,0.00032256687580917,0.0022449611417076163,0.047832888922701725,0.0005475309943830454,0.00012676206345346754,0.008408778943578058,0.00043656832987484096,0.0006864049159857233,0.00044154836652595466,0.000380328205134116,0.000938769557062616,0.06611554001758613,0.03979737050023664,0.010173414346933501,0.0001721349793907179,0.0009446156301893035,0.0005261490515565233,0.0011022634076161544,0.0006572921490824604,0.0018733271595357838,0.0004804084498946161,0.0014918967007554415,0.00044159219663829255,0.0004928296113929111,0.006899520108771268,0.0020877191399063036,0.007393203491130408,0.0047103723423970074,0.0007941842876322806,0.0013846531320497505,0.00286726895217132,0.022711746805523354,0.002889667821560438,0.00025982780927572165,0.0008865715377750605,0.07974186120727074,0.006777743604718169,0.025479631412850697,0.0016498239117967157,0.0016548289927580764,0.10918455610088018,0.0003249112144776755,0.00024393539368394547
2023-11-06,0.0012557147895324767,0.037252109530513,0.00047710608410736727,0.0010767054370531088,0.00039859790206418387,0.003682317835712025,0.00038930843693870385,0.0013488550645426593,0.01798791581502132,0.0005480050017240788,0.002885206616489345,0.0004272710519922754,0.0010450971941674775,0.00037849355534239185,0.003885120033499739,0.011098492470085288,0.00032554558814290195,0.000354391742666605,0.0004736494663354229,0.0009988113483637344,0.0005262776553680256,0.0002706764721165103,0.00026969645094316463,0.004008846862612089,0.0005223643271611241,0.0003035121509963274,0.00033930784600821597,0.00017610226244975017,0.015795197778013328,0.0010453065787124132,0.00019734388379135916,0.0009075951420634974,0.03185435173282302,0.00027930083382543243,0.0008606184963258329,0.0011220885793148418,0.005590475356722425,0.01113328391457204,0.002849573425957285,0.0016430175064039423,0.017993830762000604,0.0003370707547406634,0.00029121766447291433,0.004463905783986911,0.00033667716183322647,0.0008806817032217668,0.009747032421411127,0.0009432518809659297,0.0002250888745475319,0.002993085119896475,0.00030503560360422915,0.005979536106423543,0.013666912836241711,0.0018181924706486947,0.0009109361356912852,0.028675952113763475,0.07128019162380128,0.00030372005563131965,0.002126113877046665,0.04684773236453216,0.0005417113582488484,0.00014218186728294307,0.008028677199647517,0.00043541661011963303,0.0007225713423497418,0.0004401842794307457,0.0003621317279169911,0.000908894379003148,0.06401902601248265,0.03820261384212826,0.009875167346630385,0.00016740013865744471,0.0008950174627842291,0.0005078528712347785,0.001111434424054389,0.0006108267168247218,0.001865152879658215,0.0004656152505226656,0.0014373674128091206,0.0004558785274598602,0.00043235251544189554,0.006849992574539612,0.0019618262966804747,0.007049462978215339,0.004551648974773553,0.0007662768042838116,0.0013488440644254336,0.0025636854484133308,0.021608068745421732,0.0026982081816596297,0.0002552139451744346,0.0008869662438532472,0.07435221530822239,0.0061439751009732015,0.023850139792326322,0.001567406024631812,0.0015246534735159217,0.10249423682208811,0.00032465912081637365,0.0002249593823193526
2023-11-13,0.0012409162890691786,0.03679547406194047,0.0004853286484690596,0.0010798664097246805,0.0004100828024686591,0.003593264872882626,0.00039971058518222284,0.001314007843177479,0.018054782155752683,0.0005735909809048394,0.002894732018555951,0.00042630008290733487,0.001015544660915099,0.00037311995119929684,0.0037934445774298942,0.011042868562894822,0.0003315526807232048,0.0003482802378326227,0.0004798129348264249,0.0009698609839145959,0.0005252819026005994,0.00026214611614117306,0.0002757316184258641,0.0040645596704416646,0.0005082584316820637,0.000313887895709725,0.00032849555726396804,0.0001731762469880773,0.015778242932672333,0.0010435769469547573,0.00019172720002348477,0.0008852690141608918,0.03164202609966374,0.00026235698706227766,0.0008690857883733661,0.0010961040283608808,0.005554042898071744,0.01112560107890264,0.002811987329827388,0.0016261842459319859,0.017729722173707645,0.0003296431746065905,0.0002962021436922037,0.004445499288906713,0.0003296406038714537,0.0008657623765280652,0.009536011111384867,0.0009338806352268121,0.00022010091755347388,0.003024140118706152,0.00031340421914573393,0.006026654939460159,0.013483085881663727,0.0018223990741415594,0.0009147906409429238,0.028289768185652528,0.0707964938560588,0.00029718920845112334,0.0020924828895285907,0.04515459668582543,0.0005571027852119451,0.00012672795182915004,0.007944584489239454,0.0004509536562944498,0.0007031773406501247,0.0004372677032621452,0.0003605807898209364,0.0009059336587098737,0.06305981616113635,0.03787232462243412,0.009891350370959808,0.00016208247059295309,0.0008724241899899283,0.0005294528708020852,0.001126880139854662,0.0005725613126331911,0.0017895507525593243,0.00047306002845083796,0.0013972138189644282,0.00045775493868307565,0.0004561488868401849,0.006779210870681963,0.0019317785264700525,0.006923035424203853,0.004460552672612152,0.0007658094257398042,0.0013523607573177542,0.002596500961602233,0.02124642657389484,0.0027101958416120998,0.0002510959010469024,0.0008816336448820653,0.07462356996744468,0.006281048130067175,0.023839892157798782,0.0015377429684738854,0.0015183480479091817,0.10204034308651538,0.0003312905035368777,0.00020720216289606353
2023-11-20,0.0011907887613793547,0.03567426171502089,0.0004713632968179431,0.0010036112241164786,0.0004019884476063511,0.0033851247580862012,0.00039003584658587297,0.0011874428945546165,0.01758563857059835,0.0005270663267916485,0.0027149386551587142,0.000390931561025952,0.0009727261522581974,0.0003560446464126862,0.0036813762634444152,0.010593995826492796,0.00031000040674825807,0.0003130386361875427,0.0004744328489403152,0.0009436873310742204,0.0005351499449410254,0.0002459788776774519,0.0002640333739793311,0.004084871638951439,0.000501652764281713,0.0002988609160746437,0.0003135064467082518,0.00016334432417547986,0.01515772758981147,0.0009628583025551956,0.0001835071845600181,0.0008335898013753384,0.03081875839966811,0.00025581169056787913,0.0008589403175362601,0.0010498019490579797,0.005489235712541465,0.01072412057315716,0.0025746140846736928,0.001554045269381016,0.017303751753063024,0.0003105058776736873,0.00028976507880027456,0.004147524565043415,0.00032433385993647115,0.0008561360343093975,0.009137400202116678,0.0009241821807830963,0.00020345075409571332,0.0030394621904272588,0.0003063515068666328,0.005710478461396419,0.012838047869698959,0.001780682474414198,0.0008517162011965982,0.027089344438459288,0.06918931984459621,0.0002797943306793182,0.0020126789380135964,0.04360799646017976,0.0005367198762928443,0.0001266664482568573,0.007644070035770073,0.0004386475105814905,0.0006960104726007925,0.0004327534613632404,0.0003490914671416585,0.0008677148583108382,0.06029589985267146,0.03671388084384081,0.009480795553176762,0.0001541286499905172,0.0008425908950726839,0.0004969974267085095,0.0011591568202418009,0.0005463227896906073,0.0017907758521837132,0.0004716897889483237,0.0013130820437761653,0.00046431405225920094,0.00041496550961279553,0.006674856083710311,0.001798697674042951,0.006590048750073227,0.004287747188036884,0.0007306481181145594,0.0013247563373521253,0.002400489836019244,0.020253369318995174,0.0025269004299883183,0.0002512947733276862,0.0008451691630921146,0.06977705740010923,0.005596913919869233,0.022490715756493272,0.0014726844680121567,0.001448177309590475,0.09689589198419941,0.0003098052906127985,0.00019921651315234093
2023-11-27,0.001197639741172115,0.034963658323708964,0.00046434889906168855,0.000942532466471489,0.0004007118170518264,0.003430962253219012,0.00037302034050611105,0.0011542782872500691,0.017485212058917995,0.0005247857484032686,0.0026526392415027107,0.0003885390701321114,0.0009933123527134911,0.0003612802294459502,0.0037448006433969923,0.010300691308386508,0.0003274575510051635,0.0003074202839591628,0.0004657786837206458,0.000923518491997342,0.0005208161964801628,0.00025566986849694486,0.00025936401280649197,0.004025615056948262,0.0004894460348320779,0.0002842997102840655,0.0003034176333107842,0.00016424895041159445,0.014945935719579077,0.0009307877687712526,0.00019309887207440938,0.0008245358541933215,0.030462515914808752,0.0002503659698718658,0.0008311336566812315,0.0010439001343449507,0.005497249158302196,0.010667751202932478,0.00256221178782268,0.0015067545637455187,0.017248670568759818,0.0003253404239592976,0.00029532697134359404,0.004095250686311016,0.00032514259364846095,0.0008605708566358356,0.009004703073890398,0.000931336775407887,0.00018721645895628986,0.002950245629022826,0.0003083164760630083,0.005574056544930192,0.012951407335135466,0.0017893265413471667,0.0008415709794460529,0.026281784871699597,0.06810199134442749,0.0002721524127105563,0.0020443504304537767,0.04222396363309884,0.0005240041410653521,0.00012602235729973157,0.007526130667296665,0.00044837762447723795,0.000713167739057701,0.0004245705882233182,0.0003380630140440441,0.0008614670662369961,0.059333599437020074,0.036913168168076604,0.009586861479877782,0.00015988443865721076,0.0008136244513463292,0.0004866422325886799,0.0011451834944983773,0.000513278529212191,0.0017615848793959893,0.0004587776128206048,0.0012929168175093927,0.00047219501993927,0.00038882135496344196,0.0066882628051559215,0.001754979148361262,0.0065019541120081535,0.00419904344762006,0.0007192112839644733,0.0013148034634915778,0.0023571642760868753,0.020801663607426385,0.002435660969576338,0.00024242204672161887,0.0008258723696398444,0.07101128973648625,0.005796185369643148,0.022099362871578158,0.0014508956403955354,0.0013023197031116955,0.09598917230271979,0.0003164665421296834,0.00019606610856249943
2023-12-04,0.0012554041646957196,0.03431662938480059,0.0004530427571913875,0.0008614285399153795,0.000402176604789823,0.0033199277950474106,0.00035711827458742064,0.001022976654500752,0.01691872786281151,0.0004896270367240293,0.002516555186499605,0.0003728696094740179,0.0010300088925002575,0.0003629585845193222,0.0038376971166696468,0.00982943341308644,0.00031607101350920755,0.00028307140299210787,0.0004513521419604148,0.00091416354388889,0.0005161599492393644,0.0002563087355720144,0.00024915028695606407,0.00406601125334207,0.000490245719318201,0.00026742374099915535,0.0002979535151230237,0.0001564028068589237,0.014632559674905062,0.0008424798081872383,0.0001920548103651626,0.000805153413631551,0.02966490758746209,0.0002428716635980935,0.0008195125308027586,0.0009957468963768638,0.005659140069379095,0.010519235338082265,0.002267946022979149,0.001479312459184144,0.017710860170062057,0.0003191155824425074,0.00029547193226960516,0.003837488544691864,0.0003316279019954017,0.0008341500834624234,0.008730159849990442,0.0009250381523515458,0.0001702354081103477,0.0029314351626723092,0.00030124466036441543,0.005145194549828057,0.012377681562300475,0.0017698070764586543,0.0008077762122998546,0.025438872009471303,0.06657176731448645,0.00025326847233982693,0.0019889186596919427,0.04024774708778847,0.0005100910036377954,0.00012155972709678903,0.007390651607070867,0.00045056398562099646,0.0007074998251596918,0.000410334765094907,0.00031789302145580206,0.0008329396860673904,0.05655498834308796,0.038121604833092106,0.009655556091825206,0.00014954748285747046,0.0008065309854221529,0.0004570160804663687,0.0011663010214440746,0.0004498951901430968,0.001810596912952816,0.0004540891838550225,0.0012588289628243478,0.00047445431224200094,0.00037186418154701024,0.006822779665267435,0.001619674343453528,0.0063678770477238805,0.004098182718232721,0.0006907125995011135,0.0013030335089670368,0.0021714265657808906,0.021417088203172247,0.002263989518518604,0.0002455969790212012,0.0007990666531569691,0.06939489230531232,0.005344276003815783,0.02110804274193983,0.001386023588909673,0.0012108964298615146,0.09332704453107164,0.0002966866551811294,0.00016623562845867088
2023-12-11,0.0010722336491414053,0.033119782347904046,0.0004329630817832225,0.0006971587132597859,0.00037642840369159984,0.0031349701894358263,0.0003551986943683525,0.0008486990499105107,0.01676886000880037,0.0004095546790847834,0.0024096409652082677,0.0003473141006650604,0.0009719571446762183,0.0003535226402525746,0.0035842209921523116,0.009273902014985362,0.00026497795597189936,0.0002661324127431102,0.000452522524418212,0.0008539372886263197,0.000540805951609387,0.0002245627552536063,0.00024990952903422033,0.00404387727196348,0.0004501316241896179,0.00024877152523521064,0.00026089630698960826,0.00014170562308428553,0.013776398549568039,0.00084859915765622,0.00019614110357161373,0.00078705045528216,0.02867543270280525,0.0002353893828091952,0.0008292139454476327,0.0009976886490383225,0.005613093731582357,0.01003025121853659,0.0019737578144384564,0.0013979991581035422,0.015741938303595406,0.00030607198455762823,0.0002943907932446678,0.0034529793331871303,0.0003207231350928735,0.000795767980113041,0.008560053071567651,0.000942499487693086,0.00010921888532115797,0.0029959709979362533,0.00029046279943023865,0.0042256940518745996,0.011664159145272184,0.0017748713779252908,0.000744147242354189,0.024456015779760136,0.06610987679122768,0.00022170540219644725,0.001902304688918873,0.038899067750114806,0.000492468676772195,0.00011066843386143932,0.00715417865776134,0.0004234010975615288,0.0007450569798983503,0.00041673594126991065,0.0003274759808587033,0.0007691374893698949,0.054928267185074896,0.03480456758742063,0.009284178134662965,0.0001458785343505258,0.0007267523508743739,0.00043693791575283617,0.0011883023482387703,0.00043286588418941206,0.001785208345048472,0.0004137880741249483,0.0011317013751179473,0.0004622103710051995,0.00026053724573953617,0.006640069055717431,0.0015751431560118924,0.0061521636095393135,0.003969451496352833,0.0006424619477227644,0.0012917933768323113,0.001817383034728816,0.019254096073428047,0.002046278026803905,0.00023327915755403481,0.0007796940162463975,0.06532724424237196,0.004619864791153059,0.020420145909972334,0.0013423425660559543,0.0009796157330191739,0.08950463522231343,0.00032279647054885723,0.00015113332296300995
2023-12-18,0.0011196491029583423,0.033121978575557855,0.00044501001320957506,0.000733683148942598,0.00039537171293424587,0.003147224759432959,0.0003578385350901264,0.0009068704956796661,0.017073823170604317,0.0004816653964367639,0.0024411141323245327,0.0003527901421986079,0.0009975444002934953,0.0003482504285169118,0.0036375128750759204,0.009431272376236092,0.00030939412719303426,0.00026681648288799577,0.00045169051525587375,0.0008677364902383495,0.0005310056804593245,0.00021617556523234512,0.0002487520067909368,0.004118381229440586,0.00045942712309788,0.0002530319748354479,0.0002749592948662471,0.00014910253368435327,0.01403534017712217,0.0008412243552723824,0.00019780243575687296,0.0007910506787374108,0.029100496020212828,0.00022894465093343204,0.0008161911981745834,0.000979918012435133,0.005547812171559172,0.010480154586605582,0.0021172798543761494,0.0013914726393266168,0.01602182977701816,0.00031023019035453833,0.0002996251733446415,0.0036213170651748024,0.0003277572744901498,0.0008094471695193203,0.008409275638933832,0.000946377993534782,0.00013260915869332677,0.002957134874278493,0.0003008154401845846,0.004642326029385103,0.012020514240707745,0.0018071605722658527,0.0007681574180931545,0.024510037205394148,0.06560189139180714,0.00021715564357098282,0.0019570797109797903,0.0382949633150647,0.0004978787209609974,0.00011062505060448828,0.0071256312652091215,0.0004674766194281583,0.0007292013128273766,0.00041239078873348174,0.00032395179170812576,0.0008029143523962242,0.05482602065976147,0.03553782810548295,0.009361627754060861,0.00015629205766355315,0.0007454604920017127,0.0004547242344957158,0.0012087195032482012,0.00041516120722811134,0.0017195719448887406,0.0004316418685366253,0.001155757398575052,0.0004746571481381697,0.000312321564822937,0.006614934945877976,0.0015784094189051057,0.006182448767283707,0.00392646404181268,0.0006780741681027516,0.0013302748881689286,0.001987223923331918,0.019763783502045804,0.0020811585992229365,0.0002264333064944404,0.0008051097710502757,0.06796132830938431,0.005207252133084064,0.020667483370683,0.00136921660609868,0.0009997178934107948,0.09014765189841398,0.00032817976336715665,0.00013907747435567305
2023-12-25,0.0011781473460949668,0.032406251223154034,0.00042149891644036833,0.000709588894414896,0.0003828137573440301,0.0031558616061357512,0.00034659998850872914,0.0008681159440579677,0.016739440544744844,0.0004400859001939877,0.0023306721605282276,0.0003516740367297777,0.0009757991458004011,0.00035845188183257,0.003654744971484521,0.00923605918943172,0.0002904940921375333,0.00025368294484491983,0.00045224244462001463,0.0008724975220037563,0.0005091509325321542,0.0002309442621239996,0.0002535283136204754,0.00403083525517245,0.0004621002824570633,0.00024791925428241775,0.000256570337170946,0.00014532702461609795,0.013843287050301467,0.0007632757310483755,0.0002016770084418209,0.0007584542370574971,0.02826135287500205,0.00023222425421998472,0.0008230472087306466,0.0009475377014103721,0.005659475282963067,0.010195970915801393,0.0019876372854228572,0.0013692245410527402,0.016639903868760644,0.0003072574799572113,0.00030954397709080926,0.003426122675156089,0.00033288156002955717,0.0008157774232688819,0.008350370522455172,0.0009519986778604521,0.00012057930156625157,0.002959384020057179,0.0002996080661502859,0.004492523457143625,0.011800390516661248,0.0017806733840083373,0.0007600592251378861,0.02374603120031979,0.06420974254864727,0.000221303226018001,0.001931067485544574,0.03738349899240531,0.0004920917691294877,0.00012201973503920833,0.007000324642367735,0.00046740481369219976,0.0007351967302523176,0.0004053976612894684,0.00031156702712667917,0.0007737430659294935,0.05342492494481824,0.03647526196614914,0.009477987418461144,0.00014694543179738447,0.0007171795157402286,0.0004452429350619635,0.0012009453569110148,0.00037498337576300997,0.0017570602133016341,0.0004368989589193234,0.0011478078427631677,0.0004769688923832122,0.00029659801459774133,0.006745248357041895,0.0014737224584651242,0.006037979079135633,0.0038834807951626223,0.0006622192629073202,0.001293215252756135,0.0019224695219993613,0.02050388771065144,0.0020348745386599295,0.00023551831614040795,0.0007976862548917712,0.06581186348621994,0.004919474386934889,0.01987284987905467,0.001302547345654251,0.0009729692182827933,0.08805952555690087,0.00032159603304139075,0.00013906332061993195
