,0f259232e21f0c2fee6ad8d1d8f1027a,9274b3c3b5944720ff3a39acd9cf88fd,255b57e780bd487c9f2c9d8a6d98122e,81a7fd8b494dcdbef06baf399f2f6ab3,3679c0945f1a70a259b655406fc39172,456a12b90d15a721ad799e16006c6684,05b2f1f50c1ce311f0dbd14eee459bff,85e40ab41dbb322d6265279032519a63,fb99ada28bdcb8a828a19ba2293b5607,ec5c0d5f42ed96fb66f585f2072f51c8,5a238bc5400490331b6b4c08ea0fe0ab,f3b0f9ecd412b62d07cc9a0c8e80470c,f7e1531894d4de8cc0d90bc6c9ba8991,942619b5db45e2e562e61d92119ff838,94e09ab4773fbc3b2b67c2f34281220a,f0e3dfc632173c07417737b09c0ef573,05c65dfa276e4011e911260f8118f6c9,795c21f080ec8025792ef4d0dbbd8b71,af3df9ccd4174c841a11369f668d7eed,a107bcb0918d989fb9378c897e0ffddc,26946cac9ecc79ec658301e357330c5e,18583b9b1ebca580d6dd801f9dc66bd4,bca747f5e6237a7773881a0467d2e683,ccb2a8fe516433ddfb606137a178f9ed,61768dc417b2b3ede0ed37eb320093a9,0bcb8976125dbc200aaac6e2843288d3,9f787e7ea88cf6d08f0a84ff9671c365,c4c7efcae8d0827a8d07ca016a3bfb6a,b08119580a4f62b96c89326c2e32b695,0da4b490e41e0fe2c7df72f01af5ec50,a05ee4cf2d1de48475756e7a2d0a7cf1,a693b13a81f3e3d78eca32b7cc36b60e,c6424732171a02f1c1062f50c3a73a77,cbaac4719cd0e31524598d62fe31fe48,27da4027d84eff5adb55c509efaafbe0,ff9858a350a257210e2851650a7cd6d2,565b7097a474e2e3750586bd4d6b0bb5,23edc5ff51cfadd333466861a4e1ea38,c5d9c0b2012bb566a6a73b4d9e07fe86,1f56c874da3dc7e3bed7f8f6529b64a2,ae6f5f4d844a09b756dc601df2c1e8d9,36493d4cdc4c7a595e50be5d6c71f09d,dd131a05ead3e4f70b991714a54de5ab,cfe26d6aea9efd71c5513cd733043333,7ba28aba612a440ff8dd711262154f44,2a73e11492c29b7696d32cab40401a30,3ac8acc7e11bbe6772fddad237e51d2e,0d96aee679fac13091dac1b352b9485f,630ee7e776797db7d8df48faa23d5a65,9c0a5f9ef978de85871f0df5f328cc04,762c8c28af0cb9ae3028f33c1520a885,0928147d7fed5d2704e5864f15310df3,2e300d5b9ced3d6eb1bd338e15f42705,9b0f782fc5e61f4bcd60aec45a951907,8c1269604d51124eea733d76d969419f,71e83ca83dd815fb28599128e3923a04,2e207747b7f6ba4806dacd5c8eefb008,47251289aa301e5e085ea87168b93c5b,d774007926d300cfdc0af21fd17631da,a755c8d149dbfd8145d7e0970920af69,0e9ec21c9c1d75db573e64780f4bdc04,c4c87cc56c600398a547bf1d240bac4a,876d491f272ea12d93db7be1c54c1e5e,f4010791f0c5aa854730550435ca5837,d73f5beea409541bfeaa2095570c500d,3dd952e6eff4eeed1f99f883d7760558,ea594b4481ccdee2d7ed446a2a0ae272,e853197616422fca1c71e49cdd101657,32e418063c86b6aba3701f86f27b15bb,e47da797deb91bee9d49736f2c03f5d4,200d22d4f0b96478bc89e527590483df,ce1dd76e18ef0012011b3032be8a83fe,72cf8a1a01fb55ce2780a3fe0f8038d1,5402c87773c8c6cb257b4394b0717185,281856e1516923676b43bd418e6f25a7,9c863871d4cf0e4b25504375945feaa9,7fc85a57ec35f1b6145953e32a673446,67c5e92a315327f8188d2c91faf5c3a1,1ba20e49a934c9f63888c0aca2e3bdb0,106479e4024061d5093f0dcd23bc6cf9,179d05e99c44e629c8e68aef8ee71784,e2a80f87817bef0d96786c7ce389aed6,8597f5e4b5aabc29c6fc71c001a9303a,6a3dd1d0444d504a669c0825857a9074,fe5f4acc019e16ac5a920b1014cc7229,1ccc72120e9ca6b9c58c97c139468900,7342f68949be41c06eb30d3be1f3499d,9d5cf228e9ec57d97be4213c970d5621,a5b2dafc7f7a3eabaaff5f337f5a7d42,796b462f075af0b2fa608735085c20e9,668beb724f47e5a18cece4da0cfd0a51,a2a8db06139e5d8b33b9696c575f0414,9a6473062b1e797bcc9732f0c9a07849,cae432c95e5232373cb67ff90e7793d8,19f6997d3ba451b2bc8107503d70ab73,83e59a57e4575c3cbd02a8451997959b,5876cef9666eaf04c8dda83ec6c83a60,66b960536d4f8c72e04621cc3b3cf8e8,cf83b57ee57ce2ce8c9cc50781da2080,13e68590206aad4467ab4aa1b71406f6
2023-01-02,0.0005938891223526374,0.02917866278919431,0.00039846318854773764,0.0010656651611755715,0.0003226606935346701,0.0029881224814181776,0.00029854518928685073,0.0013796337007518458,0.016176566183945865,0.0005154596781871328,0.0026196016904545556,0.00034022358015005843,0.000747759718169451,0.00027735124391734775,0.0022648934611686922,0.00921903210998017,0.000233949085832707,0.0002518778674862905,0.00045269212366333677,0.0007371057491200193,0.0005505072680264111,0.0002122789589918464,0.0002624602160990832,0.003624634105336614,0.00037349681610794903,0.0002129157988886083,0.0002487326365643937,0.0001252902965887824,0.012821594440551275,0.0007222246463659968,0.00020472949011668575,0.0007114010616270857,0.02706890075816179,0.0002146319303387399,0.0007355500113888904,0.0009619600575389429,0.0037717947900334408,0.009478097301058317,0.0023669544737560102,0.0011856841357607856,0.010799434094693694,0.00022991367547472915,0.00022169795437231406,0.004010282680302059,0.0002836402068425422,0.000815656316434392,0.008572023597064818,0.0008154652767827179,0.0001302231907883665,0.002800114880985603,0.0002993310333855375,0.005103989937230042,0.011370082838350302,0.0015918267109822557,0.0008141493636349467,0.02459171669769977,0.06262514464499935,0.0002800535688467139,0.001800025417948979,0.03926228003338079,0.0004883291962116225,0.00013040352449570134,0.006338386982392794,0.00043753951638564017,0.0006505506486559556,0.00041960005334850677,0.00028097815486642663,0.0008360358192306134,0.055631708973438,0.023877443015996164,0.007066690510488435,0.00013556374603179673,0.0007682669036511106,0.00040486722602596113,0.0012110869798817152,0.00038457145625173117,0.001278981429441308,0.0003273927816995245,0.0011043050803616105,0.00039729367889720143,0.0003277084060467458,0.00447965604630922,0.0018869839091418398,0.005564742762793368,0.0034911851044578503,0.0005947068608321221,0.001007572893802042,0.0019142397889928763,0.013182414908406038,0.002186235726451655,0.0002178973211577231,0.0006431534832441935,0.05797391737545832,0.005161874271211287,0.021214611421835634,0.0012874126238217021,0.001597374451924591,0.07829649939782123,0.00019925956852730444,0.00018130198942203137
2023-01-09,0.0006275453132779669,0.02904185762573215,0.0004098969099706402,0.0008833637301332585,0.00035060651521318293,0.002902322351804058,0.00030013199163510446,0.0011285502747758259,0.016210120561350842,0.000474336064661209,0.0025444053194034954,0.0003339727005646432,0.0006722340717564753,0.00028242052348303445,0.002288079040027984,0.008986967338433148,0.00025253366315335687,0.00027533208811518235,0.00046524319657986453,0.0007467568593090276,0.000607085433087035,0.0001797353497715778,0.00023046962147194874,0.003916277327280416,0.0003591853090400158,0.00023710759793421545,0.00019030861614860887,0.00015122883928914884,0.01230990219502059,0.000681208923418939,0.00017617455425808414,0.0007090848981560479,0.026719125024104513,0.00023430548431192553,0.0007140813285709727,0.000843526190085177,0.0038498089097631144,0.009224141339900401,0.002431848591555514,0.001188309507269915,0.009686785417244428,0.0002680854793301767,0.000216112884890069,0.0038512036564402534,0.00028112500810702445,0.0007590073776627693,0.007801742614211132,0.0008140045649249542,0.00015173578771641449,0.0029551286464016826,0.0002808202038625547,0.005023431055889515,0.010785205913466735,0.0015606635633964741,0.0006718516850795567,0.024141748639348537,0.061344034616082434,0.00028404910033238767,0.00176423785336367,0.03739172144977142,0.0004885296356669335,0.0001384442065177977,0.006259136074553607,0.000465074500055422,0.00063042868570158,0.0004170565025116095,0.00027076153786824756,0.0008908425825235979,0.05439922926041811,0.02245588638164738,0.007137124370454329,0.00014995557315419992,0.0007857751400137563,0.00041427034031527287,0.001255294935924546,0.0003896574346041797,0.00134069174478343,0.0003519869970548097,0.001096196748142227,0.00044282386525633225,0.0003213269964412957,0.004498350470294753,0.001941655203202293,0.005385649776579319,0.0034476311042709105,0.0005593262883129809,0.0010979953353831774,0.001966478505692496,0.011916543877311019,0.0020966515813354535,0.00020117127890028502,0.0007299974833864175,0.056060304951994974,0.005111734964954323,0.021010637068605998,0.0011955827433054933,0.001362311916705688,0.07726097464887192,0.00020587147215226013,0.0002217733416578844
2023-01-16,0.0006133107960449498,0.030276487675840413,0.0004220344267985728,0.00100893174929783,0.0003677164795502072,0.002975894554008766,0.0003376655547997651,0.0013005249037993877,0.016378543612230886,0.0005063926267836221,0.0026311567714041237,0.00035522525765215474,0.0007233719451270393,0.0002721143290205754,0.0023696526878972217,0.009819513542686852,0.0002487401135370443,0.0002991759386478082,0.0004770597097584436,0.0007625017404022078,0.0005346328610195099,0.00021553980988835454,0.0002575791721564513,0.0037903856130161936,0.00036018520283050137,0.00023286920311637444,0.00021238095130491654,0.00013594631763877608,0.01327834243694043,0.0006687756060503325,0.000181866025949683,0.0007117653036833025,0.027581306066321344,0.000213333276564339,0.0007410263183120586,0.0009255169899254939,0.003913143461050299,0.009342514115623538,0.002546838985141799,0.0012089688803961997,0.010542143187505338,0.00027515491786144283,0.00025241838199976496,0.0039045394225120053,0.00028165732448138245,0.0008455039623283654,0.008618301780548825,0.0008355239284814497,0.0001411493078210077,0.0028504837241639194,0.00025840016647518134,0.0052144354987402695,0.01177051972574282,0.0016015705352162555,0.0007582328904623969,0.024264962219748148,0.06359681586130916,0.0002990359421224071,0.001836952832765005,0.0399260569833145,0.0004843462223561104,0.00014909892580135557,0.006409548613037767,0.00045604702271137565,0.000625732823859178,0.0004267735864712966,0.0003259456549770588,0.000867969367350792,0.057088672800800946,0.023876400392829754,0.0072476209572849195,0.00013588447629045428,0.0007951997845455393,0.0004028979486814237,0.0012291270816402182,0.00038399607805103493,0.0014314369906315877,0.00035633557772087607,0.0010779746007235807,0.00045427026909948504,0.0003242430029643698,0.00473991453062464,0.001972537879796522,0.005285936228151368,0.0035954753811574237,0.0006405233065229337,0.0011057656221564733,0.0020606082112210257,0.01308340765065687,0.0024023389007354875,0.00019666065850680825,0.0007359882161196009,0.05886541245741709,0.005330095174953595,0.02098195655106952,0.0013187788780575948,0.0015424634036216287,0.0796852208648344,0.0002350841876087128,0.0001746272833595041
2023-01-23,0.0006566961630861547,0.031029504619626898,0.00039011316391444667,0.001066253869298716,0.0003199429226734049,0.0033092844780574595,0.0003191066697728832,0.0013529544723134713,0.01672132748676143,0.0005479442758021759,0.002643738298237761,0.0003926904022789746,0.0007806873099110622,0.00028131381952971725,0.0026100477181071825,0.009825100310218816,0.00023871016233047447,0.000301552673636942,0.0004255310551552317,0.0009173280651461823,0.0005611458106558379,0.00017997875467776908,0.00024299103919918862,0.003926303713764096,0.0003668953433688143,0.0002595263248163409,0.00023287823895742763,0.00015351136686739887,0.01356122637580729,0.0007439568464110599,0.00021299817871852216,0.0007060755431696035,0.027597381635814225,0.00018542540983288195,0.0007523948704680646,0.000951988683684502,0.004086092937228919,0.009911326944746453,0.002581286163918838,0.0013185345474658044,0.01155066555066842,0.00028808933490743197,0.00023800924507654615,0.004041499152456317,0.00027035998454698335,0.00080508879725809,0.008823699009565516,0.0008254708756657852,0.00015770607196160188,0.002985777801905145,0.00026561546283804987,0.005141310398143228,0.012098656658299657,0.0016045686237923713,0.0007785591528118299,0.025516186680382316,0.06376387414289296,0.0003407486054868113,0.002034000968456711,0.04066124191348038,0.0004973783229039963,0.00015405921599456746,0.006569658528042685,0.00040253572143044954,0.000616099408447433,0.0003936220075998662,0.0003285447651673432,0.000796745800373233,0.05803141887839751,0.02562439550475532,0.007528115065907704,0.00016484842815265923,0.0008407190189483435,0.0004307168270316598,0.0012380203984792382,0.0004788592493987365,0.00139789435776315,0.0003797270845886152,0.001084653780837708,0.00042859485148476884,0.00030526080257019754,0.004784706518818008,0.00205602698846099,0.005592375873807022,0.003664698095345364,0.000662736137452458,0.0011515368190647616,0.0021024266636246233,0.014110206179325523,0.002290029345873744,0.00021116080618842565,0.0007111059354858922,0.06197995784786425,0.005301619884834057,0.02210599865153732,0.001360116882126662,0.0016039135117769058,0.08358103733931972,0.0002544653076408394,0.00022223840817019928
2023-01-30,0.0006634959588065438,0.031847963915988,0.000402347690277969,0.0010187321193345822,0.00034066509301979193,0.00312036415598373,0.0003160432800832217,0.0013658969634527153,0.01722931747062586,0.0005574260094799743,0.002651040378031053,0.0003452748081943384,0.0008172118834114395,0.00030077199192367923,0.002594378920757244,0.010281594998195576,0.00025531780373394704,0.0003633751487584918,0.0004215421243412017,0.0008213069416857504,0.0005907673422178572,0.00021212148433969656,0.00027386891127660314,0.003767193938098769,0.0004000752508170137,0.0002262590920585619,0.0002422177582207376,0.0001408774287231537,0.014187626406254586,0.0008652992629593676,0.00022795712366607918,0.0007607090853657215,0.02820655539778824,0.00020971345107820887,0.0007523809990111783,0.001004251519819032,0.00401774141954995,0.010277216342000538,0.002616432343732997,0.0012141278197704375,0.011430036196455249,0.000258337884371881,0.00024039274659358768,0.0041781556779599965,0.0002833468724731176,0.0008137713757593278,0.0087821800835448,0.0008148432956760088,0.00017673492231513137,0.0028016044655888505,0.00027696147903581486,0.005321586186872878,0.01254608943813379,0.0015854127387766646,0.0007909750247673043,0.02608579654846592,0.06539952161228775,0.0003158579348445621,0.0020288565426644757,0.04214322476393497,0.0005055622978124787,0.00015291176947991906,0.0067098950100063885,0.0004531427123366736,0.0006529487804980611,0.0004210703863726758,0.00035098522834041374,0.0009228852759003114,0.059653596807140497,0.025307791033551415,0.007309250381727144,0.0001750863372754121,0.000879998668608216,0.0003735147525030378,0.0012814724709199552,0.0004787213740560247,0.0015068748694968656,0.0003326265983639053,0.0011393207868802691,0.00044785529881824216,0.0003392982617095008,0.00474587053992795,0.002062179730318268,0.005906628191193454,0.0037754590550365882,0.0006155548933304768,0.001059748852920114,0.002139641745921333,0.014167510992697705,0.002433221061825002,0.00022479222022155597,0.0007780698330892328,0.06306651199739824,0.005362584158891773,0.022503599514850606,0.0013850224153195711,0.0015700452336513582,0.08583601099854907,0.0002234860115922974,0.0001934656432620697
2023-02-06,0.0007632901547891544,0.032862798560923785,0.00041063670097429654,0.0012210054444677077,0.0003515368259047958,0.003534273251955788,0.00036767185894313767,0.0015014285114346103,0.017875444449099238,0.0005247986212900157,0.0027506178969207012,0.0004042132722281744,0.0007784178849745987,0.00028641364259844555,0.00272797100838139,0.010552399158307062,0.00027052044658193095,0.00033162380999594994,0.0004407801356646395,0.0009509424241395225,0.0005253352986761792,0.0002332418597810754,0.0002575490776823977,0.003857141381033081,0.00037356628646769476,0.0002823789403703727,0.0002529194145470948,0.000171932338523959,0.014453400513151934,0.0008442038890429365,0.00019625112019149113,0.0007256127729402799,0.02916508538508569,0.0002523301923911326,0.0007782214262309747,0.001000936491822727,0.004152372922867501,0.01033082827716162,0.002939909739756188,0.001446633141643937,0.012263775049119163,0.00029204914841052227,0.00025159687875871926,0.004346342778100993,0.0002842730511251987,0.0008205118663744174,0.009410084898028281,0.0007508864993555448,0.00020150833667318654,0.002979499827639424,0.000293599604612295,0.005874606179897926,0.01267480763060693,0.0015798274116077147,0.0007771231332582795,0.027054243999744335,0.0669250898686183,0.00032157336044917254,0.0021153756567828543,0.04358921220709063,0.0005240656783350954,0.00015300755813352112,0.006953379532459682,0.0004728078938105217,0.0006409296357777071,0.00046539780327988525,0.00036149232367575925,0.0008937438071971428,0.06071786945874214,0.027092816517164824,0.007760195571930663,0.00013378533255888745,0.0008415770597919567,0.0004644243150706566,0.0011992043903213847,0.00047581251251136255,0.0015522388835932713,0.0003868072742214086,0.0012249467258186697,0.0004139657513830477,0.0003616049489460626,0.005001704577407862,0.0019762034305011228,0.00606434174809389,0.004059693235209648,0.0006615775095926636,0.001187252173226853,0.002494911176938644,0.015076309046552883,0.0026549480550019135,0.00024591556311647866,0.0007769261210995736,0.06515981593356641,0.0060532025793953205,0.023484058304578476,0.00135729855743543,0.0017718306612960607,0.08926368399741777,0.00023206633008962361,0.0002267606579239077
2023-02-13,0.0007376696604804282,0.0332801170272259,0.000370158663694669,0.0013071738353277228,0.00031054829734198215,0.0035643128829836736,0.00035913691154243065,0.0015489549912907769,0.018180462344647975,0.0005463627480006372,0.0027535238711608196,0.0004060923573157463,0.0008086453763696212,0.0003013668274813706,0.002814465182131606,0.011154916707842723,0.0002755432700490603,0.0003953575576894836,0.0004229966057301396,0.0009378170416085075,0.0005768034084876262,0.00025046198168455905,0.0002858487189598182,0.0037952871325175573,0.00039365690683155395,0.0002378299061033377,0.0002663304711237895,0.00016066092660747133,0.015252463142471195,0.0008403415216637699,0.00020127413631719675,0.0008199166770306217,0.02907938187132695,0.00023875986052961047,0.0008164930910404215,0.00102354107040938,0.004190887321600327,0.010539363248842878,0.002998207594568129,0.0013419256953768842,0.013004554554431363,0.00031387349937122357,0.0002563837611236027,0.004605386410078784,0.00031356733510936555,0.0008140848017635748,0.009398792967426465,0.000807435035382006,0.00018482493849819476,0.002962748449705026,0.0002646515092678145,0.006069272922617344,0.013609639413162108,0.0016176889701984692,0.0008985369228100401,0.026707670352528128,0.06591774662976228,0.0003544063218462362,0.0021043740364100907,0.04425544850879343,0.0004738721003830442,0.00016500858049228186,0.007042252447533712,0.0004610887119549538,0.0006488125455565256,0.00041866547936944055,0.0003631422326565672,0.0008717599658460129,0.062198556110040305,0.02800763705046949,0.007933517800714652,0.0001730835947189836,0.0008632866393222695,0.00044950149979026407,0.001173569213074914,0.0004932942595984475,0.0015465716708091882,0.000392630523844404,0.0012483934133926382,0.0004307343296509525,0.0003563104884239917,0.0050580044934623826,0.0020809349120579136,0.006165153907113229,0.004008954817895366,0.0006728660485226962,0.0010905832132559103,0.0025577020527613546,0.01609360949996199,0.002603634543172123,0.00020578189565323288,0.0008354059610340366,0.0678072637383826,0.00617303238657752,0.02336626741789769,0.0014261923082658256,0.0018014695269930098,0.09218657004010405,0.00023455876832692335,0.00021486902030626255
2023-02-20,0.0007769545695581752,0.03454962489283818,0.00040711571662027044,0.001144996555737811,0.00034756127328068343,0.003656721848197823,0.0003613013990286458,0.0014546373764731846,0.018835537213633888,0.0006152168651714064,0.002897632395235931,0.00036746813430984534,0.0008294626167561019,0.0003236431495704084,0.0028745149131539052,0.011180283984249617,0.0002482467061309853,0.000389583517747712,0.00047488673734569556,0.0008712663152114566,0.0005803356214302264,0.0002399864515671023,0.0003137321256861922,0.0038414273657199132,0.00044342220282185356,0.00023087270533252895,0.0002709986105294656,0.00016149561257725617,0.015378760814016299,0.0009759259635250413,0.0002227937589539452,0.0008322255371561195,0.02956571259435561,0.00025229538276541445,0.0007994677967407639,0.0010654135914777293,0.004255364518300665,0.010840289070025813,0.002907108768080262,0.0013434064460963978,0.01239533594968432,0.00034705473873255236,0.000232640160394745,0.0045823145078226985,0.00025970693734857626,0.0008855127897830291,0.009560184038873279,0.0008461182718213162,0.00019842853247537483,0.0029212104240690733,0.00026605102080246143,0.006103101585507101,0.013458921022980465,0.0015996713676238315,0.0008688534533735977,0.02864604233741796,0.06970051003398878,0.00034258266416909046,0.002126446283031444,0.04605857094065956,0.00045943030803560054,0.0001417199489374901,0.007182833732573455,0.0005413313993931707,0.0006143211957063644,0.0004490759408540297,0.000413173170724449,0.0009869452694615435,0.06441730984149313,0.02719887563383976,0.0077642035925030665,0.00016043498373167006,0.0009202007041081737,0.00047922747523498216,0.0013046846152554928,0.0005306502502653727,0.0015710725637640066,0.00038292682545927424,0.0012500825181129829,0.00042162779283681854,0.0003955461532020848,0.004870748674749448,0.002180387852727509,0.0064969821497307505,0.004110113810714557,0.0006340762132645823,0.0011089771436820133,0.0024866664324444563,0.015158893696221788,0.0024765839720364566,0.00023173681332658015,0.0008487771909956106,0.06864602868733063,0.006151816477320141,0.02493962295234253,0.0014666819073345415,0.0016934052117931857,0.09351583252650233,0.00021016243134414685,0.0002640756047688817
2023-02-27,0.0008665337001502066,0.03537811336891966,0.000456993030466581,0.0013271268726951961,0.00038371694189135916,0.003626860552448596,0.00036282900053916263,0.0016229836574928867,0.018708795252980113,0.0005721870677188566,0.0029178145682095488,0.00040457992085288024,0.0008563832124275637,0.00033496091382590734,0.002928909631240875,0.011287273318659611,0.00025874019081071725,0.00039265458142842514,0.00046904453890233433,0.0009555734570388177,0.0005721791754385555,0.0002457677193100142,0.0002798228871749867,0.003909017743383369,0.00044244228856411176,0.00027485147708779657,0.0002728601596076049,0.00018198330857951322,0.015549550313485714,0.0009763988945133643,0.00025247584942277886,0.0008805131409697839,0.030425599016532523,0.00024136838370046016,0.0008326448191174894,0.0010776357779713735,0.004341199763083194,0.011079397639798254,0.003086500163069398,0.0015079021455531418,0.013266803948164657,0.0002795603514976197,0.00025887855691487043,0.004761243196300694,0.00029608587857899354,0.0008303356217839052,0.009795980852166028,0.000857626245091867,0.00023950995659358375,0.002961092397840823,0.00030020898483071486,0.0063000608800841355,0.013787103871534196,0.0016150977681886798,0.0008511387160433204,0.02864550839725433,0.06858752910836295,0.00035511930016663936,0.002323432230386259,0.04717393866602353,0.0005294140805228462,0.0001777257357837629,0.007408098290137873,0.00044194077631709024,0.0006474097220172594,0.000480326313926871,0.00041471109906813527,0.0009654708834009307,0.06425558028368529,0.028742693410272486,0.007979371041119999,0.00017282481914299716,0.0008944233114824541,0.0004988817518306202,0.0011952012750192685,0.0005493729307426202,0.0016515451380826138,0.000371338278674144,0.0013223962685983827,0.00039646182873880666,0.0004148726134857722,0.005128261873097342,0.002160267335492976,0.006585218051659155,0.0044002765523497534,0.0007234924041178022,0.0011536513061080906,0.0027138643248005787,0.01631324165912128,0.002863989897185727,0.0002658110753658408,0.0008456171728782448,0.06961017583592127,0.006351604213411201,0.02487563468110881,0.0014424058639024256,0.0019270292095119445,0.09549248802668558,0.00023934944663265087,0.00024027096597279275
2023-03-06,0.000820164303532896,0.03493952597706129,0.00039947399280588786,0.0013139731792038152,0.0003222246216729756,0.003762729813734581,0.0003465158321999865,0.0016362191514156762,0.018808290890787116,0.0005590451352371147,0.0028176039885168805,0.00039986621545720717,0.0008989662162288303,0.00032211505741613585,0.0029547489485898036,0.011595084683346213,0.00030591302959071697,0.00038200865976249185,0.00043735881964762435,0.0008990810944867651,0.0005544301205600127,0.0002337211063077668,0.00027571608193508015,0.00358953024260439,0.0004511591718816917,0.00026771555329972046,0.0002869949640846219,0.00016194646364822831,0.016080112973747427,0.0009512550954789289,0.00022656597915282476,0.0008401684729405321,0.03066467243317886,0.0002645676934845115,0.0008469656390790618,0.0011282132441545352,0.004315141841419291,0.01078698571511208,0.0031640585788198883,0.001498328654645968,0.013435259269667673,0.0003040253770835195,0.0002904286207235363,0.004997198653602887,0.00030803129265577977,0.000873347592511702,0.010163143383104582,0.0008766166997639286,0.00019571352206279068,0.0027129801293416175,0.0002477618491624241,0.006590666194346009,0.01414479740088678,0.0016486935083827928,0.0009285944528191734,0.028411411383633567,0.07019834812459105,0.0003406140223720499,0.0022702240418500798,0.048279813176622687,0.0005106330440831816,0.0001582212499828587,0.007434252811562481,0.00047515299611850697,0.0007122519714315431,0.0004495735474448303,0.0004129772718086201,0.0009836688131545726,0.06482576731233781,0.028949944711263526,0.008046804904973384,0.00018542123234382697,0.0008912055706363083,0.00046575827223025666,0.001154883998247085,0.0005320090039868501,0.0015857043347455592,0.00037305747968784944,0.001322818356849595,0.00045883274827033475,0.0003829967791632931,0.005096062570609967,0.002182107174124303,0.006458193751096552,0.0041522020917403035,0.0006988581931704779,0.0010547917916575653,0.0028601926972962686,0.016588431082383354,0.0027422130399804524,0.00025278949412760516,0.0009258927624410657,0.07059708431126159,0.006651454166411492,0.024566768694240942,0.0014289281744149672,0.0019312442833767354,0.09448879634846681,0.0002230689893978429,0.00023269251977362586
2023-03-13,0.0008459850645100957,0.03720071257190507,0.0004402905955799424,0.0014420010243642173,0.0003724877163710916,0.0040278809564925884,0.0003755715770800788,0.001773591711627526,0.019411943854398917,0.0006334336150334992,0.0031206159246207096,0.0004827459342949397,0.0009213929742792283,0.00035009671098675725,0.003089471064515231,0.012443584485589751,0.00031412521979250777,0.00037420675893515834,0.0005351829806268606,0.0010248548009470012,0.0005383998251567625,0.0002747634035067296,0.0003106079482747803,0.003765341963982508,0.0004923522077361662,0.00030200890931033226,0.00029963331208133527,0.0001841834002473962,0.016772743580444508,0.0011223376666705555,0.00024294465056334095,0.000868654857914568,0.03157215108038228,0.0002425470651000146,0.0008303029264632877,0.001147340486337084,0.004499738206589958,0.011670394282452796,0.003475069358462068,0.0015830586000023113,0.014566478624928544,0.0002885408947323713,0.00027977617411514616,0.0052777189682156975,0.0003380642720629349,0.0009068476881994159,0.010276555078100163,0.0008910150944033183,0.0002687067362827896,0.002810775100883907,0.0002673172409532788,0.007008631276927137,0.01495558555251619,0.0017219815785463881,0.0009523020585821397,0.03049781183492986,0.07185604609232074,0.0003849764064523099,0.0024187441653109225,0.05018757793745654,0.0005271550363690333,0.00020453549764194563,0.007777030436558114,0.0004983921743944677,0.0007266833151095616,0.0004452907735475347,0.0004670933348393825,0.0010413409061300687,0.06845439099048593,0.03085477355408768,0.008224198051460635,0.00019547434579431325,0.0009583592125259616,0.0005786695132900106,0.001201366802429842,0.000622136698164552,0.001621016473495364,0.00039371446336827076,0.001375750427017642,0.0004475833233707862,0.0004761942724858677,0.005275448901618051,0.0023853651619443503,0.007026987397285151,0.004563324744757513,0.0007463252710948204,0.0011300743201639795,0.0029373888717383395,0.01779181509839013,0.0029820936867523693,0.0002586293592373864,0.0009013417242828371,0.07419247774813946,0.007192946742585211,0.026461451345510787,0.001591928176253019,0.0020692949214123693,0.10155787460385689,0.00024229833693517153,0.00024534640626232436
2023-03-20,0.0010170769660950564,0.038285818654499426,0.00045662038979767334,0.001492902002893198,0.00037933778038270067,0.004308679384905785,0.0003842370687236356,0.001831665013680474,0.020286184157910492,0.0006580045034503169,0.0032211985542850165,0.0004795127840299892,0.0009192613099809933,0.00034439168328340364,0.0031902680892937573,0.012553841098025783,0.00034879286004417694,0.0005019478758844923,0.0004636085412917166,0.0009821420601094759,0.0005404988655407516,0.0002922919277850501,0.00031348623426302426,0.003886418879423455,0.0005531124014974387,0.0003116792835357705,0.0003410864163701492,0.00018086196869502254,0.017102073681298954,0.0012622858937180702,0.0002320147210196754,0.0009691569394132989,0.03196736981107574,0.0003129517782346887,0.0008329737503379091,0.0011737202946151771,0.004486029613071058,0.012132515587779133,0.0037399938276821316,0.0016601975081274728,0.014936906286103054,0.00037627271438309096,0.00024254231466604148,0.005503885072298853,0.00027066091273643557,0.0008438480293937269,0.01066146535254117,0.0008544272675597508,0.000291747561514564,0.0029358088209732857,0.00026273742603481103,0.0076401916736731565,0.015064040245945523,0.0016604350402087467,0.0009096950898237128,0.03212806744951953,0.07314581922200714,0.0004436979819466535,0.0024290225942901864,0.05277033424767074,0.0005206500304182832,0.00017685567209690364,0.008062346281536199,0.0005013803177371676,0.0006594542546079183,0.0004897200059692385,0.0005041602697093475,0.000989411259717626,0.07142656167605271,0.03152858011518422,0.008314846922853017,0.00018627960413056857,0.001006343173145152,0.0005498262331643329,0.0012270437807190924,0.0007568988684263534,0.0017509681409816832,0.00041765992883126106,0.0014792669040671863,0.00038599654861223273,0.000513716283406287,0.005084649245439773,0.0025165740002037816,0.00729140316340563,0.004767453394269671,0.0007347332448634121,0.0011083115996159017,0.003166974822497953,0.018061168512100097,0.003128752466271162,0.0002774808177579956,0.0009424786797256926,0.07709947049663932,0.007681866117759745,0.027735088115344225,0.0016376604601532072,0.0021309847366167162,0.10646088413278504,0.00023830112581866019,0.00030002496961987525
2023-03-27,0.0009638506904764281,0.039164764857291486,0.0004308153762067843,0.0016121415928089474,0.0003421734172872975,0.00441396248605443,0.0004105983629327045,0.0019936158464510184,0.02003745908033912,0.0006574387869101137,0.0032511513668401935,0.0005069166359909484,0.000948389553302295,0.00035665955400357435,0.0032383175916145305,0.01330994881496969,0.0003357173983773296,0.0004484476688072001,0.0005038200888663804,0.000990861816614453,0.00048685149419150223,0.00025330160876457536,0.0003300721866257781,0.0036190584577677383,0.0005198786450287003,0.0003067536084342579,0.00032262266599944776,0.000182931787445436,0.01808263255278389,0.001177343701299138,0.00022067705800917018,0.0008745659764332295,0.03327814362377399,0.00028556542560445657,0.0009110134466500492,0.0011729793045514919,0.004527920612761682,0.011706895821507394,0.0038188429996818436,0.0016613080409526386,0.015389763362088279,0.00034856526287901034,0.0003145643499180201,0.00576067893031291,0.0003434820691559791,0.000977102263421928,0.010968359803031003,0.0008495989938780534,0.00027139919168719625,0.0027631475210714595,0.0002725329816869017,0.008035575326105921,0.016006102906649743,0.001800521594334397,0.0011317048425305472,0.032345400364612524,0.07579979092630863,0.0004007736293701173,0.0024248537447298536,0.05375561666605973,0.0005221437876495823,0.00018484690358002622,0.008113304463708622,0.0005263027262674934,0.0007130762309541055,0.0004680204489890911,0.00047993698886800667,0.0010752636007551693,0.07336459502742218,0.03205391557217163,0.008508884742275662,0.00019741474888906605,0.0010608396884587857,0.0005972182085680733,0.001089968845060743,0.0006343172607598678,0.001674099945660302,0.0004625902721799242,0.0014884539304055296,0.0004750532562292246,0.000518766186066704,0.005468576826935683,0.002576481090736312,0.007315433325170341,0.0047935026593310245,0.0007310296438121617,0.001124643189857491,0.0034224492852216347,0.01876173238763228,0.003236160697309824,0.00029189876152825134,0.0009848089848908614,0.07914093564615791,0.008236610547086845,0.027917162613543885,0.0015911134589089773,0.0022762151258164573,0.10736022263994148,0.0002547770751544069,0.00027416854969692354
2023-04-03,0.000963625852412031,0.03920818839279017,0.00043565787138316874,0.0016289113910099356,0.000338696640552705,0.0044154920327640025,0.00038227796361607586,0.0020158829491381185,0.020274296720358166,0.0006769686162514946,0.0031832277018043822,0.0004886565092655923,0.0009766306517065204,0.00034009356893590986,0.003255851768265086,0.01358708904200128,0.00028138311442405623,0.00044947138221954405,0.00048236678240947924,0.0010553921753328579,0.0004114383325424626,0.00025108947841438517,0.000304410926561974,0.0032464744206397033,0.00050906658325424,0.00030811294547424613,0.0003243668411526632,0.00018821679356712377,0.01814400091600441,0.0011584630889314312,0.00023944421433935248,0.0008391752574179991,0.03303918278514001,0.00026435487405340155,0.0008820080870008024,0.0012361013877234587,0.004330202070512555,0.012143853631923867,0.003976483984332294,0.0016882746362364756,0.01577817042572401,0.0003505192181577736,0.000266066325508462,0.005785805990634689,0.0003129674041322337,0.0009395807316380669,0.01113269094718012,0.0008006370955774026,0.0002653545614422527,0.002442781469492273,0.0002712522230279997,0.008191124047339874,0.016278320372781586,0.0017280995307755302,0.0010505052491179357,0.032537325063466974,0.07633611712802935,0.00045626682912606656,0.0024822771428461153,0.05478314503643403,0.0005212562477691076,0.00020582305938804808,0.008116789702091176,0.0004897189140056395,0.0007203882569461678,0.0004543945951463585,0.00045544944519171083,0.0010875405457143226,0.07322122451161964,0.03266769032541145,0.008386470563421747,0.0002072712642438065,0.00105986932971661,0.000635285040009964,0.0010113602981675976,0.0006654979670891972,0.0015961697554338658,0.0003918712207745589,0.0014172876354522869,0.0004532810812135146,0.0005440473834257052,0.005168162513524774,0.0026274292625835627,0.007359597191129738,0.004842513913090579,0.000805025346546538,0.0010661187186875038,0.0034120836094558,0.019179794258965696,0.003192997697954542,0.00030399212291415287,0.0009594752651162803,0.08017066123058719,0.008361850475974248,0.02816565464551883,0.0016740119834561743,0.0023248570061016023,0.10831883703830562,0.00023226012031932176,0.00028692316277769043
2023-04-10,0.001021056506986572,0.04117969256009677,0.00042981542651989184,0.0017070461388244546,0.00035058597366832066,0.004661041430126842,0.00044248320791246245,0.002109465637233641,0.020779328795078655,0.0007528449111552255,0.003244442878791692,0.000486062028276045,0.0009685295480023488,0.0003346426691022933,0.0033635920935067088,0.01386467432465264,0.00035143059613139855,0.00047742682903643676,0.0004742885736203754,0.0010522172599538237,0.0004143161161857584,0.00028322675528500834,0.00032350172031915016,0.003114430282827566,0.0005335414754142851,0.0003596821137759144,0.0003372316455011635,0.00020751307636928578,0.018839552847694344,0.001222705543210958,0.00023573498811180234,0.0009127446037921928,0.033994599951486286,0.0003105918739530103,0.0008714650871497703,0.0013156470379977613,0.004451043664893321,0.012449286891357152,0.004151352885180226,0.0017426085492268692,0.016439205252928798,0.00039319405429498564,0.00030588579478883163,0.0059326036204716175,0.0003412672015360318,0.0009488705137808418,0.0114848431427161,0.0008020634369597411,0.00030327954045686025,0.002454590462182318,0.00026054887098554057,0.008745017644209003,0.016757576156061157,0.0017677806431841802,0.0011406616875660827,0.03301223754197919,0.07699919863840984,0.00040600481435581587,0.0025756757728404014,0.05684408920436557,0.0005339445860997729,0.0001591070116759892,0.008437866676252985,0.0005261131798769445,0.0007108052779717343,0.00046652628971480216,0.0004569988780271609,0.00108292680206054,0.07622935043616944,0.03362425938771997,0.008816468000544975,0.00021945168338950897,0.0010106354291359715,0.0006474878303527655,0.0009417760551235489,0.000659327721296686,0.001580649209969827,0.0004392015666308523,0.0015373649657371097,0.00044104795615363703,0.0005925546290964387,0.005424770025164119,0.0025635692338724808,0.007546379518768913,0.005053628346862633,0.0007963526309262462,0.0009934055086039647,0.003648835126638426,0.020039862777531246,0.0033832914764344814,0.0003101330192746052,0.0010376687795415473,0.08285726291641746,0.00891959623637772,0.02860729878955137,0.001791935889731161,0.0024058123304530315,0.11136410916740602,0.0002757332164662813,0.00029223510022031307
2023-04-17,0.0011241008915647622,0.04080362192525114,0.0004416758842505012,0.0017121898364557565,0.00035022978592627564,0.004633930358009859,0.0004155928637061865,0.002131789484542564,0.020302855080818777,0.000698514556407099,0.003234257724680829,0.000494987671556057,0.0009387234749973676,0.0003737350582863361,0.0033875480483523553,0.013746309895625478,0.0003599131135817596,0.00044464195445388443,0.0004948954734374071,0.0010501489939683981,0.000377671857779066,0.0002885709564335637,0.00035259288061930224,0.003025847496186909,0.0005765144850362648,0.00033015955740234315,0.00031547819211861464,0.00019750382428752327,0.018697959831156123,0.0012265200644515615,0.00022929684588337792,0.0009078220694736835,0.033595170050881216,0.00030468788474764233,0.0008768981365269462,0.0012820861079342921,0.0045578224606049765,0.011978924702633066,0.004098754206809674,0.0017645131935834493,0.016115536113687785,0.00033339469221322905,0.0003199231504856016,0.006017362676577674,0.000337869085934784,0.0009664877728461251,0.011327498846527374,0.00083244242416547,0.00030096519377054116,0.0023582795995663614,0.0002774019266223619,0.008534883936979883,0.016646921995070403,0.001761086795562949,0.00109218409782431,0.032836229803919016,0.07620746999862812,0.0004404190295379057,0.0025411279584583394,0.05614959128273378,0.0005094399734886873,0.00019716966192730612,0.00834022093392278,0.0004561705222558576,0.0007407456085697468,0.00051686298250271,0.0004431111734512007,0.0010771866541322657,0.0750909918713538,0.03339817850080794,0.008765290786332432,0.00019526094314802878,0.0009884654230315078,0.0006489172678256957,0.0009208844151540474,0.0006512510670225373,0.0016505650144017843,0.00041621135855317233,0.00152337774410934,0.00044074983799207655,0.0005804551758868689,0.005524894207345529,0.0025615658314196805,0.007251609701213191,0.005096082918876747,0.0008381002363241326,0.0009408549348427638,0.003686184109113615,0.019567290321323674,0.003470343922611675,0.00030835386234115143,0.0010305077873078215,0.08114581489233477,0.008734175664662055,0.02830633494733677,0.001578528956394459,0.0024712299363464103,0.10935556105069719,0.0002652089212027142,0.0002845396959325971
2023-04-24,0.0010556417339824373,0.041502034794298315,0.00042505848649479656,0.0016441864124800882,0.0003570512144470668,0.004705270704972562,0.000417432805316922,0.0020530884106424617,0.020517265759487178,0.0007243123708274896,0.0031975424514365815,0.0005161153498114938,0.0009958659709537934,0.00035012031803129714,0.0034394364338673077,0.013680371005343903,0.0003089254143496656,0.00048058039027006196,0.0004969449584899303,0.0010587497269277802,0.0003842941952894808,0.0002943184326650568,0.000322303287872987,0.003100306278407031,0.0005688984440538847,0.0003446270155417796,0.0003237335181313144,0.00021566008828298615,0.018474252727287078,0.0012182791631835887,0.000247041293474477,0.000957970633905582,0.0342569020511481,0.0003028447339822277,0.0008836614366468165,0.0012524029930584624,0.004505156608249733,0.012266036376052948,0.004097617069756752,0.0017883246247647798,0.016295071903616995,0.00033885381812842624,0.00031688527182632164,0.005930445850058686,0.0003388026400181228,0.0009288186428721384,0.011217518946377139,0.0008235385479733298,0.00027748460185262274,0.0023943065923722213,0.00027543363684401275,0.008438347602155121,0.01642548340384014,0.001741068376477553,0.0010987598499800268,0.03366127806606671,0.07737161738045999,0.0003970867858300835,0.002589878329666756,0.05662894516084254,0.0005539503606277998,0.00021134079283064247,0.008400053693961367,0.00046721736021469506,0.0007129669034396546,0.0005194791781670719,0.0004312157708842905,0.0011353038690431563,0.0759543386589297,0.033932398934319145,0.008917462215645825,0.0002274039216029078,0.0009997747295638242,0.0006643672563254325,0.0009721265379572988,0.0006910132051684844,0.0016219289319178156,0.00044848249170107953,0.001519646143230085,0.00047331629694704507,0.0005435006637698869,0.005464628013208264,0.0026542391493241924,0.007766992209889464,0.005192406490770509,0.0007696979403841665,0.0009648623715778782,0.0036216607815593256,0.019848460269094946,0.0034425734568395154,0.00031536790956768375,0.001055779505926136,0.08282606677220314,0.008557500989334483,0.029102650263957367,0.0016906702471755604,0.002416699992951642,0.11157825699349282,0.0002617638493838755,0.00034474759954415164
2023-05-01,0.0010504732070878338,0.04229593879664313,0.00043601352643727297,0.0016958205452944903,0.00035779460068843284,0.004686611086828285,0.00041674045275879625,0.002103244853600832,0.02086650501420758,0.0007094559521318885,0.0033314049635824548,0.0004978168101812811,0.0010031901247133529,0.0003700184268564242,0.003456716685818085,0.014042004367462533,0.0003652341444202488,0.0005142071918065856,0.00050881367435959,0.0009865239776003722,0.0003455408812226927,0.00032323625610003936,0.00034398133966043296,0.0030699978626952977,0.0005694497881284324,0.0003437920737924772,0.0003485761440958087,0.0002097848858567568,0.019056616761530882,0.001316997317520639,0.00022360261729320233,0.0009545131412335708,0.034622328982283006,0.0003283729498636176,0.0008907427294071238,0.0013312084135543845,0.004532659962262733,0.012304741392526677,0.004314762174230695,0.0017432293961454246,0.01613257184739842,0.00038796917369091674,0.0003070557443962323,0.006103315072994582,0.000329686429614867,0.000947855653918301,0.011434806438282326,0.0008035400668384649,0.0003153450839324903,0.0023405160943367454,0.00028240553881448224,0.008948442610550831,0.01683227687401471,0.001773502471887535,0.0011466286811099692,0.03444810202685172,0.07971576692953045,0.0004585850031038133,0.0026561014718265163,0.058601838257816306,0.00048486199608767236,0.00021118086786026843,0.008476468360582235,0.00045323795703520965,0.0006992911442966634,0.00047884029384283317,0.0004726172828629279,0.001177313134588177,0.0781863858065579,0.0336923601853117,0.008869069511080309,0.00021897067454756014,0.0010673247985005857,0.0006759909055842739,0.000966130456449328,0.0007201091133465226,0.0016413655299920128,0.0004100818803145624,0.0015640786675860782,0.00047877638848719184,0.0005961504146220814,0.005571654108614147,0.002780391741556862,0.007618328443426892,0.0052292250615474005,0.0008150241365526706,0.000999904885897739,0.003849411606595132,0.019520701418243244,0.00353960987691008,0.00030471514055934227,0.0010424163079175949,0.08295900907619636,0.009140958503095016,0.02971567547363906,0.001760343561537867,0.002426548762090858,0.11338474396750348,0.00025965800362828546,0.0003350357258687617
2023-05-08,0.0011842238926256365,0.04134727670218903,0.000410076652809795,0.001738757528413637,0.0003091770515057686,0.005055965556609467,0.00041221416938333293,0.0021415074250756274,0.020275218961088626,0.0006812461132048038,0.0035716919462746976,0.0005388531091227583,0.0009272340404709524,0.0003707230835339293,0.0033779374116568225,0.014098879918280556,0.00036852868206076016,0.0004909432669868743,0.0004863919853120006,0.0010780788906838256,0.00036064125768211895,0.0002875367270409633,0.00031563649225607694,0.002830299206674596,0.0005912777621489212,0.0003510934396610678,0.0003383367150951517,0.00019333581447736385,0.01906722042202478,0.0012664384019093259,0.00021544712962309718,0.0009575092153306356,0.034138234190871926,0.00033059740439199306,0.0008905523694553919,0.0013163125037202073,0.004676154929062171,0.012224321389471708,0.004126957411850955,0.001796631126281007,0.016126362225114387,0.0004135297283084513,0.0002974686072231265,0.006130856338959603,0.00031485366295917907,0.0009829587732126384,0.011182065181985843,0.0007447142144746388,0.00029879773002610007,0.0021823637469294225,0.0002482508838137149,0.008457333198397653,0.017015401435587184,0.0018102624732768981,0.0011370431012835275,0.034275381257567135,0.07649392816770245,0.0004334232751725886,0.002532497663854343,0.057183207102644615,0.0005120077411362125,0.00019626406198177754,0.008501483911894042,0.00045129992579447196,0.0007098873068700406,0.0004964738479253607,0.000414972691857494,0.001186313403542028,0.07735230818757262,0.033364883237173036,0.008809230091639858,0.0002137829600365434,0.0010390948394809352,0.0006549048992195117,0.0008852511972807258,0.0007133697598817932,0.00161675004371207,0.0004099613666784235,0.0017032848140153848,0.00039938822359479197,0.0005616713141534598,0.005567406285445416,0.0028474128173650607,0.007466522785492606,0.005101950763169551,0.0007980334146979657,0.0009386281498885839,0.003751538482940375,0.0194814172688524,0.003389480993285229,0.00031650223237156456,0.0010332367846657357,0.08248879774670174,0.008565783536508003,0.02945509049149369,0.0016607539604616703,0.0025342982568580174,0.11191087869160897,0.0002973765185683026,0.00036027646005973773
2023-05-15,0.0011835697797180432,0.042779454160064234,0.0004672950512229191,0.0017104950884456603,0.00038195416344620535,0.0049981387836295944,0.00042912652352155304,0.00215972772165023,0.02053209509770655,0.0007310609636922064,0.003524896772722129,0.0005664918412766868,0.0009593896830762421,0.00036822549449363757,0.0034504341530167924,0.014183918694433527,0.0003610823064632671,0.0005172158504881893,0.0005080935207854333,0.001097436632408904,0.0003686404398203328,0.00030927295654506844,0.00033083313725780733,0.0030008334535169415,0.0005976327699520514,0.00036788743856736326,0.0003487930732337067,0.00023098062674541906,0.019203180880495,0.0012371170321416032,0.0002081974661545842,0.0010021106078409265,0.03478076515512309,0.0003217949231738977,0.0008848222540399205,0.0013278390531693254,0.004627164981431316,0.012396549018175579,0.004171210429234703,0.0018929876557617197,0.016452810545249535,0.00042068428184188777,0.00029696101646854,0.006059280926090748,0.0003167945831155858,0.0009363055788005443,0.011454515273444614,0.0007832267268043699,0.0003037779224015002,0.002349937875667561,0.00024271510954908352,0.008619684003034705,0.017058592561558946,0.0017091903593748838,0.0011270858439042845,0.03513494852311389,0.07796742696223584,0.0004610655595853889,0.0026840196184123987,0.058686345548121834,0.0005121193704756292,0.00020071139351565014,0.008664096900200677,0.00048790624129026953,0.000677035051416924,0.0005265697060778665,0.00042147882242554887,0.0012422264408400204,0.07884592562313483,0.034022308891434955,0.009095753151653774,0.0002157038002181974,0.0010916646595110191,0.0006446939193555723,0.0009671094034869056,0.0007276945762232377,0.0017483528798449021,0.0004096362901963921,0.0017246167614602978,0.00041290401402655906,0.0005637147385291985,0.005699303492258167,0.002794082064648545,0.007711893367733834,0.005251350089217373,0.0007963326173257892,0.0008993017913575105,0.0037756496250917577,0.020020993668168938,0.003561183462691047,0.00030112425709302444,0.0010886238313663275,0.08362869491548205,0.008706665647773204,0.030164133369295604,0.0016976081449884203,0.002496895259177299,0.11473648360027436,0.00029870898813898547,0.00034642313665062994
2023-05-22,0.0011604071346116177,0.042720720412730624,0.0004282287438041498,0.0017769747583532018,0.0003233796746648466,0.0048890846633346426,0.0003960360846111667,0.0022154067279176034,0.020777160484999533,0.0007059319506012004,0.0034165034364022264,0.0005423345147901341,0.0009333652683520715,0.0003458081059557964,0.0035373008161775203,0.014194306668045458,0.0003337394929319006,0.0005419532385329719,0.0004710255588460188,0.0011381163467749527,0.00037183214956075067,0.0002708727941622775,0.00028549843474163995,0.003080330808313622,0.0005518812386974038,0.000403417000089334,0.00035999415834768163,0.0002055311313203653,0.019027945100028677,0.0012291759205886473,0.00019761175746004598,0.0010123893514374807,0.034783819806444606,0.0003289565268439959,0.0009395879122280868,0.0013054494992727663,0.004562295762313503,0.012619940777380954,0.004475624650703071,0.0019292978098401062,0.016160615919866086,0.0004253307920522552,0.00027664338751032724,0.006179028205719656,0.00037038697794315354,0.0009342343149793149,0.011237466568862348,0.0007389401913639579,0.0003121033858684085,0.002357202010574512,0.00026096988333141366,0.008720256566705251,0.01687697009660454,0.0017880823193161966,0.0010992831582058117,0.03481515267654455,0.07869151194723213,0.000498086259913928,0.002647402322344233,0.058845253153069266,0.0005233339989776767,0.0002139589740509233,0.008758935437361073,0.00046219174886844206,0.0006494137670499356,0.0004760925236498373,0.0004296948036020598,0.0011828613896869519,0.07865465759445252,0.03420447502722211,0.009135512074902036,0.00022297329311531014,0.001035846648222745,0.000683019717126303,0.0009765822692552244,0.000757892434426511,0.00179481083027886,0.00041172807334765324,0.0017631707458381548,0.0004304339816483662,0.0005818730248069703,0.005706910768656304,0.0029667580288564544,0.007639891278344577,0.0052986782746038096,0.0008409867259456105,0.0009579827307046108,0.0038049424234011192,0.01992026379551596,0.00364826692569909,0.00032346829848166374,0.0010653222943009183,0.08495248300265555,0.008832846425102008,0.02993477785281086,0.001717638867597429,0.0026069150909039706,0.11374883144453025,0.00026121320798785664,0.0003952272100710114
2023-05-29,0.0011021337180197486,0.04212635018181727,0.00043311222393310766,0.0017923336148167512,0.0003563227352577246,0.004850544459605839,0.0004165255060291255,0.002281356796173019,0.02001028415720504,0.0007031594484902006,0.0034947691660685673,0.0005909353667649265,0.0009607244990507556,0.00038914204930584384,0.003431383489978744,0.014247276176615021,0.00035430207993601215,0.000489314890891151,0.0005027213254987741,0.0011093343510649625,0.0003772378441070761,0.00031433448306800285,0.000315087181449937,0.002850189795719296,0.0005687478296425468,0.00037396566293417866,0.00037420643847523515,0.00020756279912561562,0.019164687890259213,0.001209172848472672,0.00018663732295597064,0.0009868999712568734,0.03536861900206307,0.00033952900043639526,0.0009049995109090732,0.0013274120129183426,0.004630846276774941,0.012370458152017252,0.004259196796379273,0.0018175282510246135,0.01665981032524106,0.0003888326690513625,0.00035934987785021333,0.0061122394127571264,0.00037328903681166717,0.0008876018039438595,0.011259844135762885,0.0007601912884687473,0.0002924217914736244,0.002249292148104697,0.000266404704260307,0.00855767992969452,0.01708261532414576,0.0017812735689648862,0.001170581885021571,0.03441266354434846,0.07899347419576287,0.00047515858641927517,0.002527873756782345,0.05890324301836912,0.0005372967892134969,0.0002354001448869275,0.008766090583394696,0.0004638757360233021,0.0006750970467814684,0.0004725461101814975,0.00040796610693782817,0.0012697424479394986,0.07888315132057729,0.034262332627179884,0.009193968025091355,0.00018167912213676952,0.0010553381807385071,0.0006985999190309241,0.000861530466156105,0.0006924035842469414,0.0017526296232473642,0.0004252666351370671,0.0018199032781358684,0.0004630550391296208,0.0005719313974920122,0.005822896521102259,0.0027963521635695067,0.007608666537845338,0.005280953355784776,0.0007789974977521077,0.0008904074329493317,0.003827811565480225,0.020339089154867065,0.003594618122491331,0.0003382707200567628,0.0010709107326664089,0.083981710342518,0.008701789227784836,0.02954732673236894,0.0016865745299843489,0.0026294994464658365,0.11400688066014522,0.0002782454333794602,0.00037035537357265046
2023-06-05,0.001160941332656104,0.042806800464047154,0.0004352696014948613,0.0018382082200806584,0.00032871721409598575,0.0049125295736653545,0.00041821283053823324,0.002302301834215749,0.02026350563478017,0.0006736862372739921,0.0035079133818229713,0.000559528952530703,0.0010033984736967506,0.000400616294110483,0.0036005672068864184,0.013993876407976457,0.00033448878981716564,0.0004931265789572068,0.0004845765289766017,0.0010954559460888396,0.0003134432141514138,0.0002902786904258862,0.00028839551635619754,0.0027349784204888337,0.0005654986459795268,0.0003640625599950627,0.00040195947376592007,0.00024292055117046966,0.01863553019867833,0.0012316585299999364,0.00022460012578969974,0.001008983253886883,0.034209472986420617,0.000336323007812174,0.0008669601165757108,0.0013540565715465642,0.0044639419239419125,0.012515767999090717,0.00434486727204095,0.0018947489417873169,0.016862424564252382,0.0004064747673130026,0.00030841436429708313,0.006206842006719957,0.00034135554558423084,0.0008884079859034865,0.011581709927000439,0.0007934601579203983,0.0003251534899305518,0.0022127172576466687,0.00025897810890889155,0.008443095643877333,0.016688442143996125,0.0017098356691061254,0.001137770804949854,0.035130105369758836,0.07775273517893697,0.0005187847940963622,0.002640822876329892,0.05882865129772117,0.0005562753794050433,0.00022702284224670547,0.008759273748806267,0.00044013607600968,0.0006501980207177504,0.0004959779672005196,0.00040559659378917,0.001097377277671783,0.0778632529884184,0.034837690038821145,0.008976950286019296,0.00020640412908599722,0.0010313175615393067,0.0006685341401870288,0.0008413165465972868,0.0007368681152782061,0.0017396820508824525,0.00040234790941657335,0.0017957363061697213,0.0003975534951952975,0.0005821148544683462,0.005687474859798805,0.0027565024815087596,0.007894519052830217,0.00535078013597284,0.0008013517270404168,0.0008597136323128706,0.003603161056697173,0.020483938412980966,0.0035695909219120234,0.0003181786495197621,0.0009740147630221209,0.08380034454672512,0.008520256636331072,0.030237302169118508,0.0017474069198993225,0.002702709496417092,0.11331507983932282,0.0002951235215038677,0.0003540220476200117
2023-06-12,0.001193719487269001,0.04227553913155348,0.00039639058569871174,0.0018213139003781386,0.00030189254674898837,0.0049500100826391545,0.0004038367027646657,0.002306042036361127,0.019973001634225263,0.000758000418239398,0.003511877312812858,0.0006046196889473934,0.0009578337232694371,0.0003757749306120843,0.0034221025422018435,0.014000182198210875,0.0003174914108858127,0.0005253880194303137,0.0004867917513626295,0.0012124748144167808,0.00033918557310457946,0.0002698782409294774,0.0002907495539070973,0.0026764300573567136,0.0005778714236321494,0.0003817974453830235,0.00038623637148983367,0.00023281218365784338,0.018780838378261576,0.0011562749263089478,0.0002093488677596791,0.0010038015797229354,0.034505940437662586,0.00031828312634649884,0.0009120779854326164,0.0013494531960854175,0.004584629014882069,0.012451594251379703,0.004461531806669155,0.001892908252135967,0.016403115106349536,0.0004094489632507245,0.0003311568594119212,0.006220738839593586,0.00037066019009221354,0.0008470810113197852,0.011421314439256173,0.0007774175495447456,0.00028183145837501396,0.002142362987306068,0.0002409615628853916,0.008511986950641747,0.016777117326034513,0.0016698368651934543,0.0011589037342419597,0.03522268947858763,0.0779705716993455,0.0004823438135301938,0.002584457925670478,0.05972920732439577,0.0005059100484622929,0.00022687012405792485,0.008668505401965666,0.0004756031398144654,0.000711051636116975,0.0004943527602576953,0.0003890342740758119,0.0011578998292940536,0.07825409110798848,0.03412408922829553,0.009311100376891302,0.00020656437258305708,0.0010360396621683383,0.0006487716699562944,0.0007730830880417977,0.0006922407793579209,0.0017270682967242944,0.00040904690548646276,0.0018092072592846664,0.0003979877277760988,0.0005395081095749648,0.0056585853724154195,0.0028623732829839072,0.0077180925280268394,0.005259852248037614,0.0007664718950438227,0.0009229619749099967,0.0038007058320672477,0.020048818389307846,0.0036505200557786113,0.00032871712285125225,0.0010670970404270848,0.08283821726139243,0.008568998615368995,0.030354291386851716,0.0017674236837355562,0.002696432305129379,0.11324929342235594,0.00032428711853417643,0.00036372288053059757
2023-06-19,0.0012684106696832158,0.0424062077351452,0.00044961592985296914,0.001746759842037381,0.0003363274896541496,0.004897102778452388,0.00039148085867784827,0.0022179695578611915,0.020131439435761542,0.0007114513755360993,0.0035733384516000587,0.0005526343114622694,0.0009337746822804094,0.0003830261260300623,0.0033610089355660196,0.013516961086589124,0.0003330640323125629,0.0005367216209875495,0.0005090267240192584,0.001187874720354259,0.00031778791913571723,0.0003027327368658183,0.00032366222162458447,0.00288950439986663,0.0005670225659418536,0.0003475801995962077,0.0003724684089850788,0.00023097997136562137,0.01850610762004542,0.0011786501873611742,0.00019770759203186996,0.0010651977869848015,0.03432475105530162,0.00030872352119541534,0.0008580983191479323,0.0013796439814695136,0.004524017306838074,0.012814949896941319,0.0042541079252753035,0.0018596161609834455,0.01657298314166322,0.00037123146287201087,0.0002857434155013905,0.005840397662790824,0.0003320067277472091,0.0008977146794470694,0.010572743980299986,0.0007535080873599199,0.0002629269449109158,0.00223830231417506,0.00027621781088278685,0.00822806461817684,0.016498417660345023,0.0016208006706670325,0.0011301679785766633,0.035567001274816275,0.07680603986856178,0.0005045980171749932,0.0027251822726322016,0.058389231113190214,0.0005387888951472733,0.0002097097030763411,0.008774013110710332,0.0004616670172033873,0.0006189731437183854,0.0004975840986146817,0.0003942382825418007,0.0011997848592583552,0.07708230842506003,0.03424047970559276,0.009197129206925756,0.00020085555736298877,0.0010763718677434659,0.0006734827107771368,0.000898641048276532,0.000666882167179738,0.0018293769359150878,0.00038661375839449733,0.0018597839229092731,0.0003784478885565872,0.0005600090170679264,0.0056531219317253285,0.0028994118564751887,0.007819284598654615,0.005454878018586461,0.0008104970816492806,0.0009629888475513521,0.00363811659496794,0.02020993884410556,0.003602352257187444,0.00031544847126821506,0.000999460187413552,0.08291028736005984,0.008269567600770144,0.03041349875123855,0.0016882148602700704,0.00264354740132308,0.11366137035816698,0.0002845934386032725,0.0003591985495537228
2023-06-26,0.001218800770185137,0.04310538520933067,0.0004449928367451671,0.0017768506869110052,0.0003176453544885615,0.004907464704366922,0.0003905010499657977,0.0022207827510716364,0.020417149964720143,0.0006836365974662738,0.0036019724217591365,0.0005735273417584334,0.0009048165839040655,0.0003834254085083645,0.003325556126746827,0.013998124860495651,0.00029303062729883723,0.0005018835917757441,0.000523311426087121,0.0011433612722245505,0.00040886405096144816,0.0002944359577008756,0.0003317517073526072,0.0031170825561296117,0.0005733548484702609,0.00037801587109192395,0.00038751100964100896,0.0002324706064045992,0.0189788676664879,0.0011323680967110818,0.00022619527858591982,0.0010999097476647405,0.03434281697292544,0.0003248844207473301,0.0008788447069899084,0.001404056774606158,0.004496492224482917,0.01274541062243614,0.004208682241677966,0.001952933985012755,0.01642780438793784,0.0004000866521877353,0.0002804147216677315,0.006231008173205135,0.00036101795519980146,0.0008876750557221335,0.011112799823751768,0.0008046659444592431,0.00030155897216032983,0.002472769709539116,0.0002626096251064718,0.008210972774120067,0.016846555270692617,0.0016756984861581354,0.00113530727723385,0.036356813880733696,0.07751354542336444,0.0004922999195798388,0.002725437700071037,0.05881965644634351,0.0005196226020476863,0.00023808322040727348,0.008924053987773583,0.0004660969644953518,0.000673940182207092,0.0005002219115085453,0.00039312766901213335,0.0012395297870106217,0.078267606805414,0.03421215894274539,0.009369151304810933,0.00023166630927176396,0.0010963859534601646,0.0006859942885162401,0.0009414199692750446,0.0006342507870552983,0.0018277167730889592,0.00042859923358750654,0.0018612062860839528,0.00038685569169899487,0.000582700901403439,0.005819951981599083,0.002986515015397038,0.00799521593680622,0.005467337581154029,0.000842480644379729,0.0009855916219781763,0.0036157783839987556,0.020176526568572068,0.003566290280794336,0.0003268064132963692,0.0009796248390221318,0.08357136461336964,0.00826084046299076,0.031076592502038862,0.0017631010395508292,0.0026228290833240635,0.11495194811188524,0.00028751187369685006,0.0003494938094746032
2023-07-03,0.001174114936959451,0.041810537273073,0.0004258405063814844,0.0016606726732998013,0.0003348648997892933,0.004637179591641478,0.0003892950102532437,0.0020851718489522924,0.01956863924757215,0.0007302802567342081,0.0034143075833058217,0.0005854388209312615,0.0009728545042361462,0.00038478862011647044,0.003424757858330148,0.01336082468489408,0.0003015855833091088,0.0004831989736293507,0.0005078054496271584,0.0011291083582043282,0.00038586862582722775,0.00033835967944181557,0.00032593125631973704,0.0028947255755655326,0.0005379299235743643,0.000390936945959541,0.0003620482962744787,0.00023677901100528856,0.018128007698796213,0.001132326571863508,0.0002201736812835646,0.0010403602931286053,0.034015923887163624,0.0003206426487798109,0.0008704908131470855,0.0013104020617697241,0.004654240734939872,0.012094435856696461,0.004102453644008678,0.0018889326564154106,0.016248512963431352,0.0003504685788888549,0.00032493276326032587,0.006022859728953015,0.0003955628109710885,0.0007877325073991212,0.010897366373858316,0.0008325638991187193,0.0002779416710107934,0.0023192741298449665,0.0002514126138031289,0.007693273522084343,0.016035502188978857,0.0016465133745260255,0.0011330518224582178,0.0344533173664177,0.07522736524459202,0.0004789181226514737,0.002630434819361576,0.057620774772454614,0.0005849799574493168,0.00021756225316983877,0.00871344499200323,0.0004731248521309402,0.0006489773830905455,0.0004817362873435801,0.00037502470611007,0.00121108997138187,0.07534297759088479,0.0341698058903523,0.009370106791178836,0.00020490389796844335,0.001016528036308807,0.0006278270721866913,0.000875390002650382,0.0006649552383555146,0.0016879186999803346,0.0004129769017884824,0.0017991062702310602,0.0004265268440673085,0.0005582150276952119,0.005762816777406352,0.0027658188040557002,0.007831809598839556,0.005271231201051941,0.000752036529780811,0.0009072444488918048,0.0034213395729894938,0.019921088547608365,0.003494349409695981,0.0003096323591727761,0.0010369287619244872,0.08111986311309939,0.0077834041971578645,0.029506690979107332,0.0017276058191024624,0.002483147512728251,0.11152032283043328,0.00031096096954404096,0.000374002293481426
2023-07-10,0.0011306195527313594,0.04197742683176068,0.0004231895849263515,0.0016902972645684985,0.00032571427595977023,0.004743266124468833,0.000374501094993672,0.002114453854570716,0.019797653773628323,0.0006783797854466349,0.003478110075985872,0.0005560225914173607,0.0009500894949771499,0.0003755701447903715,0.0033579488424310866,0.013344478150713879,0.00028377806547099526,0.000519895033973379,0.0004976194744490351,0.0012303349188369501,0.000424777144226439,0.0003014310874102519,0.00029613452883618126,0.0032491706253896155,0.0005557874060272523,0.0003746180924635772,0.000337653501357596,0.00023739103049285975,0.018038926900057674,0.0010668338728504873,0.0002210572534542058,0.0011038941326622317,0.034216011590009386,0.00033410140775683243,0.000877518941542674,0.001293778175495682,0.004636972922869925,0.012527366039918872,0.00420485185830539,0.0018333606813671357,0.015947208303737123,0.00038664572966838964,0.00029572159225359207,0.005861670025791396,0.0003496254592225121,0.0008460780854093503,0.010879519461477498,0.0007901867036142364,0.0002924250356871294,0.0025685248891010965,0.00025802949614295653,0.007784898945340147,0.015965898364085768,0.00169661385558981,0.0010796770385830552,0.03461241868951523,0.075757243767201,0.0004656543090853892,0.0025557003988589265,0.058120599245956625,0.0005322722284329837,0.00021966298129379253,0.008949030962620941,0.00045921517529044943,0.0006134639838458513,0.00048131970385322176,0.00034240265796743017,0.0012367400597866902,0.07526602196973606,0.033707812665604305,0.009388475282009773,0.00021362219024601223,0.0010792532721794028,0.0006570001952041615,0.000955139800914588,0.0006539539089046667,0.001838323571725304,0.0004131376355286687,0.0018667799276140113,0.00036946479004939354,0.0005615581171227772,0.005837651392388231,0.002823018272916803,0.007944968991123383,0.0052578698642601175,0.0007936095960191557,0.001056105785777142,0.003499657600992202,0.01964871941546174,0.0035935895465433665,0.0003200478259699672,0.001020064868078764,0.08140241814842003,0.00783373809889154,0.02973377210749766,0.0017045986402325836,0.0025761822982191002,0.11321000210167033,0.00029172876643249586,0.0003872290588061909
2023-07-17,0.0011520258671729438,0.04335078804543209,0.00039897489723383396,0.00181297139839266,0.0002953481690071938,0.004866245730158686,0.00043842157567961307,0.0022875099673931396,0.020061219319122046,0.000712146306423087,0.0037072436071393837,0.0005650985648911198,0.0009643967162464638,0.0003914504374055557,0.003527868264837261,0.01394790380648969,0.0003254214830284166,0.0004918821119203176,0.0005184268983374398,0.0012653287435908365,0.00044427099698499307,0.0003262788900465924,0.00037674663003612235,0.0033514050792519236,0.0005657820715072707,0.0003871998432987248,0.0003700072823685958,0.00023112795325366326,0.01896718399997755,0.0011392984109868123,0.00024927171178565447,0.0010818381947777628,0.03454593624081829,0.0003614968684095739,0.0009024680082407191,0.0014628894921522044,0.004753020432231228,0.012577118151867794,0.00440583898603885,0.002006383139779609,0.01643166827344788,0.00039922772088156976,0.0002709215020870751,0.006269319159012217,0.00036062861061193026,0.0009419263295912207,0.011351242635793152,0.0008337191783913409,0.00028133834240012123,0.002626087059291066,0.00024339802716902186,0.008207585358622501,0.01687289939998601,0.0017235645454613522,0.0010691927366382004,0.03649858099445447,0.07820747467510951,0.0004557761399536651,0.002757748546295514,0.06005997228918883,0.0005350752815740569,0.0001946953050667574,0.009068223941748674,0.0004740037217341286,0.0006568609555087463,0.00042122388047666367,0.0004213374712868682,0.0011458497146641983,0.07795014429647326,0.034444081266496916,0.009514807678489813,0.00025594099449145785,0.0011014909464507386,0.0006710646485072985,0.0010446056723660614,0.0006685812210323176,0.001736783022279272,0.00042726439125045934,0.0017274511047393633,0.0003307061734243364,0.0005497285744262872,0.00584525542189214,0.0029395884516470547,0.00843580461415551,0.0054808839482241405,0.0009042626887685002,0.0011378139517972659,0.0035829727829753974,0.020272849940852808,0.0037362097747689897,0.00034588438294542366,0.0010188755343329672,0.08378375200212457,0.008358888622891684,0.03121502752260098,0.001759780286282027,0.00263367557426099,0.11784715482042246,0.0002926267552868961,0.00039172436611553636
2023-07-24,0.00118008107924327,0.04344296562151463,0.00041464818585211526,0.001774228536336504,0.0003211338902954544,0.0049104877310915205,0.0004461366502776308,0.002240426374682211,0.020099429495222088,0.0007278687894872161,0.003799621233004532,0.0005491433842133382,0.0009923314921646,0.0003958139381278877,0.003507510791103164,0.014070736203723802,0.0002853644336215436,0.0004572946306603276,0.0005325913617066743,0.0012382642963333376,0.00042571625650080874,0.0003271414931279063,0.00035560169000095057,0.0034296259227729487,0.0005994245444205527,0.0003536478522749427,0.00036303527554704064,0.0002585742067462035,0.018987906855633056,0.0012649967257538062,0.00023496933334799457,0.001118841973093704,0.03473626675026572,0.00028992124503733423,0.0009328589945967381,0.0013796931519212009,0.004783377745933794,0.012538179005727618,0.0039181945656326204,0.0019503059788018883,0.016751463821075615,0.000390138061020813,0.00029788938416120867,0.006061993185729914,0.0003467276468689507,0.0009355301868501316,0.01140885663970426,0.0008574394751280588,0.00027702558930085494,0.0026947192188001997,0.00024749761728858733,0.007635247992612357,0.01676813648749819,0.0016411244546661024,0.0011613452705089814,0.03598989134963663,0.07858947864224958,0.000476883632044997,0.002690750907553066,0.05944765709038714,0.0005400322652404401,0.0002287903119668279,0.009108149503969638,0.0005030849948918188,0.0006448227060168075,0.00044107854302435575,0.0004204092003677035,0.0012156494484548116,0.07842648660360442,0.0350077059732049,0.00951144819373591,0.00022251058057350584,0.0010780928245830467,0.0007216511068049884,0.0010327290124271498,0.0007374115153093412,0.0018368487021936486,0.00043622999680841375,0.0018344041754452783,0.00037918298655539954,0.0005257708596153198,0.006129274149328494,0.0029422978340856287,0.008069108893033583,0.0053626694125468695,0.0008463999505581279,0.0011565603243312563,0.0034785925625667766,0.020562178616128635,0.0035971847375546036,0.00028259609029297,0.0009561857859818041,0.0852697756940334,0.007768059068542432,0.03089137164147314,0.0017080508386116836,0.002663679398579095,0.11860551448403905,0.0003256304112410639,0.0003384372209925335
2023-07-31,0.0010553181518526025,0.04228889155181061,0.0004090906930805205,0.0017680099330076957,0.0003052989299064311,0.004709523428836366,0.0003718320821696186,0.002147649357317906,0.019439742155246117,0.000715070558653564,0.003469512295147341,0.0005276963555960433,0.0009459393981388572,0.0004114668293122365,0.003487243317898751,0.013547930987893529,0.000272016767734253,0.0005125166055823821,0.0004913221749982643,0.0011556722139221668,0.00043692399895055566,0.00035277650744736127,0.0003391854534783428,0.003471646264794382,0.0005495031082274769,0.000333253879891216,0.000393361917365801,0.00021310518103378093,0.018564139110584507,0.001184973001553101,0.00022971793808860777,0.0010636856269882749,0.034068412477538716,0.0002895989681460238,0.0008970249421813496,0.0013824876885981062,0.004734136014918243,0.01218133521587474,0.0040045210771961015,0.0019389693890009495,0.016271918945918843,0.0003491305503090355,0.0002944619594823572,0.006159156670374489,0.0003380087484369743,0.0008865253686493437,0.011523463036658434,0.0008450882135725192,0.0002497284007291908,0.0027343504224407837,0.00025775297059058667,0.0076438846339613575,0.016578537857325853,0.0017208632040941541,0.0011490201445393078,0.03518115302418712,0.0776993836213727,0.00045958010385632617,0.0027215147839792053,0.05863000325156218,0.0005313580969682671,0.0002503061738587527,0.009037716844062509,0.00044005832319840457,0.0006399985635769033,0.00045743162111278296,0.0004597190272978483,0.0010877250726380801,0.07626816558703851,0.03421634540696688,0.009374236748482222,0.0002066739843090956,0.001050826651618153,0.0006512730016011738,0.0009803382011320549,0.0007215356967171403,0.0018668271165062358,0.0003563999453269312,0.0016750337130296829,0.000401085257501007,0.0004955733427618404,0.0058748154421292735,0.0028794531704726947,0.008125689818662902,0.005216727101982728,0.0008938722586645343,0.0011762402066000006,0.003475712179649006,0.020153325423458723,0.0035683211056321564,0.00029770676143172926,0.0009881811694795197,0.08230593848100143,0.0077096105169028005,0.030144921118100992,0.001734509537309208,0.002594143542345226,0.11404006158055426,0.0002952856390811509,0.00039767441650842886
2023-08-07,0.0010763849870586912,0.042294727501134576,0.0004397998530861154,0.0016984548417499532,0.00034588980729417524,0.004759966322002139,0.0004323741912255925,0.0021331559342221288,0.019800175032507413,0.0006999590433530183,0.0034831699842138813,0.00060177899669577,0.0009844862004932495,0.00041036603373214263,0.003484583569357049,0.013445423380287059,0.0002708504234147213,0.0004843729810144571,0.0004818094545341555,0.0011923860351045453,0.0004715401108849053,0.00029773617362946307,0.000315254434150478,0.0034202163777487618,0.0005678307495343446,0.00034344889501103246,0.00036613169176350624,0.00023157970128603734,0.018395377985403995,0.0012336636036641277,0.00022830074403549247,0.001116355034226419,0.034814772015538384,0.0003488198907543131,0.0009349075947839048,0.0013255324756037941,0.00466937435938737,0.012133460120798472,0.0039002888785037533,0.0019345889193895694,0.01573471282341795,0.000386209536480751,0.0003043444145935083,0.005856549084174326,0.00036676970318984514,0.0009123392844584611,0.011618514455324037,0.0008456782252460706,0.00028590778017950684,0.00268109028819654,0.0002631351042411188,0.007463951095280691,0.016232041656905085,0.0017374423226645778,0.0010254040216969569,0.035325977067885546,0.07821860544030224,0.00046841823104462,0.0026068683312828883,0.05863037867813353,0.0005828021807235767,0.0002181741167683257,0.008916475413192565,0.00047830809008464725,0.0006893348518582513,0.0004928448674968351,0.0004061584412697261,0.0012132288843810476,0.07646663495827405,0.03370251458109509,0.009463553535147665,0.00022407227341217936,0.001030660033256923,0.0006924755624638737,0.0010469340358039965,0.0007067306128186275,0.001761985681150685,0.000426622190634704,0.001715313976808291,0.0004300220909162845,0.000515153850024955,0.0059464200860879874,0.0028571505130018057,0.008087128006078397,0.0052882600647179675,0.000865434749659516,0.0011154896312922684,0.0033029554671229334,0.019412981235687486,0.0033276246599194836,0.0002818354061532181,0.0009665647453622842,0.08152778273638919,0.007651692517386444,0.03027511151802338,0.001816116206516856,0.002552207629120956,0.11404966014011442,0.00028490129245039154,0.00038994567550513734
2023-08-14,0.0011264069303197866,0.04249992900875958,0.0004934749820458556,0.0016640906832487321,0.00037630800474217595,0.004697981746463013,0.0003720173977081611,0.002031659147441511,0.019776364405137713,0.0007050720688602001,0.003532398004048019,0.0005698908620402398,0.001002736220812513,0.0004039918052581281,0.0035190707506234007,0.013355395014106078,0.0002642915886179193,0.0004952475740841905,0.0004693805460603094,0.0011443059406885912,0.0004785016926450318,0.0003259476413714488,0.0003142707426935176,0.003409833136114061,0.0005769315908032404,0.000376043687878538,0.0003717396863536452,0.00023063416523835416,0.018271825201036113,0.0012004650973100248,0.00023619501086556604,0.0011016543749307606,0.033358100470975593,0.00028460333673605844,0.0009014380621202627,0.0014153888830894237,0.004564065378210285,0.012330088139775802,0.003866164245079925,0.001973433946598145,0.015998552733451146,0.0003758383718437246,0.0002959975474504216,0.006136043816484665,0.000315977958800013,0.0008390425146041659,0.011694423726792488,0.0008623970938459942,0.0002929713195972208,0.0027906722244196843,0.000305086320101783,0.007804079405842064,0.016227671636685596,0.0017048655806058293,0.0011355647610619354,0.0347112386921069,0.0761836679066155,0.0004784479661461478,0.0026960768323885023,0.05714353620766677,0.0005329375345779145,0.0001901565902116514,0.009045064955378506,0.00046210949624213673,0.0006426423350396182,0.0005138421838273238,0.00040821041610988754,0.0010055485196827515,0.07505642856183392,0.033616462713012336,0.009319519613054399,0.00020079491198152016,0.001093735049033393,0.0006166471730373183,0.0009641713783087043,0.0006833199380235828,0.0018170429469233534,0.0004031497871263074,0.0017214750605076539,0.0003717359315499619,0.0005169350515014287,0.005997489698297165,0.0026916864598116384,0.007958252881810615,0.005294349407669873,0.0008356194584896983,0.0010836496498809636,0.003378162909504123,0.01965569392983881,0.0034359074751609112,0.00029760441709523485,0.0009032763207344993,0.08149347519653438,0.007773857779072882,0.02987157083229466,0.0017826641238846913,0.002408630668080191,0.11282600629499923,0.00032660626548526096,0.00036587011428111313
2023-08-21,0.0010613006059491865,0.041966033410352606,0.00043492434774420414,0.0016771092521457654,0.00033509637401562674,0.0046295369386083465,0.0004127322345154782,0.002027840178479851,0.01988894211308484,0.0006653223282820981,0.0034779783455450393,0.0005483158000831598,0.0010233572912128417,0.000374674298256114,0.003388604239877262,0.01351896743199161,0.00030343416761471355,0.00046455663544982603,0.0004673994236187457,0.0011934138878265594,0.00045627818540014403,0.000307218338972088,0.0003483023061468456,0.003503830970678771,0.0005566578462600369,0.0003210483564576246,0.0003837363997039182,0.00023389594265351522,0.01864683173138731,0.0012936411373969752,0.000233612753464469,0.0010820943578721334,0.0339495075290061,0.0003150564012339266,0.0008997083621413046,0.001405997198769085,0.004681722111812902,0.012192471519395648,0.003947571827370084,0.001889099053541645,0.01647143655736539,0.00035266222275560455,0.0002948098999656475,0.005932784599820853,0.0003184932422517323,0.0009156273435762399,0.011747772536881283,0.0008388099882595172,0.00024022748079456684,0.002739932956501314,0.00025619414815111996,0.007473604827498131,0.016482839788777764,0.001747709099766934,0.0011215545752502356,0.034848195104676294,0.07662261733756459,0.00047624215941015157,0.0026327242591643457,0.05750538403075456,0.0005720570250551005,0.00019711022082993037,0.008848143635835238,0.0005038741426748074,0.0006739757491763397,0.0004613087366823111,0.00043219995148305497,0.0010201332097969883,0.07513838444245137,0.033966166636576325,0.009056978950795798,0.00018729543590667737,0.00107644005674496,0.0006112208824298308,0.0010476926184062045,0.0007579290506511992,0.0018355426769433802,0.00039066716904361475,0.0017171979402799606,0.0004083914565076362,0.00046713540381306256,0.005837256255199581,0.0028034915086724487,0.00828454340716147,0.0052173259081202345,0.0008141866976891006,0.0012065581768702358,0.003343355190699217,0.02022291306327305,0.003520031394190995,0.00027602021127921274,0.0009334478396240407,0.08255612443465686,0.007570772912576798,0.029943625752503263,0.001813427979526605,0.0024603903563863777,0.11518916631628406,0.00033512880322304983,0.00039445620729876946
2023-08-28,0.0009740681732638356,0.041754894542616876,0.0004357578356796001,0.0015851714591283122,0.00032764696412999883,0.004659668940054724,0.00041222501452570166,0.0019455857551395675,0.020087855442662565,0.0007102975858692007,0.0034995282009682334,0.0005504713642245811,0.0009622815843795381,0.000357530040345298,0.003328824393060188,0.014017159373600263,0.00029136075875670726,0.0004925434657175721,0.0005104105982674064,0.0011599502592404948,0.0005241764650688412,0.0003046865826435845,0.0003580504127241147,0.0037491792328608314,0.0005237241109906797,0.0003823452255005649,0.00035650953196126093,0.00022394484715715794,0.01930270208970769,0.0012957052410222491,0.0002351135369478359,0.0010866606496912658,0.035058440119587746,0.00031934187293006244,0.0009432134830682886,0.0014120166096111982,0.004881372237333749,0.01206051645944835,0.004078051967884153,0.0018777001977620337,0.01609200966133068,0.0003546258428967866,0.0002980563844584073,0.00611754195420273,0.00032717287961535704,0.0008774322589851426,0.011816524008307435,0.0008348867296577752,0.0002544683332348737,0.0029544625768754117,0.00027591303786720327,0.007954840988645052,0.0170362137308003,0.0018220646562907548,0.001145756113370346,0.03481573952056105,0.07849928636498373,0.0003918215322264312,0.00261547055544418,0.058615518555895176,0.0005426493155778186,0.000217789823990916,0.009148334731424408,0.00046877528600801355,0.0006761110926099697,0.000462805661173845,0.0004761669920046786,0.0010902545928747904,0.07723717932390864,0.033703685296139485,0.009317472205547472,0.00020599731592809144,0.0010802969405866965,0.0006304955410494018,0.0010398412420029644,0.0007486418792456148,0.001850554600450634,0.0004732442998296501,0.001709212255142032,0.00039088043348486896,0.0004934194329828866,0.005956985086347687,0.002829116072465291,0.008128775153713942,0.005281034474554917,0.0008712987585045508,0.0013024381073941523,0.0035238614333505747,0.01990884927168711,0.0036585956654059163,0.0003158974319367812,0.0009461172398958214,0.08441258110726009,0.008078454447475705,0.02965554595826628,0.0018139233220882734,0.0023369405144588033,0.11778662178948572,0.00034980243904470323,0.00038503871147185467
2023-09-04,0.0011057964388111563,0.04391619744824944,0.0004542670778526375,0.0016354453676969021,0.0003598338421093015,0.0047369029958825816,0.0004631841362204573,0.001965666444367977,0.020193671398664532,0.0007065454526299289,0.003660772555567491,0.0005587100868405463,0.001012587787262939,0.00038498733037358335,0.0036441750929164674,0.014277047603105759,0.00034011286742086826,0.0005069402433348157,0.00050891766627573,0.0011692359249355156,0.0005628825121506702,0.0003253161269865016,0.0003329380786967442,0.0038707454567681156,0.0006018607505925492,0.0003644133015755092,0.00037685982519887294,0.00022470310244790853,0.01949796198884094,0.0013885413491459358,0.00025358427968214805,0.001081471825415572,0.0358468275716851,0.00032686601971469514,0.0010184469057925864,0.0013929573134260419,0.00494233101832404,0.012063511672091048,0.004166536248201919,0.0020355793574515298,0.016502716758842424,0.0003708887965744638,0.00028426767162623493,0.006287819071216356,0.000351639016046707,0.0010345780541526602,0.012316824247966346,0.0009270282829134098,0.00026423488462474863,0.0030901720876667094,0.00026261918155652027,0.00824693336441346,0.017147811343780253,0.0018275256630691536,0.0011814742129275448,0.035718124764509786,0.08154289514590218,0.0004454620612402824,0.002632414804805662,0.0598916500936479,0.0005410684788392357,0.0002028727793120459,0.009140414029231821,0.0005105268114458417,0.0007443350063488524,0.00046610580107353083,0.00045123143618105044,0.0011557228177623711,0.07944579788528212,0.03478615206408526,0.0092841307368691,0.00023591689861053456,0.0010915654729580795,0.0006581093261492564,0.0011255159923415318,0.0007955109824954018,0.001848926148155081,0.0004037264283934812,0.0017050045511422067,0.00043137223431830723,0.0005159743209426825,0.00616231297075565,0.002934545805753864,0.008239847554720356,0.005337176144185611,0.0008641689312750514,0.0013882294055803368,0.0035694108205678674,0.02037127524630476,0.003682063937581301,0.00030788213590706153,0.001023682112681229,0.08653030734666828,0.00835447979403373,0.030596831866789707,0.0017743736016027501,0.0023644695132067376,0.11930625385215131,0.00035609247866154016,0.0003838773889450368
2023-09-11,0.0010683941801821887,0.04308897356367285,0.00044127996674589784,0.0017820722600635727,0.0003414215702866747,0.004761960746438467,0.00047810210194438067,0.002131787534636291,0.02006480841964044,0.0006699059105402014,0.0033863377734931538,0.0005431031309142173,0.0010087898513859838,0.000379696414362426,0.0035037529309233963,0.013775720800246596,0.00037393263551430665,0.0005039906165345259,0.0004836035322440947,0.0011587727436790137,0.000558653980765652,0.00032854889968413775,0.0003314603912487094,0.003962780873556628,0.0005476070847632156,0.000359064910721767,0.0004075861864946975,0.0002327571652413964,0.019068035230834345,0.0014086760259706997,0.0002267471050670181,0.001137729820556376,0.03562461413906937,0.0003640721414296935,0.0009491125398360851,0.0013899045678537523,0.004786075211800264,0.012054979812388055,0.00429866790528555,0.0019819187255700004,0.016691394270654754,0.00034958449918258975,0.0003278539622658764,0.006122541767064005,0.0003492974321843402,0.0009450725511045177,0.012245364701574581,0.000921018140639163,0.0003406223633814061,0.00309851763743893,0.00028533383467607373,0.008124177831412685,0.016874988751768894,0.0019413898688216348,0.0010957860838726335,0.03448522362937695,0.07970438502790012,0.0004865761961367675,0.002563306160053582,0.06020478231865513,0.0006004382904327226,0.0002158157812502244,0.009469424647367837,0.00039064246909623675,0.0007292876635208409,0.0004497110291927521,0.0004367318252495462,0.001118614215333563,0.07911749987783605,0.034902777642684714,0.009380664243706264,0.00020341554938793044,0.0010605925568147533,0.0005926292951329219,0.0010541617758921032,0.0008478547605794642,0.0018670872220233289,0.00047629139729967016,0.0017062638390363924,0.000441990556289604,0.0006029450124087961,0.006056559657887713,0.002839241583041518,0.007867044927256987,0.00541120724944942,0.0009359790806928469,0.0013689476169214993,0.003468841906592695,0.02045845526570332,0.0037073953012537984,0.000313165150117515,0.001000580704016753,0.08501683449191141,0.008303138732562837,0.029424448375770088,0.0018621597225819656,0.0025470765846053855,0.11715649928227484,0.0003274950629601517,0.00039305603693579543
2023-09-18,0.0009821408279151857,0.04306545430961895,0.0004815161686083388,0.0017345634340490816,0.00037821188002826883,0.0048042269444032,0.00046649307565214916,0.0021972303077580657,0.01957191427702016,0.0007088852754174484,0.0036649120317660687,0.0005558115296928857,0.000986804584640279,0.00036654303463582447,0.003512723309259798,0.013938452117034629,0.0003354482159143627,0.0004670793401396651,0.0005597986280936626,0.0011758353084675031,0.0005583798665782403,0.0003385111484892927,0.0003503844750472672,0.0039502332612798875,0.0005541057265490953,0.0003708672437991276,0.00038931452578035885,0.00020713774944835765,0.019173629456084734,0.0015459625149755185,0.00021133994790592975,0.0010278654876254571,0.036704646605017544,0.0003397674929103342,0.0009343266654300523,0.0014733114190810424,0.004915401143265312,0.011761015313969466,0.0042069190165333874,0.0019778256318205905,0.015918449119839636,0.0003896591448604242,0.00031422159139035514,0.006049308848716024,0.00034857056939066404,0.0010555663382225899,0.012736700262555247,0.0009148671372185421,0.0002970700844632555,0.003129971729979006,0.0002706110425874087,0.008421911124565962,0.017000975290275337,0.0019329372821977166,0.0011975292210346237,0.035126106649786965,0.08284243327896534,0.000419742336277039,0.0026884196263319343,0.06133745351623825,0.0005693800521403838,0.00018910965370735617,0.009328722095345502,0.00048659040305028614,0.0007371773673492285,0.000518141304756589,0.0005086065048992977,0.0011442743617684531,0.07973534058681107,0.03391911091927642,0.009268396441186263,0.0002264122303235571,0.0010563794571645736,0.0006589770275177122,0.001095461652274306,0.0009085966528769183,0.0018752554324789569,0.0004813549154044952,0.001724178793219225,0.0004193715086475494,0.0005325745128646002,0.005944307341851957,0.0028303511271258784,0.007938961037320062,0.005301599543858471,0.0008517501813469845,0.00136398347148794,0.003529057134130398,0.019605397591223973,0.003715623350495109,0.0003169435037586511,0.0009990011172600194,0.08455005704736646,0.008568284711354845,0.029841697658426487,0.0019152163975098137,0.0025958684293990618,0.11604242194310321,0.0003403728485539965,0.0003583311226839821
2023-09-25,0.0010365554984352828,0.04247988991535619,0.0005124880603588023,0.0014745566079841185,0.0003960765958056608,0.004707519169317125,0.00042613862691782105,0.0018218264350305254,0.020263220226506503,0.0007410972191819711,0.003650096237908942,0.0005084585903242762,0.0009760623905255257,0.00038619032843638943,0.0033516210839879997,0.013775970087360843,0.0003274699001192653,0.0004840599445475485,0.0005499021694676371,0.0011105954106508577,0.0004994557922351461,0.00032503821345466967,0.00032186103621814844,0.003786025504678337,0.000615790255306998,0.0003606534512138574,0.00035191441342330556,0.00020775970726826242,0.018991684954971742,0.0015566280267847211,0.00024343263819925795,0.0010524894383715537,0.035564242753262094,0.0003181733543308818,0.0009387134754569374,0.0014651608404976301,0.004780558203274744,0.012077767825270197,0.00417401763492452,0.0019458490061538243,0.015756381698899268,0.0003695341944844046,0.0002886336191318679,0.00608026679560444,0.00033053567649697456,0.0009743344915935047,0.012525798740228931,0.0008875023917974871,0.00034928643519596594,0.002943881981923486,0.00031507694868660927,0.008594314196241128,0.01687400590594145,0.0019061373476169687,0.001171841178643299,0.03470772100844579,0.07971295464396043,0.00042941484352326646,0.0025315403545498544,0.05905469686724163,0.0005563108131587778,0.00018470689883829985,0.009111123624938303,0.0005280094266753905,0.000705310097395082,0.0005167630387385436,0.0005151816803377048,0.001141363103111422,0.07758313444194426,0.03307050542196333,0.008861691106845404,0.00016682972775875534,0.0010912237914167998,0.000581672042457721,0.0010682941270184823,0.0009044325642647999,0.0017652777268152028,0.0004353146460313182,0.0016180285429178791,0.0004440949325589902,0.0005817754993415522,0.005685438368381798,0.002869702695331411,0.008054186731575989,0.005275172532996827,0.0009293448232079988,0.0013941307960388188,0.003615275370245259,0.019083859682267782,0.003624609642482277,0.0002972508694251436,0.0009732533443910883,0.08339166840421858,0.008640212990785953,0.029676267131143293,0.0019398597190335813,0.002227522449060411,0.11598234190541103,0.0003660790845978561,0.000353263482549418
2023-10-02,0.0009611297683666876,0.04138567195284405,0.00048544536663434597,0.001506446134300188,0.00039196120312716566,0.0043892231498507805,0.00042667382471352417,0.0017042292134233348,0.018630416740075487,0.0006436142071655009,0.0033556463333697874,0.0004584570365333824,0.000989498171094787,0.0003445701295678411,0.003292231815429549,0.013137378410954343,0.0003667280124278357,0.00045272988824665317,0.00048464539365344417,0.001112059441077569,0.0005639176767725646,0.0003066590189267464,0.00029989144728073024,0.00393373366381597,0.0005340255310848122,0.0003327944187833951,0.00032520581882016013,0.00021056772028181782,0.018286105013681556,0.0013496306453906664,0.00024335517963371128,0.0009917679416544451,0.035006652677524654,0.0002890252691446968,0.000938210950405196,0.0012791294784304866,0.004982166201702669,0.011057305604432615,0.003991246279706216,0.0018839373344362166,0.015033620688092766,0.0002941861770938474,0.0003103317039382412,0.005847592759403705,0.00032838560219035573,0.0009879697244290753,0.011684957346188754,0.000961954799710493,0.00027245708739534447,0.0030182366456569677,0.0002847768846724427,0.007925012638053983,0.01606212281431794,0.0019457799894280162,0.0012081402496236144,0.03260793395974937,0.07919814154178798,0.00041777248760504056,0.0024896764753036984,0.05605075562192375,0.0005280256850214018,0.00017581661407452221,0.008806964877760644,0.00047427636810524565,0.0007664403367937377,0.000465916805180328,0.00044866709930270953,0.0010465038475187644,0.07477243897313947,0.0326100323699019,0.009154143689934427,0.00022771599257965087,0.0010527953924602828,0.0006238026620830365,0.000996777968704592,0.0007831210284935297,0.0017483770695700292,0.0004193640473059487,0.0016186067883179078,0.0004965046309667059,0.0005339262481085991,0.005972888767846481,0.0026568950394975084,0.0073668081347656005,0.004984737939106263,0.0008259172499570057,0.0014391280518643117,0.0033781438873135986,0.01857827051562056,0.0034972817329645403,0.00027819765102393777,0.0010371063982278113,0.08070890684593855,0.008143136754976065,0.027945751828285664,0.0016647364564959292,0.0021271389018561,0.11056238680893044,0.00034793764709652446,0.0003077234442491302
2023-10-09,0.0009643020162179257,0.04280717391329365,0.0005059752221793173,0.00160989732235038,0.00040174846752076484,0.004572021572129845,0.0004906156929517009,0.002013436667206812,0.01895544769017948,0.0007041969819974035,0.003481199857648049,0.0005010053304517922,0.000972120154236565,0.0003459706227748401,0.0033519049462596307,0.013418820356484246,0.00038946537982253104,0.0004406307295930226,0.0005117309863714947,0.001042603651505788,0.0005243156720777423,0.00032102896400149755,0.00033225823682864566,0.003680435830416671,0.0005548864001169922,0.00033613393295901166,0.0003700099793907222,0.00017418187107805122,0.01884416478085961,0.0014631937452642143,0.00023162261993080627,0.0010113249893484834,0.0364353672625529,0.00031118059649662064,0.0009495835101894139,0.0014796508540152902,0.004802245244995634,0.011448352845095525,0.0041132813241919666,0.0018921596100973648,0.0156691308724624,0.0003663289375360516,0.00032131632567938796,0.006008178332662536,0.00032921922142494794,0.0010919041980773532,0.012826837111972505,0.0009516724251263865,0.00026907205397827256,0.002879950534418707,0.000302926434402658,0.008613883730923593,0.01658180102374144,0.0020248388128593087,0.0012257921899667976,0.03405175954485839,0.08308160256747135,0.00039239522831235527,0.002465861509447959,0.05922893541627511,0.0005838694232603018,0.0001897826680238442,0.009117706511935893,0.00044171981959570264,0.0007690744640591798,0.0005137101750382449,0.0005036111542247388,0.0010701411253944283,0.07836917010085914,0.03265183184816894,0.008750821613072743,0.00016509700240686028,0.0010681386613448768,0.0006360171692164446,0.0010226974108865942,0.0008027743904192226,0.0018681830605529028,0.00042314636789196554,0.0015899024616156674,0.00047643893591266023,0.0005349920913232384,0.005885743996151938,0.002751797520478643,0.007577936220867758,0.005170472454556457,0.0009166459426513119,0.0013368182701249676,0.0035486544379534106,0.01913863732435161,0.0037999862415910818,0.0003110645922028989,0.001051489404505374,0.08259862805595863,0.008799517796574369,0.028896560089739093,0.0017765521976764228,0.0023847441949872332,0.11228065919184427,0.00037434841958971447,0.00031773976506395337
2023-10-16,0.0008918392198054387,0.04053928867319685,0.0005252635328862297,0.001315279663313736,0.00040050174728361275,0.0041538670364908385,0.0003932501072593399,0.001608475227166663,0.017742375128426437,0.0006799778696778401,0.003327797005226939,0.0004529727894092263,0.0009411779198860779,0.00032282291510006447,0.003213560947582423,0.012551789590224365,0.00033255383685586984,0.0003967748749744639,0.0005187045529315788,0.0009615511504739438,0.0005076844558326984,0.00026795424253491006,0.00034264393767528324,0.0035447732789010075,0.0005318133115879529,0.00031461090694136283,0.0003237644177360278,0.00019155459025502273,0.01751711651631077,0.0013447430396014769,0.0002275937925224054,0.0009814725489340527,0.03368139391370169,0.0003038144472983346,0.0008610445372978009,0.0013850123640069616,0.004595340009441874,0.010541430952058603,0.003784019955593393,0.0018042570408296538,0.013723603236485693,0.00032854004334565367,0.0002842592188287841,0.005364918049834774,0.00033072161360924904,0.0010294561719133167,0.011574194461254857,0.0009117429810545007,0.00022965724659494488,0.0027527094691414595,0.00030855074181766875,0.007932110338223147,0.015492672501272285,0.0019354704510564913,0.0011574936042872113,0.03151624216608661,0.07756076792425763,0.0003838812344200486,0.0024021196013352007,0.05410088202058139,0.0005559590623830685,0.00014431323313913075,0.008212569256103665,0.0004638757110705385,0.0007257666373522041,0.0005109068578253947,0.0004326306352136651,0.0009217170666403735,0.07373608434784983,0.029505163029119,0.008082208288427366,0.00017208566627722744,0.0010224501399070393,0.0005624881697484958,0.000983115813321536,0.0007212498918266876,0.0016364671766257635,0.0004403312225077498,0.001454433515758786,0.00046139625459872913,0.00044343915113044096,0.005525385570672252,0.002662694687787362,0.0069878038032421775,0.004931414036322508,0.0007736460295632229,0.0012619812347726763,0.0032652309253003364,0.016761415443716354,0.003336684481549439,0.0002948546311759146,0.0009088358420972344,0.075933560592665,0.007972702983851472,0.026956370217718035,0.001736306671142435,0.001967553448957087,0.10257122939595567,0.00036462182388429166,0.00030047977183735784
2023-10-23,0.0008085845015723986,0.0391785816745642,0.0004954521294203572,0.0013697496886533437,0.0004040921639815562,0.004197136377483821,0.0004590166607208586,0.0016715769005301979,0.018082594521190293,0.0005738805127820395,0.003274284598555876,0.0004919009857614478,0.0009490367178211568,0.0003148010358239246,0.003084393997907029,0.012375926159397015,0.0003432307713094245,0.0003859856677187536,0.0005173179894170394,0.0010043422030804692,0.0005738106483569155,0.00023608227477899617,0.0002918705324222555,0.003759325815785875,0.0005186856870383445,0.00030877307728369483,0.000294362666654335,0.00017914506437886657,0.016956413088498053,0.0013582676730826717,0.00020751549371291747,0.0009200128918169202,0.034674327054175676,0.0002875270244811569,0.0009349187817508564,0.0012188342360578595,0.004619998941014727,0.01019698426171845,0.0037464770809447654,0.001725689401104013,0.013654525851311689,0.0003609388487045376,0.0002799408885703489,0.0054242038858164175,0.0003503390686371163,0.0010277109590741066,0.011721487259997797,0.0009160444038134117,0.00023977667617013462,0.002861359061731037,0.0002791053140703247,0.007767446934830695,0.014975346084425465,0.0020210358233866605,0.0011554288793627532,0.031071526885650916,0.07881961697595306,0.0003689029431531583,0.0021719391541077473,0.05410310103779946,0.0005965379663568732,0.00016285099411684486,0.008197116354047537,0.0005626933791865736,0.0008067526502801717,0.00048815060149358895,0.0004404973690502523,0.0009992170804751157,0.0728984361581739,0.029794362865919546,0.00835925865570396,0.00019939245917368787,0.0010183788089858687,0.000641196078512983,0.001079004272424984,0.000779696404538992,0.0015160873393908986,0.000428315686678841,0.0013776468407772201,0.0005735076080352116,0.0004666292417704016,0.0054708133467153705,0.002673875654775228,0.0068720911471812605,0.004510359520772061,0.0007542415048978355,0.0012751449861432172,0.0031549380730776446,0.016796167405480386,0.0032309776047790796,0.0002593843176086079,0.0009545361135334276,0.07593274595492593,0.008027481270884143,0.026532636608410015,0.001736861726232085,0.002033259622400747,0.10174333102596737,0.0003644470219483235,0.0003014241419175659
2023-10-30,0.0008323058769524519,0.038121999186653856,0.0004924396365733796,0.0012741394801124935,0.00040249129452218,0.003974534616471998,0.000459153895019323,0.00146758407753055,0.018161956164210687,0.0006115376872653139,0.0031764425379121296,0.00041055417381928474,0.000874595203907563,0.00035230435957553114,0.0029884238337566428,0.011829150203578472,0.00034679127721598145,0.00032910526486608875,0.0005294082362115629,0.0009017220695412576,0.0005373672599777861,0.00023257637778324226,0.00030148493397091626,0.003888349666557189,0.0005266358051118757,0.00028712498690073413,0.00030155999894013435,0.00019107981243966652,0.016569487577158367,0.001329019651380923,0.00021868488970078578,0.0009110952694927379,0.03329161044425698,0.00027105066966509974,0.000874244150422822,0.001237039947927249,0.004770012825124438,0.010188676859186242,0.0034684648924040128,0.001633728209775104,0.01324413391668159,0.00033877893602573335,0.0002833907969409632,0.0050021768196675635,0.00033728728976177,0.0010101046769209576,0.010911272901372445,0.0009193383892541502,0.00023888890352545295,0.0029998731883423926,0.00029033693965581554,0.007232085037696015,0.014621713990226127,0.001958405435958244,0.0011031976508346743,0.030032121550134155,0.07667025028611571,0.00036860338955449793,0.0020258076305342586,0.050685922072445704,0.0005565183397715593,0.0001573894262858279,0.008055564373166117,0.00046747931432662357,0.0007553681596357526,0.0004874361408827334,0.00042824483444501324,0.0009447426759431978,0.0693524486516969,0.029590502745490493,0.008645299358262715,0.00017961307966962836,0.0009385589443276553,0.0005429010078449976,0.0011443951931540861,0.000751867692356855,0.0015657931342643692,0.00043395345363978036,0.0014303107951697104,0.0005249066880521362,0.00046791683234601955,0.005722501862792462,0.0024365019599558112,0.0065794873260678136,0.004440171055628102,0.0008315883559087461,0.0013444722660910246,0.0029633982795350886,0.01624472315074713,0.0031383525327279187,0.00023308040335864516,0.0009214040443617581,0.07392177957627485,0.007453784965138141,0.025663155822599783,0.001584916364799597,0.0018293654137423773,0.09945106646477685,0.0003586231548223329,0.0002852978195576307
2023-11-06,0.0008274181390223867,0.03782719340166042,0.0005021382045122995,0.0013094154359427756,0.0003976492146275186,0.004018978222432979,0.0004412418183585557,0.0015980939825531422,0.01788770274969948,0.0005607169773868106,0.0032660309871897627,0.0004541038790920684,0.0008640784964410326,0.00035056400956188865,0.0029433312207079857,0.011500827414290328,0.00036383066980188924,0.0003642143034457741,0.0005309163031443254,0.00093728937764416,0.0005416169582551371,0.00022919609741339975,0.00028191900977660785,0.0036910218156832753,0.000508457456234785,0.00026371098100008673,0.00030684933483110576,0.00017446722738859556,0.016162346015477568,0.0013471120649629974,0.00020123511066506177,0.0008820234691194995,0.03358863533823757,0.0003094456527945018,0.000917473600027555,0.0012705909782757543,0.004610234953856054,0.010197050808488612,0.0036262722688820666,0.0016509146441591835,0.012940499221262725,0.00031466632515887396,0.00030012366891058395,0.005019820377133848,0.0003413949395407416,0.0010320262125568078,0.010817926517549311,0.0009129464590274598,0.0002297605778176379,0.002848340566773782,0.0003207423734864019,0.007530668168194386,0.014310802339549334,0.0019490973694195842,0.0010898456639425174,0.03083055090277936,0.07662949371874493,0.0003559068449175336,0.0021309699277368144,0.050779638314978906,0.0005132502652444417,0.0001543546203800788,0.007906809336771035,0.0004899393134486407,0.0008024596731821287,0.0005071719050759374,0.0004462645600195954,0.0009751944998196379,0.06916665955304405,0.028564829931775688,0.008100177958569122,0.00018471007770595998,0.0009526566310758373,0.0005425110755655316,0.0011172598848883666,0.0007545667658191935,0.0015967650645692425,0.00040073755743685413,0.0014326397272330128,0.0005427443737355044,0.000456091939506642,0.005563967234112021,0.0025435463635254956,0.006784279664835339,0.004523686120554518,0.0007737181932982043,0.0012706737518084414,0.0031168233328423417,0.015808561186503096,0.0030776071611593346,0.000285188762222285,0.0009481149877425231,0.07167924493532889,0.0076873363442087495,0.026307761771144706,0.001522506766847942,0.0019758682134202623,0.09717612952125589,0.00036209928101077634,0.0003032433756061713
2023-11-13,0.0008272156237198372,0.03595861001565908,0.0005407619112499854,0.0011669879499757395,0.0004344542269678212,0.0037656276202968912,0.0003897523492415858,0.0014196908461466026,0.016765629498164278,0.0005481525235652054,0.0031275780062863198,0.0004301623276459112,0.0008900370787476583,0.000325350120250779,0.002867915697562279,0.01067786278997123,0.0003444988464506314,0.00036174569623453114,0.0005189969950163657,0.0009013980138300074,0.0005008743355980868,0.00021808593573347968,0.0002695667051411549,0.0036394885579408252,0.0004942464014681632,0.00031947860045380993,0.00030472651592760295,0.0001801449290796786,0.014760165268327026,0.0011063691834269922,0.00019436026707640933,0.0008373173474156235,0.03180755092603547,0.0002663743808608426,0.0008863048280913768,0.0011642795959017134,0.0046292535561217535,0.010066383130078354,0.003262020143797378,0.001652289281661938,0.012587920072892517,0.0002980219909883739,0.00022581763719907935,0.004736074018030705,0.00030098203944520344,0.00098758463967475,0.010214324064619449,0.0008624590429596892,0.00024930498272973645,0.0027569442933458345,0.0002993099817016758,0.0068528357143887355,0.013029518272441629,0.0019341220529743575,0.0010065750062852724,0.028205879746212224,0.07258084327591488,0.0003623834097252053,0.002025780752972121,0.04715160570865499,0.0005399607835804442,0.00012816205146765183,0.0075015228443260215,0.00047004991891775954,0.0007316206970313536,0.0004591476906675281,0.00037067578422623104,0.0009350119417357694,0.06560620461848429,0.027927984665387914,0.007919634224614166,0.00014744899406889014,0.0009007407022540427,0.0005457791180041389,0.0010973233080361884,0.0006448845506373166,0.0015145389770761753,0.00042700646728859726,0.0013210020477725985,0.0004733426496137137,0.0004781362270672936,0.005223874840114499,0.002336384731039728,0.006241272871487113,0.0041871919690032264,0.0007501644391825002,0.001186024679595382,0.0026822582676953454,0.015327649256846782,0.002905888930718499,0.0002275176668188211,0.0008591287003385705,0.06761533720045598,0.006968507322958305,0.024265175796768342,0.0015813140902259815,0.0017521826538269298,0.09067663670749497,0.0003406994548550106,0.0002348642353741646
2023-11-20,0.0007589797260109851,0.034757036486585124,0.0004973196200649401,0.0010151988331708053,0.0003848298113536023,0.0034902455254518573,0.00038704545493405,0.0012998884543919476,0.01705076654249606,0.0005402163168358974,0.0030423040016705413,0.00042709132004491477,0.0008497281443200949,0.00033733717897967646,0.0028944608204006803,0.010748610581818991,0.000296611041982362,0.00027159506333876757,0.0005264178206274701,0.0008336019598078465,0.000559970197937634,0.00021394479172786711,0.00031199414450336984,0.0037540501760744797,0.00048364016856328217,0.0002932643925323586,0.0002981262419467929,0.0001815605521335729,0.014678084811076787,0.001120506261542125,0.00020166710882045755,0.0008515312488198639,0.03154386650326799,0.00025963587613534703,0.0008071384413226766,0.0011725833999844757,0.004594624135207128,0.00958071507367437,0.0029332462364483752,0.0014928038361751975,0.011952925293310141,0.0003133645398131251,0.0002635327480255333,0.0044112928716333,0.0003163895370534442,0.0009537417860835955,0.009655265465085175,0.0009130909217372354,0.00017537947244907227,0.00288997766415376,0.00032561632418141124,0.006055343619822564,0.01298030571568029,0.0018938795170997487,0.0010274335088180455,0.02760918682394092,0.07111177255887716,0.0003420932221177937,0.0019961050252189673,0.04628726634477506,0.0005605819145369631,0.0001294975895168049,0.007273670993364186,0.0004537204436715451,0.0007339832060189624,0.00047084922152743444,0.0004023419963648842,0.0009314109702260647,0.06396593784056973,0.02732610217292439,0.007977069036584815,0.00016774322118459897,0.0007984318632498328,0.0005045750633741736,0.0011761514349445659,0.0006661210226657896,0.0014943322771118995,0.0004219498545356092,0.001314014394157203,0.0004838675788926959,0.0003636094950867728,0.005262087931863856,0.0022756005792864114,0.0060908561951526045,0.00409261830957001,0.0007579066479148741,0.0011738811224521425,0.0023916638833904815,0.014658103323110325,0.0026779518105734274,0.00024137875119377964,0.0008516967434814692,0.0665993581141999,0.0062005010418921,0.02359737137204014,0.0014871640644137539,0.0016190167427581588,0.0877812764041967,0.0003555285409980757,0.0002577278244741941
2023-11-27,0.0006584552953278777,0.03434292767671436,0.0005155864218957052,0.0011531452232700506,0.000430171603504016,0.003470884300268814,0.00041905931053376445,0.0013977062778305763,0.017353685650493878,0.000508268033463296,0.0029446466247442103,0.0004254878407157295,0.0008133293449143403,0.00030213666801489394,0.0025453685237996323,0.010390634596692047,0.0003649084525724347,0.00032678417936091923,0.0004915008757076166,0.0008338051339949117,0.0005584469634770199,0.00020553632792318546,0.00023513499806403204,0.003810179190441143,0.00043121272305590854,0.00030634288902758677,0.0002542386944525712,0.00018810151010800277,0.014605599304074832,0.0010706429925801623,0.0001664074265872341,0.0008384154177018859,0.03159261524688459,0.0002795385907717804,0.000865595258840888,0.001084705659012585,0.00453384581556239,0.009800426089015858,0.0028766318754216043,0.0014931983525458886,0.011334466478279464,0.0003116151610229423,0.00025449656836581665,0.004240315275478361,0.0003044355886037707,0.0009156153821054126,0.009433792193268061,0.0008309508433522548,0.00020826162942342457,0.0028834439411093656,0.000285519502848444,0.006034973884022975,0.012846626508451888,0.0019094808716157922,0.0009195572911873543,0.02749139039524891,0.07124032910768002,0.0003246973417584338,0.002023437875139909,0.04490314212286489,0.0005337530071165132,0.00012310298108175903,0.007306076351239149,0.000432474537896066,0.0007192581135044676,0.0004539702620229129,0.0003641583866033529,0.000977433673955767,0.06287664786172664,0.025787815506000844,0.00800108321744022,0.00017860761543632634,0.0008539705248008884,0.0005179872129110503,0.0012082685694804118,0.0006147522583613759,0.0014786014459691995,0.0003846296412194594,0.0013183677430344501,0.0005356171936785679,0.00044920340821388594,0.005326418548841256,0.0022006054432059954,0.006104431940712337,0.0040168544010098905,0.0007180893880555179,0.0012225441147678412,0.00230766326513314,0.013957374088168367,0.002542371078404699,0.00022250840064064575,0.0008669616144107906,0.06509908931807436,0.0063303774349681985,0.023465305680775417,0.0015502762985151544,0.0017117954741828912,0.08857268342756054,0.0003332891887707533,0.00023720912859708274
2023-12-04,0.0006507421118183514,0.033058011508476384,0.0004549392501598021,0.0010761370502531742,0.00036809236095718893,0.0032434973533574754,0.0003925864244671447,0.0013745793933385463,0.01622542222586927,0.0004851081491276328,0.002954687708744925,0.0004025283490254574,0.0008757133356651671,0.00032829028243414884,0.0027020153002702487,0.010175242134908573,0.00027399267730772344,0.00026297968434943594,0.0005108066431238426,0.0007441551379016549,0.0005383860070654612,0.0001993226112568617,0.000240209212886648,0.003443095128963033,0.0004085910900863595,0.0002306286482216982,0.000289389275667879,0.0001614227649600356,0.01417475530964181,0.0009763539834691346,0.00019811927893329117,0.0007721358429268133,0.030947054663058894,0.0002827790686853512,0.0008597631184778847,0.0010983404035823038,0.004467934714144864,0.008959334054579514,0.0028337458500198565,0.0013414681516228902,0.010816226795191855,0.00032074313704141274,0.0002572818079519511,0.004086795447559589,0.0003574310321020416,0.0010351645820616479,0.009411079875517774,0.0008713596732983933,0.00015590756417830672,0.002638694398157182,0.00030486189995562984,0.005963659493080574,0.012576270509879708,0.001954647134920807,0.0009765273459961511,0.026213049076048208,0.07012926541376503,0.0003137877301131186,0.001834698922683421,0.04441041413474161,0.0005155915000887352,0.00014637166864667135,0.006919787603499894,0.0005090685761017682,0.0007895636729362034,0.0004205941489480806,0.0003570758218626924,0.0009806181236620922,0.06175417599433823,0.02521355150707362,0.007642495798585808,0.00016228686426454994,0.0007796403324661046,0.0004493878128800965,0.0010860520159737567,0.0005431065845241575,0.0014725173672538701,0.00039559824643730024,0.0012865354341873745,0.0005499779490642436,0.00036372068759656854,0.005192405646070446,0.0022755341322366275,0.005663904822525576,0.0038147190787116187,0.0006311683530870608,0.001087875955903215,0.0024092853073065645,0.013385571995774675,0.002547615515772547,0.0002256714675893805,0.0008429477168088208,0.06252882839011477,0.006116714442347154,0.022331169154910596,0.0014025264255716464,0.0017370118207345473,0.08196702240899395,0.0003168212452412921,0.0002237228982083725
2023-12-11,0.0006278268348917228,0.03197131927264383,0.0004525242528961584,0.0009413411365264251,0.00037914529359960915,0.00326410941969083,0.00038250179937041203,0.0012156217559695572,0.015759411499642013,0.0005305301780478297,0.0026341094217846948,0.000369477599265177,0.0007446314147783777,0.0003332113204905999,0.0025837200182929664,0.009285147685516089,0.0002537930748540237,0.0002571068032406732,0.0005178113690392206,0.000754166906126783,0.0005662376893492721,0.00018917965329877054,0.0002765316924876473,0.0037687528894577607,0.0004076239850980507,0.0002487939795381485,0.0002526740324966643,0.0001367691589342611,0.013171888434658439,0.0009328272111598079,0.00016959637308286288,0.0007093132659296539,0.02961495976804306,0.00025122034268075885,0.0007504519063928259,0.001031540688343349,0.004359140573231797,0.009056848950112203,0.002473127685163355,0.001314419240038444,0.010649625529723258,0.00028753241902646447,0.0002725401485597935,0.003643935728296589,0.00030734044107669656,0.0008624803715289567,0.008738006308064827,0.000832007602080344,0.00012971755022386238,0.0029140024785454435,0.00030227649625300725,0.005362127736739433,0.01178627204331343,0.00181775402219322,0.0008777265102530104,0.024575308052215403,0.06717866119568243,0.00028781591143769644,0.0017150127156896674,0.0406810213547103,0.0005928295832482232,0.00016468249679238106,0.006584752129738555,0.00044234979369989604,0.0006932137192604737,0.00045150592340443695,0.00032581161958411417,0.0009059058521151148,0.05873992112740124,0.024593659967371315,0.007704091695733423,0.0001330737837856875,0.0007938888806285323,0.00047417137810914925,0.0011865963125098624,0.0005000179329277923,0.0013915873542377807,0.000398324065561794,0.0011413151115832498,0.0005089572143740355,0.00025747529746899227,0.005276188406376493,0.002019737975934177,0.005483663579866612,0.003698618423377273,0.0007501822051384615,0.0011697382624442625,0.0022874616987962997,0.01308592861656012,0.0023172764551595702,0.00018994259643997604,0.0007470707995623603,0.06049469889395309,0.005583107089803291,0.02094106738005895,0.0014009129077619637,0.001555232569448446,0.08047003889555027,0.00034171968523245627,0.0002358195522627646
2023-12-18,0.0006248439664955086,0.032637207448803045,0.00046501754746722663,0.0008913785698522861,0.0003914520903185539,0.003074713158964965,0.0003524460541857517,0.0011518497659108373,0.01631035009253463,0.00048347293226205866,0.0027269743394027364,0.00035793420566305166,0.0008258526058859077,0.00028525264603210607,0.0027252964483480925,0.009529445637259994,0.00024236135074361549,0.00023652720277894074,0.00046871721105630433,0.000823599357805955,0.0005927768288616166,0.00018818378316285995,0.00023387945942854516,0.0037389599873210166,0.00039949358807884615,0.00024220991222563944,0.00023301256676094693,0.00014792187654640325,0.013163254536027284,0.0009203348872640058,0.00020667770839693757,0.0007510454840534129,0.029425002270535197,0.000231171529572953,0.0008524799109951127,0.0010713475062366108,0.0045723645267906066,0.008964516301398717,0.0024841983502377485,0.0014531913614422244,0.009867809190863346,0.0003202124834071251,0.0002549724357019777,0.0038190844382237055,0.0003466513926901635,0.0008632261288742421,0.008922891954589925,0.0008736125067857828,8.674714752918399e-05,0.002866521083852763,0.00029200848886134253,0.0050147965333499946,0.011547349892720594,0.0018221282164085331,0.0008251854376542691,0.02497730702091845,0.06835332470840254,0.0003091234727284601,0.0017951775513255033,0.04185235718096936,0.00048159224447589133,0.0001261200207145197,0.006742711966831481,0.00045748591550489064,0.0007312822080611704,0.0004506950601678961,0.000370230751240512,0.0008264783253550602,0.05852044831534542,0.024618358061918984,0.00770512441577283,0.00014002574161028398,0.0007762533291360525,0.0004688461681553942,0.0011919869815297814,0.000537536204032603,0.0015072579687709004,0.00035313333949826706,0.001158072282955016,0.0005396543208557891,0.0002671924318607018,0.005165839508289702,0.0020710635255943854,0.005421867762206921,0.0037647544164097825,0.0005949984508610038,0.0011026407851234812,0.0019954954822392545,0.012596472210096389,0.0022230752553308863,0.00019987531916118565,0.0007931375995131958,0.059907854452808745,0.005155937966671914,0.021295056931307368,0.001303696016943342,0.0015204582627792295,0.0795545072711581,0.00031441482480321537,0.0002164816597995025
2023-12-25,0.0005914576485221636,0.030885802717817337,0.0004301583150986643,0.0009373966639488667,0.00037324563683784756,0.002958055130761791,0.00037019972190658934,0.0011294729986155278,0.01580299846574384,0.0005293342844673689,0.0025724390451265,0.0003452984089437421,0.0008438134520020392,0.0002912513577624784,0.0024910458981653324,0.009464809771579631,0.0002641808827870787,0.00027008052880870615,0.0004680067687218941,0.0007603647277425077,0.000569680524453795,0.00017995604666590502,0.0002652387664052749,0.003738941360387121,0.00040545730306291983,0.00025961298644006477,0.00022394122005593654,0.000162717070695458,0.013055738591886412,0.0007947610796673082,0.00019318894181980718,0.0007421024522412077,0.028417963675784606,0.00022944434959929958,0.000819593915748498,0.0009342036256695382,0.004545561953278488,0.008851580242037825,0.002449324487506152,0.0012534127454828401,0.010290795841182815,0.0002672963655412185,0.0002878147951974239,0.0036941580878644474,0.0003167591196955155,0.0008564415563253806,0.008841191893521387,0.0008927546939900419,0.00011094975942497855,0.00287979409128025,0.0002709628085928512,0.0050237418977038505,0.011465154692705912,0.0018283566716113182,0.0008426958383840018,0.02423354240180027,0.06598594427825313,0.0002952557387296806,0.0017668764447784158,0.04069403265494808,0.0005070043808195814,0.00014403710386482474,0.00667133165326117,0.00044197818882726534,0.0007605872032130017,0.0004594178677192028,0.0003108870334884445,0.0008473584722437778,0.056434607372449076,0.024226284794974937,0.007704934178599404,0.00014759608724641374,0.0007460061583350352,0.0004337548909082761,0.0011894513341410924,0.0004494292791974584,0.0013989103976881287,0.0003478827014122511,0.001118691904844446,0.000488705914013566,0.00031786194691221,0.005184607245671075,0.0019160180511194435,0.005148200230545063,0.0035012978332114694,0.0005832382607701995,0.0011969688221849745,0.001982438352725429,0.01284464428923368,0.0023406572132321614,0.00023071100070178022,0.0007923038670136968,0.05875865910319486,0.005173865206197168,0.0208756989233593,0.0013844024616301094,0.0014140970737540504,0.07816271613493495,0.00031933545085794323,0.0001778127531914497
